type,position,sequence,speciesname,biosampleaccn
DR,1,GTTGTAATAGCCCCAGTTCAAAACTGGACCTTCCACAAC,Prevotella pectinovora,SAMN03284264
DR,2,GTTGTAATAGCCCCTCAAAATCGGACCTTCCACAAC,Prevotella pectinovora,SAMN03284264
DR,3,GTTGTAATAGTCCCTCAAAACCGGACCTTCCACAAC,Prevotella pectinovora,SAMN03284264
DR,4,GTTGTAATAGTCCCTCAAAACCGGACCTTCCACAAC,Prevotella pectinovora,SAMN03284264
DR,5,GTTGTAATAGCCCCTCAAAACTGGACCTTCCACAAC,Prevotella pectinovora,SAMN03284264
DR,6,GTTGTAATAGCCCCTCAAAACTGGACCTTCCACAAC,Prevotella pectinovora,SAMN03284264
DR,7,GTTGTAATAGCCCCTCAAAACTGGACCTTCCACAAC,Prevotella pectinovora,SAMN03284264
DR,8,GTTGTAATAGCCCCTCAAAACTGGACCTTCCACAAC,Prevotella pectinovora,SAMN03284264
DR,9,GTTGTAATAGTCCCTCAAAACCGGACCTTCCACAAC,Prevotella pectinovora,SAMN03284264
DR,10,GTTGTAATAGTCCCTCAAAACCGGACCTTCCACAAC,Prevotella pectinovora,SAMN03284264
DR,11,GTTGTAATAGTCCCTCAAAACCGGACCTTCCACAAC,Prevotella pectinovora,SAMN03284264
DR,12,GTTGTAATAGTCCCTCAAAACCGGACCTTCCACAAC,Prevotella pectinovora,SAMN03284264
DR,13,GTTGTAATAGCCCCTCAAAACCGGACCTTCCACAAC,Prevotella pectinovora,SAMN03284264
spacer,1,TCGTTTTGCCCGAGCCAATCAGCAGAAGC,Prevotella pectinovora,SAMN03284264
spacer,2,CCGTTCCGTCGTGGTATTTATAGTTATTCT,Prevotella pectinovora,SAMN03284264
spacer,3,AAGTACTAGCACAGAAGAGAATGTCATTTT,Prevotella pectinovora,SAMN03284264
spacer,4,GTATGCCATTTGCGATAAATCTCTCGGTG,Prevotella pectinovora,SAMN03284264
spacer,5,TTCTAATAACAATCATTAATCCTTAAAGCA,Prevotella pectinovora,SAMN03284264
spacer,6,TCACAATGGTTGTGGTATAGTGCAAGTCT,Prevotella pectinovora,SAMN03284264
spacer,7,TGTGGCAGACATCCTAAAAAAGCATGGTAT,Prevotella pectinovora,SAMN03284264
spacer,8,AAATAGGATAACATCTCCTTAAAAGAAAGT,Prevotella pectinovora,SAMN03284264
spacer,9,TATATCTTCATCGAAGTTAACGGTAATGCT,Prevotella pectinovora,SAMN03284264
spacer,10,CCTTGAGCAAGGCGTACCGATGAGATAGC,Prevotella pectinovora,SAMN03284264
spacer,11,CTCATACTTTTATGAAAAATATTTCAACTG,Prevotella pectinovora,SAMN03284264
spacer,12,GGGTATTCTTGAGCGTGAAAAAGTAAGGGA,Prevotella pectinovora,SAMN03284264
