,sequence_id,spacer_host,phage_id,pidenty,algn_length,mismatch,phagestart,phageend,phage_len,evalue,bitscore,phage_cg,phage_taxonomy,phage_completeness,phage_host,phage_lifestyle,phage_source,spacerhost,pident,phagelength,phagecg,phagetaxonomy,completeness,phagehost,lifestyle,phagesource
0,90cb118e-1e90-4f8b-a6ed-001ffefe81cb,,Station191_SUR_ALL_assembly_NODE_18_length_111890_cov_446.688988,,29,1,79302,79274,,0.000281,50.1,,,,,,,Flavobacterium columnare,96.552,111890.0,33.848422557869334,Caudovirales,Medium-quality,Cellulophaga baltica,virulent,GOV2
1,90cb118e-1e90-4f8b-a6ed-001ffefe81cb,,Station188_DCM_ALL_assembly_NODE_2728_length_22965_cov_7.986469,,29,1,22958,22930,,0.000281,50.1,,,,,,,Flavobacterium columnare,96.552,22965.0,29.97605051164816,Caudovirales,Low-quality,Clostridioides difficile,virulent,GOV2
2,90cb118e-1e90-4f8b-a6ed-001ffefe81cb,,Station194_SUR_ALL_assembly_NODE_5263_length_10389_cov_61.048771,,29,1,9788,9760,,0.000281,50.1,,,,,,,Flavobacterium columnare,96.552,10389.0,34.30551544903263,Caudovirales,Low-quality,Bacteroides xylanisolvens,virulent,GOV2
3,24494fc2-fa93-486a-b2c4-57a3d61c2fc6,,NC_041845.1,,30,0,37365,37336,,2.92e-07,60.0,,,,,,,Flavobacterium columnare,100.0,46450.0,29.82346609257266,Caudovirales,High-quality,Flavobacterium columnare,virulent,REFSEQ
4,b15a55af-a302-47b6-a46f-0b85d1ab8b60,,KM873719.2,,30,0,44383,44354,,2.92e-07,60.0,,,,,,,Flavobacterium columnare,100.0,47142.0,30.198124814390564,Caudovirales,High-quality,Campylobacter coli,virulent,GENBANK
5,b15a55af-a302-47b6-a46f-0b85d1ab8b60,,NC_027125.1,,30,0,44383,44354,,2.92e-07,60.0,,,,,,,Flavobacterium columnare,100.0,47142.0,30.198124814390564,Caudovirales,High-quality,Flavobacterium columnare,virulent,REFSEQ
6,b15a55af-a302-47b6-a46f-0b85d1ab8b60,,NC_041845.1,,30,0,45085,45056,,2.92e-07,60.0,,,,,,,Flavobacterium columnare,100.0,46450.0,29.82346609257266,Caudovirales,High-quality,Flavobacterium columnare,virulent,REFSEQ
7,d027431b-6693-4686-aacb-ef60403a57b9,,IMGVR_UViG_2639763162_000001|2639763162|2639848518|21614-75019,,29,0,37366,37338,,1.15e-06,58.0,,,,,,,Porphyromonas gingivalis,100.0,53406.0,49.39145414372917,Caudoviricetes,High-quality,Porphyromonas gulae,temperate,IMG_VR
8,d027431b-6693-4686-aacb-ef60403a57b9,,IMGVR_UViG_2855585092_000002|2855585092|2855585172|3283-47269,,29,0,32173,32145,,1.15e-06,58.0,,,,,,,Porphyromonas gingivalis,100.0,43987.0,50.48764407665901,Caudoviricetes,High-quality,Porphyromonas gingivalis,temperate,IMG_VR
9,d027431b-6693-4686-aacb-ef60403a57b9,,IMGVR_UViG_2846829876_000002|2846829876|2846829876|620851-664599,,29,0,31069,31041,,1.15e-06,58.0,,,,,,,Porphyromonas gingivalis,100.0,43749.0,50.54515531783584,Caudoviricetes,High-quality,Porphyromonas gingivalis,temperate,IMG_VR
10,d027431b-6693-4686-aacb-ef60403a57b9,,IMGVR_UViG_2846822444_000001|2846822444|2846822444|1411026-1458836,,29,0,16490,16518,,1.15e-06,58.0,,,,,,,Porphyromonas gingivalis,100.0,47811.0,50.235301499654895,Caudoviricetes,High-quality,Porphyromonas gingivalis,temperate,IMG_VR
11,d027431b-6693-4686-aacb-ef60403a57b9,,IMGVR_UViG_2571042235_000001|2571042235|2571059602|13605-56115,,29,0,30582,30554,,1.15e-06,58.0,,,,,,,Porphyromonas gingivalis,100.0,42511.0,50.859777469360864,Caudoviricetes,High-quality,Porphyromonas gingivalis,temperate,IMG_VR
12,71666a59-9213-4a4c-b026-364aad09ebaf,,IMGVR_UViG_2639763162_000001|2639763162|2639848518|21614-75019,,29,0,37366,37338,,1.15e-06,58.0,,,,,,,Porphyromonas gingivalis,100.0,53406.0,49.39145414372917,Caudoviricetes,High-quality,Porphyromonas gulae,temperate,IMG_VR
13,71666a59-9213-4a4c-b026-364aad09ebaf,,IMGVR_UViG_2855585092_000002|2855585092|2855585172|3283-47269,,29,0,32173,32145,,1.15e-06,58.0,,,,,,,Porphyromonas gingivalis,100.0,43987.0,50.48764407665901,Caudoviricetes,High-quality,Porphyromonas gingivalis,temperate,IMG_VR
14,71666a59-9213-4a4c-b026-364aad09ebaf,,IMGVR_UViG_2846829876_000002|2846829876|2846829876|620851-664599,,29,0,31069,31041,,1.15e-06,58.0,,,,,,,Porphyromonas gingivalis,100.0,43749.0,50.54515531783584,Caudoviricetes,High-quality,Porphyromonas gingivalis,temperate,IMG_VR
15,71666a59-9213-4a4c-b026-364aad09ebaf,,IMGVR_UViG_2846822444_000001|2846822444|2846822444|1411026-1458836,,29,0,16490,16518,,1.15e-06,58.0,,,,,,,Porphyromonas gingivalis,100.0,47811.0,50.235301499654895,Caudoviricetes,High-quality,Porphyromonas gingivalis,temperate,IMG_VR
16,71666a59-9213-4a4c-b026-364aad09ebaf,,IMGVR_UViG_2571042235_000001|2571042235|2571059602|13605-56115,,29,0,30582,30554,,1.15e-06,58.0,,,,,,,Porphyromonas gingivalis,100.0,42511.0,50.859777469360864,Caudoviricetes,High-quality,Porphyromonas gingivalis,temperate,IMG_VR
17,9e8a899d-030d-448f-ac62-a341dc3e1366,,IMGVR_UViG_2639763162_000001|2639763162|2639848518|21614-75019,,29,0,37366,37338,,1.15e-06,58.0,,,,,,,Porphyromonas gingivalis,100.0,53406.0,49.39145414372917,Caudoviricetes,High-quality,Porphyromonas gulae,temperate,IMG_VR
18,9e8a899d-030d-448f-ac62-a341dc3e1366,,IMGVR_UViG_2855585092_000002|2855585092|2855585172|3283-47269,,29,0,32173,32145,,1.15e-06,58.0,,,,,,,Porphyromonas gingivalis,100.0,43987.0,50.48764407665901,Caudoviricetes,High-quality,Porphyromonas gingivalis,temperate,IMG_VR
19,9e8a899d-030d-448f-ac62-a341dc3e1366,,IMGVR_UViG_2846829876_000002|2846829876|2846829876|620851-664599,,29,0,31069,31041,,1.15e-06,58.0,,,,,,,Porphyromonas gingivalis,100.0,43749.0,50.54515531783584,Caudoviricetes,High-quality,Porphyromonas gingivalis,temperate,IMG_VR
20,9e8a899d-030d-448f-ac62-a341dc3e1366,,IMGVR_UViG_2846822444_000001|2846822444|2846822444|1411026-1458836,,29,0,16490,16518,,1.15e-06,58.0,,,,,,,Porphyromonas gingivalis,100.0,47811.0,50.235301499654895,Caudoviricetes,High-quality,Porphyromonas gingivalis,temperate,IMG_VR
21,9e8a899d-030d-448f-ac62-a341dc3e1366,,IMGVR_UViG_2571042235_000001|2571042235|2571059602|13605-56115,,29,0,30582,30554,,1.15e-06,58.0,,,,,,,Porphyromonas gingivalis,100.0,42511.0,50.859777469360864,Caudoviricetes,High-quality,Porphyromonas gingivalis,temperate,IMG_VR
22,8a63a636-ac21-4e7b-92fd-e043f6638a85,,SAMEA2738073_b1_ct2_vs2,,30,0,16813,16784,,2.92e-07,60.0,,,,,,,Porphyromonas gingivalis,100.0,23250.0,52.79139784946236,Siphoviridae,Medium-quality,Porphyromonas,temperate,CHVD
23,e2609520-2a7b-4580-936b-6f8d7b5e872d,,SAMEA2738073_b1_ct2_vs2,,30,0,16813,16784,,2.92e-07,60.0,,,,,,,Porphyromonas gingivalis,100.0,23250.0,52.79139784946236,Siphoviridae,Medium-quality,Porphyromonas,temperate,CHVD
24,8c2b045b-f2d3-4140-b1bc-c2e30baeae97,,IMGVR_UViG_2846822444_000001|2846822444|2846822444|1411026-1458836,,30,1,23805,23834,,7.11e-05,52.0,,,,,,,Porphyromonas gingivalis,96.667,47811.0,50.235301499654895,Caudoviricetes,High-quality,Porphyromonas gingivalis,temperate,IMG_VR
25,5058f8d6-1d62-4af6-a748-8e524a0680b6,,TemPhD_cluster_59316,,30,0,2924,2895,,2.92e-07,60.0,,,,,,,Porphyromonas gingivalis,100.0,47858.0,48.44122194826361,Caudovirales,High-quality,Porphyromonas gingivalis,temperate,TEMPHD
26,5058f8d6-1d62-4af6-a748-8e524a0680b6,,TemPhD_cluster_26955,,30,0,2919,2890,,2.92e-07,60.0,,,,,,,Porphyromonas gingivalis,100.0,48785.0,48.87362918929999,Caudovirales,High-quality,Porphyromonas gulae,temperate,TEMPHD
27,f4e6f7af-b9f8-4d97-b97b-d40688e73ccb,,IMGVR_UViG_2855585092_000002|2855585092|2855585172|3283-47269,,30,0,23206,23177,,2.92e-07,60.0,,,,,,,Porphyromonas gingivalis,100.0,43987.0,50.48764407665901,Caudoviricetes,High-quality,Porphyromonas gingivalis,temperate,IMG_VR
28,f4e6f7af-b9f8-4d97-b97b-d40688e73ccb,,IMGVR_UViG_2846822444_000001|2846822444|2846822444|1411026-1458836,,30,0,25127,25156,,2.92e-07,60.0,,,,,,,Porphyromonas gingivalis,100.0,47811.0,50.235301499654895,Caudoviricetes,High-quality,Porphyromonas gingivalis,temperate,IMG_VR
29,f4e6f7af-b9f8-4d97-b97b-d40688e73ccb,,IMGVR_UViG_2571042235_000001|2571042235|2571059602|13605-56115,,30,0,21599,21570,,2.92e-07,60.0,,,,,,,Porphyromonas gingivalis,100.0,42511.0,50.859777469360864,Caudoviricetes,High-quality,Porphyromonas gingivalis,temperate,IMG_VR
30,f4e6f7af-b9f8-4d97-b97b-d40688e73ccb,,IMGVR_UViG_2639763162_000001|2639763162|2639848518|21614-75019,,30,1,28578,28549,,7.11e-05,52.0,,,,,,,Porphyromonas gingivalis,96.667,53406.0,49.39145414372917,Caudoviricetes,High-quality,Porphyromonas gulae,temperate,IMG_VR
31,f4e6f7af-b9f8-4d97-b97b-d40688e73ccb,,IMGVR_UViG_3300045988_183125|3300045988|Ga0495776_172817,,30,1,22709,22680,,7.11e-05,52.0,,,,,,,Porphyromonas gingivalis,96.667,43617.0,50.37943920948255,Caudoviricetes,High-quality,Porphyromonas,temperate,IMG_VR
32,f4e6f7af-b9f8-4d97-b97b-d40688e73ccb,,MGV-GENOME-0297903,,30,1,22709,22680,,7.11e-05,52.0,,,,,,,Porphyromonas gingivalis,96.667,43617.0,50.37943920948255,Caudovirales,High-quality,Burkholderia pseudomallei,temperate,MGV
33,c98777c1-26d3-482c-a183-5f2d85ac845f,,TemPhD_cluster_59316,,30,0,16412,16383,,2.92e-07,60.0,,,,,,,Porphyromonas gingivalis,100.0,47858.0,48.44122194826361,Caudovirales,High-quality,Porphyromonas gingivalis,temperate,TEMPHD
34,c813b8f2-2336-465a-b621-52dab0b5891b,,IMGVR_UViG_2858652038_000001|2858652038|2858652105|9513-66683,,30,0,28474,28445,,2.92e-07,60.0,,,,,,,Porphyromonas gingivalis,100.0,57171.0,51.34596211365903,Caudoviricetes,High-quality,Porphyromonas gingivalis,temperate,IMG_VR
35,c813b8f2-2336-465a-b621-52dab0b5891b,,IMGVR_UViG_2531839003_000001|2531839003|2531840682|878-52163,,30,0,24018,23989,,2.92e-07,60.0,,,,,,,Porphyromonas gingivalis,100.0,51286.0,52.12533634910111,Caudoviricetes,High-quality,Porphyromonas gingivalis,temperate,IMG_VR
36,c813b8f2-2336-465a-b621-52dab0b5891b,,SAMEA2738073_b1_ct2_vs2,,30,0,317,346,,2.92e-07,60.0,,,,,,,Porphyromonas gingivalis,100.0,23250.0,52.79139784946236,Siphoviridae,Medium-quality,Porphyromonas,temperate,CHVD
37,1a389215-b0f4-45d5-9897-e1fc57be24cd,,IMGVR_UViG_2858652038_000001|2858652038|2858652105|9513-66683,,30,0,51618,51647,,2.92e-07,60.0,,,,,,,Porphyromonas gingivalis,100.0,57171.0,51.34596211365903,Caudoviricetes,High-quality,Porphyromonas gingivalis,temperate,IMG_VR
38,1a389215-b0f4-45d5-9897-e1fc57be24cd,,IMGVR_UViG_2531839003_000001|2531839003|2531840682|878-52163,,30,0,46466,46495,,2.92e-07,60.0,,,,,,,Porphyromonas gingivalis,100.0,51286.0,52.12533634910111,Caudoviricetes,High-quality,Porphyromonas gingivalis,temperate,IMG_VR
39,3bc3a1bf-f025-4bc5-a723-5b4d5010139f,,MGV-GENOME-0272237,,30,0,25912,25941,,2.92e-07,60.0,,,,,,,Porphyromonas gingivalis,100.0,35387.0,48.2013168677763,Caudovirales,Medium-quality,Ruminiclostridium siraeum,temperate,MGV
40,314b12ae-f7e5-45c6-b5f9-934c186205ea,,SAMEA2738073_b1_ct2_vs2,,29,0,18418,18390,,1.15e-06,58.0,,,,,,,Porphyromonas gingivalis,100.0,23250.0,52.79139784946236,Siphoviridae,Medium-quality,Porphyromonas,temperate,CHVD
41,314b12ae-f7e5-45c6-b5f9-934c186205ea,,IMGVR_UViG_2531839003_000001|2531839003|2531840682|878-52163,,29,0,6222,6250,,1.15e-06,58.0,,,,,,,Porphyromonas gingivalis,100.0,51286.0,52.12533634910111,Caudoviricetes,High-quality,Porphyromonas gingivalis,temperate,IMG_VR
42,0188a804-ae2f-40fb-af97-a010572f5c64,,MGV-GENOME-0211214,,30,0,2636,2665,,2.92e-07,60.0,,,,,,,Porphyromonas gingivalis,100.0,29957.0,49.77801515505558,Caudovirales,Medium-quality,Bacteroides ovatus,virulent,MGV
43,d97cf21b-8cd8-4698-bd8c-3f4f5bc7de74,,IMGVR_UViG_2855585092_000002|2855585092|2855585172|3283-47269,,30,0,6409,6438,,2.92e-07,60.0,,,,,,,Porphyromonas gingivalis,100.0,43987.0,50.48764407665901,Caudoviricetes,High-quality,Porphyromonas gingivalis,temperate,IMG_VR
44,d97cf21b-8cd8-4698-bd8c-3f4f5bc7de74,,IMGVR_UViG_2846820306_000001|2846820306|2846820306|552118-592473,,30,0,5032,5061,,2.92e-07,60.0,,,,,,,Porphyromonas gingivalis,100.0,40356.0,50.44850827634056,Caudoviricetes,High-quality,Porphyromonas gingivalis,temperate,IMG_VR
45,6092fab9-d78f-497e-b6d6-8c6b6d31fe76,,IMGVR_UViG_2858652038_000001|2858652038|2858652105|9513-66683,,30,0,35292,35321,,2.92e-07,60.0,,,,,,,Porphyromonas gingivalis,100.0,57171.0,51.34596211365903,Caudoviricetes,High-quality,Porphyromonas gingivalis,temperate,IMG_VR
46,6092fab9-d78f-497e-b6d6-8c6b6d31fe76,,IMGVR_UViG_2531839003_000001|2531839003|2531840682|878-52163,,30,0,30168,30197,,2.92e-07,60.0,,,,,,,Porphyromonas gingivalis,100.0,51286.0,52.12533634910111,Caudoviricetes,High-quality,Porphyromonas gingivalis,temperate,IMG_VR
47,44188ada-8e0f-4359-aef2-c86c034c1920,,SAMEA2738073_b1_ct2_vs2,,30,1,15957,15928,,7.11e-05,52.0,,,,,,,Porphyromonas gingivalis,96.667,23250.0,52.79139784946236,Siphoviridae,Medium-quality,Porphyromonas,temperate,CHVD
48,29f07819-0f35-4df7-93df-d2581fdb0428,,MGV-GENOME-0211214,,30,1,13760,13789,,7.11e-05,52.0,,,,,,,Porphyromonas gingivalis,96.667,29957.0,49.77801515505558,Caudovirales,Medium-quality,Bacteroides ovatus,virulent,MGV
49,29b4d75e-eaa9-409c-89dd-a0d356b15885,,IMGVR_UViG_2858652038_000001|2858652038|2858652105|9513-66683,,30,0,53206,53235,,2.92e-07,60.0,,,,,,,Porphyromonas gingivalis,100.0,57171.0,51.34596211365903,Caudoviricetes,High-quality,Porphyromonas gingivalis,temperate,IMG_VR
50,564f2735-3b9a-475f-bebd-ae392bd1bd67,,IMGVR_UViG_2858652038_000001|2858652038|2858652105|9513-66683,,30,0,53206,53235,,2.92e-07,60.0,,,,,,,Porphyromonas gingivalis,100.0,57171.0,51.34596211365903,Caudoviricetes,High-quality,Porphyromonas gingivalis,temperate,IMG_VR
51,11390757-765c-4865-840f-dc8f9f152c3c,,MGV-GENOME-0211214,,30,1,10489,10518,,7.11e-05,52.0,,,,,,,Porphyromonas gingivalis,96.667,29957.0,49.77801515505558,Caudovirales,Medium-quality,Bacteroides ovatus,virulent,MGV
52,4e0a8873-2460-4f22-a22f-864aebf3bbe5,,IMGVR_UViG_2855585092_000002|2855585092|2855585172|3283-47269,,30,0,7319,7290,,2.92e-07,60.0,,,,,,,Porphyromonas gingivalis,100.0,43987.0,50.48764407665901,Caudoviricetes,High-quality,Porphyromonas gingivalis,temperate,IMG_VR
53,4e0a8873-2460-4f22-a22f-864aebf3bbe5,,IMGVR_UViG_2846829876_000002|2846829876|2846829876|620851-664599,,30,0,6093,6064,,2.92e-07,60.0,,,,,,,Porphyromonas gingivalis,100.0,43749.0,50.54515531783584,Caudoviricetes,High-quality,Porphyromonas gingivalis,temperate,IMG_VR
54,4e0a8873-2460-4f22-a22f-864aebf3bbe5,,IMGVR_UViG_2846820306_000001|2846820306|2846820306|552118-592473,,29,1,6096,6068,,0.000281,50.1,,,,,,,Porphyromonas gingivalis,96.552,40356.0,50.44850827634056,Caudoviricetes,High-quality,Porphyromonas gingivalis,temperate,IMG_VR
55,4e0a8873-2460-4f22-a22f-864aebf3bbe5,,IMGVR_UViG_3300045988_183125|3300045988|Ga0495776_172817,,29,1,7040,7012,,0.000281,50.1,,,,,,,Porphyromonas gingivalis,96.552,43617.0,50.37943920948255,Caudoviricetes,High-quality,Porphyromonas,temperate,IMG_VR
56,4e0a8873-2460-4f22-a22f-864aebf3bbe5,,MGV-GENOME-0297903,,29,1,7040,7012,,0.000281,50.1,,,,,,,Porphyromonas gingivalis,96.552,43617.0,50.37943920948255,Caudovirales,High-quality,Burkholderia pseudomallei,temperate,MGV
57,e4c82690-8335-4928-9662-55bc9a3e357d,,MGV-GENOME-0211214,,30,1,10489,10518,,7.11e-05,52.0,,,,,,,Porphyromonas gingivalis,96.667,29957.0,49.77801515505558,Caudovirales,Medium-quality,Bacteroides ovatus,virulent,MGV
58,b650297d-983c-432d-91f5-5b894d3f3177,,IMGVR_UViG_2600255045_000002|2600255045|2600278965|1087-49872,,29,1,9111,9083,,0.000281,50.1,,,,,,,Porphyromonas gingivalis,96.552,48786.0,49.91800926495306,Caudoviricetes,High-quality,Porphyromonas gingivalis,temperate,IMG_VR
59,b650297d-983c-432d-91f5-5b894d3f3177,,IMGVR_UViG_2846822444_000001|2846822444|2846822444|1411026-1458836,,29,1,7577,7549,,0.000281,50.1,,,,,,,Porphyromonas gingivalis,96.552,47811.0,50.235301499654895,Caudoviricetes,High-quality,Porphyromonas gingivalis,temperate,IMG_VR
60,b650297d-983c-432d-91f5-5b894d3f3177,,IMGVR_UViG_2855585092_000002|2855585092|2855585172|3283-47269,,29,1,40522,40550,,0.000281,50.1,,,,,,,Porphyromonas gingivalis,96.552,43987.0,50.48764407665901,Caudoviricetes,High-quality,Porphyromonas gingivalis,temperate,IMG_VR
61,b650297d-983c-432d-91f5-5b894d3f3177,,IMGVR_UViG_2846820306_000001|2846820306|2846820306|552118-592473,,29,1,36806,36834,,0.000281,50.1,,,,,,,Porphyromonas gingivalis,96.552,40356.0,50.44850827634056,Caudoviricetes,High-quality,Porphyromonas gingivalis,temperate,IMG_VR
62,b650297d-983c-432d-91f5-5b894d3f3177,,IMGVR_UViG_2571042235_000001|2571042235|2571059602|13605-56115,,29,1,39045,39073,,0.000281,50.1,,,,,,,Porphyromonas gingivalis,96.552,42511.0,50.859777469360864,Caudoviricetes,High-quality,Porphyromonas gingivalis,temperate,IMG_VR
63,b650297d-983c-432d-91f5-5b894d3f3177,,IMGVR_UViG_3300045988_183125|3300045988|Ga0495776_172817,,29,1,39973,40001,,0.000281,50.1,,,,,,,Porphyromonas gingivalis,96.552,43617.0,50.37943920948255,Caudoviricetes,High-quality,Porphyromonas,temperate,IMG_VR
64,b650297d-983c-432d-91f5-5b894d3f3177,,MGV-GENOME-0297903,,29,1,39973,40001,,0.000281,50.1,,,,,,,Porphyromonas gingivalis,96.552,43617.0,50.37943920948255,Caudovirales,High-quality,Burkholderia pseudomallei,temperate,MGV
65,0b70ab0d-352a-4d75-b512-0c88dc7ca3a7,,IMGVR_UViG_2531839003_000001|2531839003|2531840682|878-52163,,30,0,16847,16876,,2.92e-07,60.0,,,,,,,Porphyromonas gingivalis,100.0,51286.0,52.12533634910111,Caudoviricetes,High-quality,Porphyromonas gingivalis,temperate,IMG_VR
66,0b70ab0d-352a-4d75-b512-0c88dc7ca3a7,,IMGVR_UViG_2858652038_000001|2858652038|2858652105|9513-66683,,30,1,21303,21332,,7.11e-05,52.0,,,,,,,Porphyromonas gingivalis,96.667,57171.0,51.34596211365903,Caudoviricetes,High-quality,Porphyromonas gingivalis,temperate,IMG_VR
67,0b70ab0d-352a-4d75-b512-0c88dc7ca3a7,,SAMEA2738073_b1_ct2_vs2,,30,1,7485,7456,,7.11e-05,52.0,,,,,,,Porphyromonas gingivalis,96.667,23250.0,52.79139784946236,Siphoviridae,Medium-quality,Porphyromonas,temperate,CHVD
68,0ca3e880-9598-4e50-a5e2-9e1e7f6329c5,,IMGVR_UViG_2855585092_000002|2855585092|2855585172|3283-47269,,30,0,7319,7290,,2.92e-07,60.0,,,,,,,Porphyromonas gingivalis,100.0,43987.0,50.48764407665901,Caudoviricetes,High-quality,Porphyromonas gingivalis,temperate,IMG_VR
69,0ca3e880-9598-4e50-a5e2-9e1e7f6329c5,,IMGVR_UViG_2846829876_000002|2846829876|2846829876|620851-664599,,30,0,6093,6064,,2.92e-07,60.0,,,,,,,Porphyromonas gingivalis,100.0,43749.0,50.54515531783584,Caudoviricetes,High-quality,Porphyromonas gingivalis,temperate,IMG_VR
70,0ca3e880-9598-4e50-a5e2-9e1e7f6329c5,,IMGVR_UViG_2846820306_000001|2846820306|2846820306|552118-592473,,29,1,6096,6068,,0.000281,50.1,,,,,,,Porphyromonas gingivalis,96.552,40356.0,50.44850827634056,Caudoviricetes,High-quality,Porphyromonas gingivalis,temperate,IMG_VR
71,0ca3e880-9598-4e50-a5e2-9e1e7f6329c5,,IMGVR_UViG_3300045988_183125|3300045988|Ga0495776_172817,,29,1,7040,7012,,0.000281,50.1,,,,,,,Porphyromonas gingivalis,96.552,43617.0,50.37943920948255,Caudoviricetes,High-quality,Porphyromonas,temperate,IMG_VR
72,0ca3e880-9598-4e50-a5e2-9e1e7f6329c5,,MGV-GENOME-0297903,,29,1,7040,7012,,0.000281,50.1,,,,,,,Porphyromonas gingivalis,96.552,43617.0,50.37943920948255,Caudovirales,High-quality,Burkholderia pseudomallei,temperate,MGV
73,ace52e3b-761b-4c08-ab09-8ff858288ef4,,MGV-GENOME-0211214,,30,0,11593,11622,,2.92e-07,60.0,,,,,,,Porphyromonas gingivalis,100.0,29957.0,49.77801515505558,Caudovirales,Medium-quality,Bacteroides ovatus,virulent,MGV
74,ace52e3b-761b-4c08-ab09-8ff858288ef4,,MGV-GENOME-0272237,,30,0,1286,1315,,2.92e-07,60.0,,,,,,,Porphyromonas gingivalis,100.0,35387.0,48.2013168677763,Caudovirales,Medium-quality,Ruminiclostridium siraeum,temperate,MGV
75,b1669c45-5f82-461c-afcd-6569503a42b1,,IMGVR_UViG_2531839003_000001|2531839003|2531840682|878-52163,,30,0,7233,7262,,2.92e-07,60.0,,,,,,,Porphyromonas gingivalis,100.0,51286.0,52.12533634910111,Caudoviricetes,High-quality,Porphyromonas gingivalis,temperate,IMG_VR
76,6fdfde12-36d6-45ac-87a3-f1834c2674c1,,IMGVR_UViG_2858652038_000001|2858652038|2858652105|9513-66683,,30,0,8759,8788,,2.92e-07,60.0,,,,,,,Porphyromonas gingivalis,100.0,57171.0,51.34596211365903,Caudoviricetes,High-quality,Porphyromonas gingivalis,temperate,IMG_VR
77,cd78e6b1-eb91-468d-b51d-6abf64a67525,,MGV-GENOME-0211214,,30,1,11178,11207,,7.11e-05,52.0,,,,,,,Porphyromonas gingivalis,96.667,29957.0,49.77801515505558,Caudovirales,Medium-quality,Bacteroides ovatus,virulent,MGV
78,e6fa53c7-ae70-4835-8f0d-f91b2a9a82b0,,SAMEA2738166_b1_ct16_vs2,,30,0,6505,6476,,2.92e-07,60.0,,,,,,,Prevotella intermedia,100.0,57250.0,36.41222707423581,Siphoviridae,Complete,SR1,virulent,CHVD
79,fe4ac473-d4b5-42f2-b9c9-5a4844e3ad8d,,IMGVR_UViG_3300008136_000016|3300008136|Ga0113979_100153,,30,1,19486,19457,,7.11e-05,52.0,,,,,,,Prevotella intermedia,96.667,88132.0,31.452820768846728,Crassvirales,High-quality,Prevotella,virulent,IMG_VR
80,fe4ac473-d4b5-42f2-b9c9-5a4844e3ad8d,,IMGVR_UViG_3300007123_000001|3300007123|Ga0102684_100031,,30,1,4778,4749,,7.11e-05,52.0,,,,,,,Prevotella intermedia,96.667,88138.0,31.5369080305884,Crassvirales,Complete,Prevotella,virulent,IMG_VR
81,fe4ac473-d4b5-42f2-b9c9-5a4844e3ad8d,,IMGVR_UViG_3300006256_000001|3300006256|Ga0099352_1000048,,30,1,72680,72651,,7.11e-05,52.0,,,,,,,Prevotella intermedia,96.667,88096.0,31.514484199055577,Crassvirales,Complete,Prevotella,virulent,IMG_VR
82,7779d94b-f371-4173-a90b-4e0adc3748dc,,IMGVR_UViG_3300045988_063953|3300045988|Ga0495776_018376,,30,0,60097,60068,,2.92e-07,60.0,,,,,,,Prevotella intermedia,100.0,88215.0,31.16816867879612,Crassvirales,Complete,Prevotella,virulent,IMG_VR
83,7779d94b-f371-4173-a90b-4e0adc3748dc,,IMGVR_UViG_3300045988_062784|3300045988|Ga0495776_018944,,30,0,50002,49973,,2.92e-07,60.0,,,,,,,Prevotella intermedia,100.0,87799.0,31.309012631123363,Crassvirales,Complete,Prevotella,virulent,IMG_VR
84,7779d94b-f371-4173-a90b-4e0adc3748dc,,IMGVR_UViG_3300008136_000016|3300008136|Ga0113979_100153,,30,0,80149,80120,,2.92e-07,60.0,,,,,,,Prevotella intermedia,100.0,88132.0,31.452820768846728,Crassvirales,High-quality,Prevotella,virulent,IMG_VR
85,7779d94b-f371-4173-a90b-4e0adc3748dc,,MGV-GENOME-0358503,,30,0,60097,60068,,2.92e-07,60.0,,,,,,,Prevotella intermedia,100.0,88215.0,31.16816867879612,Retrovirales,Complete,Prevotella copri,virulent,MGV
86,7779d94b-f371-4173-a90b-4e0adc3748dc,,MGV-GENOME-0358279,,30,0,50002,49973,,2.92e-07,60.0,,,,,,,Prevotella intermedia,100.0,87799.0,31.309012631123363,Retrovirales,Complete,Prevotella copri,virulent,MGV
87,7779d94b-f371-4173-a90b-4e0adc3748dc,,SRS148408_a1_ct8244,,30,0,18369,18398,,2.92e-07,60.0,,,,,,,Prevotella intermedia,100.0,88018.0,31.38676179872299,CrAss-like,High-quality,Prevotella,virulent,CHVD
88,7779d94b-f371-4173-a90b-4e0adc3748dc,,SRS015038_a1_ct12896_vs1,,30,0,29236,29265,,2.92e-07,60.0,,,,,,,Prevotella intermedia,100.0,33494.0,28.87979936705081,CrAss-like,Low-quality,Prevotella,virulent,CHVD
89,7779d94b-f371-4173-a90b-4e0adc3748dc,,IMGVR_UViG_3300007123_000001|3300007123|Ga0102684_100031,,30,1,65499,65470,,7.11e-05,52.0,,,,,,,Prevotella intermedia,96.667,88138.0,31.5369080305884,Crassvirales,Complete,Prevotella,virulent,IMG_VR
90,7779d94b-f371-4173-a90b-4e0adc3748dc,,IMGVR_UViG_3300006256_000001|3300006256|Ga0099352_1000048,,30,1,45342,45313,,7.11e-05,52.0,,,,,,,Prevotella intermedia,96.667,88096.0,31.514484199055577,Crassvirales,Complete,Prevotella,virulent,IMG_VR
91,133dd11a-21a6-49c7-bf80-ac84789f2a08,,SAMEA2738166_b1_ct16_vs2,,30,0,6505,6476,,2.92e-07,60.0,,,,,,,Prevotella intermedia,100.0,57250.0,36.41222707423581,Siphoviridae,Complete,SR1,virulent,CHVD
92,4bbdf564-6790-4b57-89de-4d46fdf38563,,IMGVR_UViG_3300008136_000016|3300008136|Ga0113979_100153,,30,1,19486,19457,,7.11e-05,52.0,,,,,,,Prevotella intermedia,96.667,88132.0,31.452820768846728,Crassvirales,High-quality,Prevotella,virulent,IMG_VR
93,4bbdf564-6790-4b57-89de-4d46fdf38563,,IMGVR_UViG_3300007123_000001|3300007123|Ga0102684_100031,,30,1,4778,4749,,7.11e-05,52.0,,,,,,,Prevotella intermedia,96.667,88138.0,31.5369080305884,Crassvirales,Complete,Prevotella,virulent,IMG_VR
94,4bbdf564-6790-4b57-89de-4d46fdf38563,,IMGVR_UViG_3300006256_000001|3300006256|Ga0099352_1000048,,30,1,72680,72651,,7.11e-05,52.0,,,,,,,Prevotella intermedia,96.667,88096.0,31.514484199055577,Crassvirales,Complete,Prevotella,virulent,IMG_VR
95,6e983587-8bd0-4198-ac06-f23c65f43923,,IMGVR_UViG_3300045988_063953|3300045988|Ga0495776_018376,,30,0,60097,60068,,2.92e-07,60.0,,,,,,,Prevotella intermedia,100.0,88215.0,31.16816867879612,Crassvirales,Complete,Prevotella,virulent,IMG_VR
96,6e983587-8bd0-4198-ac06-f23c65f43923,,IMGVR_UViG_3300045988_062784|3300045988|Ga0495776_018944,,30,0,50002,49973,,2.92e-07,60.0,,,,,,,Prevotella intermedia,100.0,87799.0,31.309012631123363,Crassvirales,Complete,Prevotella,virulent,IMG_VR
97,6e983587-8bd0-4198-ac06-f23c65f43923,,IMGVR_UViG_3300008136_000016|3300008136|Ga0113979_100153,,30,0,80149,80120,,2.92e-07,60.0,,,,,,,Prevotella intermedia,100.0,88132.0,31.452820768846728,Crassvirales,High-quality,Prevotella,virulent,IMG_VR
98,6e983587-8bd0-4198-ac06-f23c65f43923,,MGV-GENOME-0358503,,30,0,60097,60068,,2.92e-07,60.0,,,,,,,Prevotella intermedia,100.0,88215.0,31.16816867879612,Retrovirales,Complete,Prevotella copri,virulent,MGV
99,6e983587-8bd0-4198-ac06-f23c65f43923,,MGV-GENOME-0358279,,30,0,50002,49973,,2.92e-07,60.0,,,,,,,Prevotella intermedia,100.0,87799.0,31.309012631123363,Retrovirales,Complete,Prevotella copri,virulent,MGV
100,6e983587-8bd0-4198-ac06-f23c65f43923,,SRS148408_a1_ct8244,,30,0,18369,18398,,2.92e-07,60.0,,,,,,,Prevotella intermedia,100.0,88018.0,31.38676179872299,CrAss-like,High-quality,Prevotella,virulent,CHVD
101,6e983587-8bd0-4198-ac06-f23c65f43923,,SRS015038_a1_ct12896_vs1,,30,0,29236,29265,,2.92e-07,60.0,,,,,,,Prevotella intermedia,100.0,33494.0,28.87979936705081,CrAss-like,Low-quality,Prevotella,virulent,CHVD
102,6e983587-8bd0-4198-ac06-f23c65f43923,,IMGVR_UViG_3300007123_000001|3300007123|Ga0102684_100031,,30,1,65499,65470,,7.11e-05,52.0,,,,,,,Prevotella intermedia,96.667,88138.0,31.5369080305884,Crassvirales,Complete,Prevotella,virulent,IMG_VR
103,6e983587-8bd0-4198-ac06-f23c65f43923,,IMGVR_UViG_3300006256_000001|3300006256|Ga0099352_1000048,,30,1,45342,45313,,7.11e-05,52.0,,,,,,,Prevotella intermedia,96.667,88096.0,31.514484199055577,Crassvirales,Complete,Prevotella,virulent,IMG_VR
104,f3cc96d8-dca8-421a-b24a-24676a9701d8,,SAMEA2738166_b1_ct16_vs2,,30,0,6505,6476,,2.92e-07,60.0,,,,,,,Prevotella intermedia,100.0,57250.0,36.41222707423581,Siphoviridae,Complete,SR1,virulent,CHVD
105,9a7200d3-60bf-44c7-8cb3-29335a221612,,IMGVR_UViG_3300008136_000016|3300008136|Ga0113979_100153,,30,1,19486,19457,,7.11e-05,52.0,,,,,,,Prevotella intermedia,96.667,88132.0,31.452820768846728,Crassvirales,High-quality,Prevotella,virulent,IMG_VR
106,9a7200d3-60bf-44c7-8cb3-29335a221612,,IMGVR_UViG_3300007123_000001|3300007123|Ga0102684_100031,,30,1,4778,4749,,7.11e-05,52.0,,,,,,,Prevotella intermedia,96.667,88138.0,31.5369080305884,Crassvirales,Complete,Prevotella,virulent,IMG_VR
107,9a7200d3-60bf-44c7-8cb3-29335a221612,,IMGVR_UViG_3300006256_000001|3300006256|Ga0099352_1000048,,30,1,72680,72651,,7.11e-05,52.0,,,,,,,Prevotella intermedia,96.667,88096.0,31.514484199055577,Crassvirales,Complete,Prevotella,virulent,IMG_VR
108,8e2fd776-3097-4857-9b90-3ec8fcf1afbe,,IMGVR_UViG_3300045988_063953|3300045988|Ga0495776_018376,,30,0,60097,60068,,2.92e-07,60.0,,,,,,,Prevotella intermedia,100.0,88215.0,31.16816867879612,Crassvirales,Complete,Prevotella,virulent,IMG_VR
109,8e2fd776-3097-4857-9b90-3ec8fcf1afbe,,IMGVR_UViG_3300045988_062784|3300045988|Ga0495776_018944,,30,0,50002,49973,,2.92e-07,60.0,,,,,,,Prevotella intermedia,100.0,87799.0,31.309012631123363,Crassvirales,Complete,Prevotella,virulent,IMG_VR
110,8e2fd776-3097-4857-9b90-3ec8fcf1afbe,,IMGVR_UViG_3300008136_000016|3300008136|Ga0113979_100153,,30,0,80149,80120,,2.92e-07,60.0,,,,,,,Prevotella intermedia,100.0,88132.0,31.452820768846728,Crassvirales,High-quality,Prevotella,virulent,IMG_VR
111,8e2fd776-3097-4857-9b90-3ec8fcf1afbe,,MGV-GENOME-0358503,,30,0,60097,60068,,2.92e-07,60.0,,,,,,,Prevotella intermedia,100.0,88215.0,31.16816867879612,Retrovirales,Complete,Prevotella copri,virulent,MGV
112,8e2fd776-3097-4857-9b90-3ec8fcf1afbe,,MGV-GENOME-0358279,,30,0,50002,49973,,2.92e-07,60.0,,,,,,,Prevotella intermedia,100.0,87799.0,31.309012631123363,Retrovirales,Complete,Prevotella copri,virulent,MGV
113,8e2fd776-3097-4857-9b90-3ec8fcf1afbe,,SRS148408_a1_ct8244,,30,0,18369,18398,,2.92e-07,60.0,,,,,,,Prevotella intermedia,100.0,88018.0,31.38676179872299,CrAss-like,High-quality,Prevotella,virulent,CHVD
114,8e2fd776-3097-4857-9b90-3ec8fcf1afbe,,SRS015038_a1_ct12896_vs1,,30,0,29236,29265,,2.92e-07,60.0,,,,,,,Prevotella intermedia,100.0,33494.0,28.87979936705081,CrAss-like,Low-quality,Prevotella,virulent,CHVD
115,8e2fd776-3097-4857-9b90-3ec8fcf1afbe,,IMGVR_UViG_3300007123_000001|3300007123|Ga0102684_100031,,30,1,65499,65470,,7.11e-05,52.0,,,,,,,Prevotella intermedia,96.667,88138.0,31.5369080305884,Crassvirales,Complete,Prevotella,virulent,IMG_VR
116,8e2fd776-3097-4857-9b90-3ec8fcf1afbe,,IMGVR_UViG_3300006256_000001|3300006256|Ga0099352_1000048,,30,1,45342,45313,,7.11e-05,52.0,,,,,,,Prevotella intermedia,96.667,88096.0,31.514484199055577,Crassvirales,Complete,Prevotella,virulent,IMG_VR
117,7435d856-7051-461d-ad56-02e139784424,,MGV-GENOME-0230253,,30,0,30245,30216,,2.92e-07,60.0,,,,,,,Prevotella intermedia,100.0,33365.0,47.3849842649483,Caudovirales,Medium-quality,Bacteroides oleiciplenus,virulent,MGV
118,7435d856-7051-461d-ad56-02e139784424,,IMGVR_UViG_3300045988_176257|3300045988|Ga0495776_028221,,30,0,46279,46250,,2.92e-07,60.0,,,,,,,Prevotella intermedia,100.0,49142.0,42.3283545643238,Caudoviricetes,High-quality,Prevotella,virulent,IMG_VR
119,7435d856-7051-461d-ad56-02e139784424,,uvig_99536,,30,0,1989,2018,,2.92e-07,60.0,,,,,,,Prevotella intermedia,100.0,33323.0,46.66146505416679,Caudovirales,Medium-quality,Prevotella stercorea,virulent,GPD
120,7435d856-7051-461d-ad56-02e139784424,,SRS147178_a1_ct16633_vs1,,30,0,7687,7658,,2.92e-07,60.0,,,,,,,Prevotella intermedia,100.0,13300.0,43.85714285714285,Siphoviridae,Low-quality,Prevotella,virulent,CHVD
121,7435d856-7051-461d-ad56-02e139784424,,SRS147094_a1_ct19299_vs01,,30,0,31079,31050,,2.92e-07,60.0,,,,,,,Prevotella intermedia,100.0,41389.0,44.27263282514678,Caudovirales,Medium-quality,Prevotella,virulent,CHVD
122,7435d856-7051-461d-ad56-02e139784424,,SRS105100_a1_ct73602_vs01,,30,0,30830,30801,,2.92e-07,60.0,,,,,,,Prevotella intermedia,100.0,33058.0,47.365236856434144,Caudovirales,Medium-quality,Prevotella,virulent,CHVD
123,7435d856-7051-461d-ad56-02e139784424,,SRS104915_a1_ct8085_vs01,,30,0,4620,4649,,2.92e-07,60.0,,,,,,,Prevotella intermedia,100.0,39746.0,43.33517838273034,Caudovirales,Medium-quality,Prevotella,virulent,CHVD
124,7435d856-7051-461d-ad56-02e139784424,,SRS104830_a1_ct32814_vs1,,30,0,54098,54069,,2.92e-07,60.0,,,,,,,Prevotella intermedia,100.0,60148.0,38.16086985435925,Siphoviridae,Medium-quality,Prevotella,virulent,CHVD
125,7435d856-7051-461d-ad56-02e139784424,,SRS104704_a1_ct16072_vs1,,30,0,37634,37605,,2.92e-07,60.0,,,,,,,Prevotella intermedia,100.0,43380.0,44.54817888427847,Myoviridae,Medium-quality,Prevotella,virulent,CHVD
126,7435d856-7051-461d-ad56-02e139784424,,SRS050669_a1_ct26560_vs1,,30,0,30424,30395,,2.92e-07,60.0,,,,,,,Prevotella intermedia,100.0,37500.0,45.29866666666666,Siphoviridae,Medium-quality,Prevotella,virulent,CHVD
127,70e1812e-ac7e-4ba7-b187-0647bd8880e8,,SRS149720_a1_ct5229,,29,0,72209,72237,,1.15e-06,58.0,,,,,,,Prevotella intermedia,100.0,78562.0,29.42389450370408,Myoviridae,High-quality,Bacteroides,virulent,CHVD
128,70e1812e-ac7e-4ba7-b187-0647bd8880e8,,IMGVR_UViG_3300045988_154841|3300045988|Ga0495776_003705,,29,1,10601,10573,,0.000281,50.1,,,,,,,Prevotella intermedia,96.552,78177.0,35.033321820995944,Caudoviricetes,Complete,Prevotella,virulent,IMG_VR
129,70e1812e-ac7e-4ba7-b187-0647bd8880e8,,SRR7892448_NODE_16_length_33691_cov_57.569241,,29,1,9103,9075,,0.000281,50.1,,,,,,,Prevotella intermedia,96.552,33691.0,30.77379715651064,Caudovirales,Low-quality,Lawsonia intracellularis,virulent,GVD
130,70e1812e-ac7e-4ba7-b187-0647bd8880e8,,MGV-GENOME-0350595,,29,1,10601,10573,,0.000281,50.1,,,,,,,Prevotella intermedia,96.552,78177.0,35.033321820995944,Caudovirales,Complete,Parabacteroides merdae,virulent,MGV
131,15db5642-e1df-4fc5-95f4-411d421bf8aa,,MGV-GENOME-0296411,,30,1,12091,12120,,7.11e-05,52.0,,,,,,,Prevotella intermedia,96.667,45730.0,42.47977257817625,Caudovirales,Complete,GCA-900066995,virulent,MGV
132,15db5642-e1df-4fc5-95f4-411d421bf8aa,,IMGVR_UViG_3300045988_115899|3300045988|Ga0495776_015886,,30,1,12091,12120,,7.11e-05,52.0,,,,,,,Prevotella intermedia,96.667,45730.0,42.47977257817625,Caudoviricetes,Complete,Prevotella,virulent,IMG_VR
133,15db5642-e1df-4fc5-95f4-411d421bf8aa,,SAMEA2737885_b1_ct7,,30,1,20779,20750,,7.11e-05,52.0,,,,,,,Prevotella intermedia,96.667,45675.0,42.46743295019157,Caudovirales,High-quality,Prevotella,virulent,CHVD
134,f8c5c4a8-3269-46ee-aa2f-a84c4232ebb9,,IMGVR_UViG_3300008493_000282|3300008493|Ga0111009_1000024|65259-113148,,30,0,6746,6717,,2.92e-07,60.0,,,,,,,Prevotella intermedia,100.0,47890.0,42.601795782000416,Caudoviricetes,High-quality,Prevotella,temperate,IMG_VR
135,f8c5c4a8-3269-46ee-aa2f-a84c4232ebb9,,IMGVR_UViG_3300007300_000203|3300007300|Ga0104843_100010|102456-144260,,30,0,6744,6715,,2.92e-07,60.0,,,,,,,Prevotella intermedia,100.0,41805.0,43.1024997009927,Caudoviricetes,High-quality,Prevotella,temperate,IMG_VR
136,f8c5c4a8-3269-46ee-aa2f-a84c4232ebb9,,IMGVR_UViG_3300007297_000173|3300007297|Ga0104793_100023|65320-111091,,30,0,6744,6715,,2.92e-07,60.0,,,,,,,Prevotella intermedia,100.0,45772.0,43.07436860963034,Caudoviricetes,High-quality,Prevotella,temperate,IMG_VR
137,f8c5c4a8-3269-46ee-aa2f-a84c4232ebb9,,IMGVR_UViG_2825910664_000001|2825910664|2825910664|1344290-1394369,,30,0,6560,6531,,2.92e-07,60.0,,,,,,,Prevotella intermedia,100.0,50080.0,42.903354632587856,Caudoviricetes,High-quality,Prevotella intermedia,temperate,IMG_VR
138,f8c5c4a8-3269-46ee-aa2f-a84c4232ebb9,,IMGVR_UViG_2825903561_000001|2825903561|2825903561|306351-356912,,30,0,9553,9524,,2.92e-07,60.0,,,,,,,Prevotella intermedia,100.0,50562.0,42.911672797753255,Caudoviricetes,High-quality,Prevotella intermedia,temperate,IMG_VR
139,f8c5c4a8-3269-46ee-aa2f-a84c4232ebb9,,IMGVR_UViG_3300019477_000053|3300019477|Ga0197716_100017,,30,0,21700,21671,,2.92e-07,60.0,,,,,,,Prevotella intermedia,100.0,58188.0,40.52897504640132,Caudoviricetes,Complete,Prevotella,virulent,IMG_VR
140,f8c5c4a8-3269-46ee-aa2f-a84c4232ebb9,,IMGVR_UViG_3300007208_000210|3300007208|Ga0103291_100033|38771-86660,,30,0,41145,41174,,2.92e-07,60.0,,,,,,,Prevotella intermedia,100.0,47890.0,42.601795782000416,Caudoviricetes,High-quality,Prevotella,temperate,IMG_VR
141,f8c5c4a8-3269-46ee-aa2f-a84c4232ebb9,,IMGVR_UViG_2874499349_000001|2874499349|2874499349|50467-102037,,30,0,43113,43142,,2.92e-07,60.0,,,,,,,Prevotella intermedia,100.0,51571.0,43.22778305636889,Caudoviricetes,High-quality,Prevotella intermedia,temperate,IMG_VR
142,f8c5c4a8-3269-46ee-aa2f-a84c4232ebb9,,IMGVR_UViG_2825927844_000001|2825927844|2825927845|1857532-1908120,,30,0,41037,41066,,2.92e-07,60.0,,,,,,,Prevotella intermedia,100.0,50589.0,42.91842100061278,Caudoviricetes,High-quality,Prevotella intermedia,temperate,IMG_VR
143,f8c5c4a8-3269-46ee-aa2f-a84c4232ebb9,,IMGVR_UViG_7000000366_000092|7000000366|SRS065278_LANL_scaffold_66260,,30,0,39553,39582,,2.92e-07,60.0,,,,,,,Prevotella intermedia,100.0,46720.0,42.63698630136986,Caudoviricetes,High-quality,Prevotella,virulent,IMG_VR
144,56dcdb87-30ec-4f42-9ab0-8b9356f87fe6,,MGV-GENOME-0327944,,30,0,41327,41356,,2.92e-07,60.0,,,,,,,Prevotella intermedia,100.0,43218.0,43.53278726456569,Caudovirales,High-quality,Bacteroides vulgatus,virulent,MGV
145,56dcdb87-30ec-4f42-9ab0-8b9356f87fe6,,MGV-GENOME-0353118,,30,0,2704,2675,,2.92e-07,60.0,,,,,,,Prevotella intermedia,100.0,34635.0,43.56575718204129,Caudovirales,Medium-quality,Bacteroides fragilis,virulent,MGV
146,56dcdb87-30ec-4f42-9ab0-8b9356f87fe6,,MGV-GENOME-0313076,,30,0,33351,33380,,2.92e-07,60.0,,,,,,,Prevotella intermedia,100.0,36792.0,42.59078060447924,Caudovirales,Medium-quality,Parabacteroides distasonis,virulent,MGV
147,56dcdb87-30ec-4f42-9ab0-8b9356f87fe6,,IMGVR_UViG_3300008515_000301|3300008515|Ga0115189_1000030|50311-95502,,30,0,9361,9332,,2.92e-07,60.0,,,,,,,Prevotella intermedia,100.0,45192.0,43.11382545583289,Caudoviricetes,High-quality,Prevotella,temperate,IMG_VR
148,56dcdb87-30ec-4f42-9ab0-8b9356f87fe6,,IMGVR_UViG_3300008362_000172|3300008362|Ga0115107_100069|27990-68342,,30,0,38813,38842,,2.92e-07,60.0,,,,,,,Prevotella intermedia,100.0,40353.0,43.45897454959978,Caudoviricetes,High-quality,Prevotella,temperate,IMG_VR
149,56dcdb87-30ec-4f42-9ab0-8b9356f87fe6,,IMGVR_UViG_3300008636_000155|3300008636|Ga0111420_100085|61064-107867,,30,0,9883,9854,,2.92e-07,60.0,,,,,,,Prevotella intermedia,100.0,46804.0,43.23134774805572,Caudoviricetes,High-quality,Prevotella,temperate,IMG_VR
150,56dcdb87-30ec-4f42-9ab0-8b9356f87fe6,,IMGVR_UViG_3300006251_000178|3300006251|Ga0099392_100037|31684-79470,,30,0,37048,37077,,2.92e-07,60.0,,,,,,,Prevotella intermedia,100.0,47787.0,42.81917676355494,Caudoviricetes,High-quality,Prevotella,temperate,IMG_VR
151,56dcdb87-30ec-4f42-9ab0-8b9356f87fe6,,IMGVR_UViG_3300007300_000203|3300007300|Ga0104843_100010|102456-144260,,30,0,10189,10160,,2.92e-07,60.0,,,,,,,Prevotella intermedia,100.0,41805.0,43.1024997009927,Caudoviricetes,High-quality,Prevotella,temperate,IMG_VR
152,56dcdb87-30ec-4f42-9ab0-8b9356f87fe6,,IMGVR_UViG_3300006459_000203|3300006459|Ga0100222_100062|31656-80797,,30,0,37048,37077,,2.92e-07,60.0,,,,,,,Prevotella intermedia,100.0,49142.0,42.54405600097676,Caudoviricetes,High-quality,Prevotella,temperate,IMG_VR
153,56dcdb87-30ec-4f42-9ab0-8b9356f87fe6,,IMGVR_UViG_3300006260_000156|3300006260|Ga0099518_100046|52850-98363,,30,0,36068,36097,,2.92e-07,60.0,,,,,,,Prevotella intermedia,100.0,45514.0,43.14936063628774,Caudoviricetes,High-quality,Prevotella,temperate,IMG_VR
154,e0abc04d-a22c-4941-8eaa-39af1f4dbeb8,,IMGVR_UViG_3300045988_058211|3300045988|Ga0495776_132035,,30,0,72122,72151,,2.92e-07,60.0,,,,,,,Prevotella intermedia,100.0,91261.0,32.627299722773145,Caudoviricetes,High-quality,Prevotella,virulent,IMG_VR
155,e0abc04d-a22c-4941-8eaa-39af1f4dbeb8,,IMGVR_UViG_3300011980_000004|3300011980|Ga0119777_1000092,,30,0,72086,72115,,2.92e-07,60.0,,,,,,,Prevotella intermedia,100.0,96437.0,32.41494447152027,Caudoviricetes,High-quality,Prevotella,virulent,IMG_VR
156,e0abc04d-a22c-4941-8eaa-39af1f4dbeb8,,MGV-GENOME-0360224,,30,0,72122,72151,,2.92e-07,60.0,,,,,,,Prevotella intermedia,100.0,91261.0,32.627299722773145,,High-quality,Prevotella copri,virulent,MGV
157,e0abc04d-a22c-4941-8eaa-39af1f4dbeb8,,MGV-GENOME-0361688,,30,0,23154,23125,,2.92e-07,60.0,,,,,,,Prevotella intermedia,100.0,93786.0,32.562429360458914,,High-quality,Prevotella copri,virulent,MGV
158,e0abc04d-a22c-4941-8eaa-39af1f4dbeb8,,IMGVR_UViG_3300045988_111820|3300045988|Ga0495776_095849,,30,0,23154,23125,,2.92e-07,60.0,,,,,,,Prevotella intermedia,100.0,93786.0,32.562429360458914,Caudoviricetes,High-quality,Bacteroidaceae,virulent,IMG_VR
159,e0abc04d-a22c-4941-8eaa-39af1f4dbeb8,,SRS098626_a1_ct21772,,30,0,60641,60612,,2.92e-07,60.0,,,,,,,Prevotella intermedia,100.0,98664.0,32.95021487067218,CrAss-like,High-quality,Prevotella,virulent,CHVD
160,33f6a4d0-82f1-4ca1-9944-0ec76e5ccc34,,SRS149690_a1_ct18923_vs1,,30,1,16214,16185,,7.11e-05,52.0,,,,,,,Prevotella intermedia,96.667,20350.0,36.72727272727273,Microviridae,Medium-quality,Prevotella,virulent,CHVD
161,c8e0ee81-7a25-40db-b832-338a8eff2842,,MGV-GENOME-0327944,,30,0,34424,34453,,2.92e-07,60.0,,,,,,,Prevotella intermedia,100.0,43218.0,43.53278726456569,Caudovirales,High-quality,Bacteroides vulgatus,virulent,MGV
162,c8e0ee81-7a25-40db-b832-338a8eff2842,,IMGVR_UViG_3300045988_174628|3300045988|Ga0495776_158320,,30,0,34424,34453,,2.92e-07,60.0,,,,,,,Prevotella intermedia,100.0,43218.0,43.53278726456569,Caudoviricetes,High-quality,Prevotella,virulent,IMG_VR
163,c8e0ee81-7a25-40db-b832-338a8eff2842,,MGV-GENOME-0313076,,30,1,26987,27016,,7.11e-05,52.0,,,,,,,Prevotella intermedia,96.667,36792.0,42.59078060447924,Caudovirales,Medium-quality,Parabacteroides distasonis,virulent,MGV
164,c8e0ee81-7a25-40db-b832-338a8eff2842,,MGV-GENOME-0276554,,30,1,41349,41378,,7.11e-05,52.0,,,,,,,Prevotella intermedia,96.667,41539.0,41.90279014901659,Caudovirales,High-quality,Coprobacillus,virulent,MGV
165,c8e0ee81-7a25-40db-b832-338a8eff2842,,IMGVR_UViG_3300008515_000301|3300008515|Ga0115189_1000030|50311-95502,,30,1,15560,15531,,7.11e-05,52.0,,,,,,,Prevotella intermedia,96.667,45192.0,43.11382545583289,Caudoviricetes,High-quality,Prevotella,temperate,IMG_VR
166,c8e0ee81-7a25-40db-b832-338a8eff2842,,IMGVR_UViG_3300008362_000172|3300008362|Ga0115107_100069|27990-68342,,30,1,32557,32586,,7.11e-05,52.0,,,,,,,Prevotella intermedia,96.667,40353.0,43.45897454959978,Caudoviricetes,High-quality,Prevotella,temperate,IMG_VR
167,c8e0ee81-7a25-40db-b832-338a8eff2842,,IMGVR_UViG_3300006251_000178|3300006251|Ga0099392_100037|31684-79470,,30,1,30849,30878,,7.11e-05,52.0,,,,,,,Prevotella intermedia,96.667,47787.0,42.81917676355494,Caudoviricetes,High-quality,Prevotella,temperate,IMG_VR
168,c8e0ee81-7a25-40db-b832-338a8eff2842,,IMGVR_UViG_3300007297_000173|3300007297|Ga0104793_100023|65320-111091,,30,1,16431,16402,,7.11e-05,52.0,,,,,,,Prevotella intermedia,96.667,45772.0,43.07436860963034,Caudoviricetes,High-quality,Prevotella,temperate,IMG_VR
169,c8e0ee81-7a25-40db-b832-338a8eff2842,,IMGVR_UViG_3300006459_000203|3300006459|Ga0100222_100062|31656-80797,,30,1,30849,30878,,7.11e-05,52.0,,,,,,,Prevotella intermedia,96.667,49142.0,42.54405600097676,Caudoviricetes,High-quality,Prevotella,temperate,IMG_VR
170,c8e0ee81-7a25-40db-b832-338a8eff2842,,IMGVR_UViG_3300006260_000156|3300006260|Ga0099518_100046|52850-98363,,30,1,29665,29694,,7.11e-05,52.0,,,,,,,Prevotella intermedia,96.667,45514.0,43.14936063628774,Caudoviricetes,High-quality,Prevotella,temperate,IMG_VR
171,9146da29-1df4-4088-ac01-647e399a399d,,SAMEA2738138_b1_ct9,,30,0,33349,33320,,2.92e-07,60.0,,,,,,,Prevotella intermedia,100.0,45365.0,42.56144604871597,Siphoviridae,High-quality,Prevotella,virulent,CHVD
172,9146da29-1df4-4088-ac01-647e399a399d,,IMGVR_UViG_3300045988_098293|3300045988|Ga0495776_015574,,30,0,24606,24635,,2.92e-07,60.0,,,,,,,Prevotella intermedia,100.0,45420.0,42.54953764861295,Caudoviricetes,Complete,Prevotella,virulent,IMG_VR
173,9146da29-1df4-4088-ac01-647e399a399d,,MGV-GENOME-0295151,,30,0,24606,24635,,2.92e-07,60.0,,,,,,,Prevotella intermedia,100.0,45420.0,42.54953764861295,Caudovirales,Complete,GCA-900066995,virulent,MGV
174,7c9f9317-85b4-4548-92ec-5ea4ef6e713d,,IMGVR_UViG_2825927844_000001|2825927844|2825927845|1857532-1908120,,30,1,48789,48760,,7.11e-05,52.0,,,,,,,Prevotella intermedia,96.667,50589.0,42.91842100061278,Caudoviricetes,High-quality,Prevotella intermedia,temperate,IMG_VR
175,7c9f9317-85b4-4548-92ec-5ea4ef6e713d,,IMGVR_UViG_2825903561_000001|2825903561|2825903561|306351-356912,,30,1,1801,1830,,7.11e-05,52.0,,,,,,,Prevotella intermedia,96.667,50562.0,42.911672797753255,Caudoviricetes,High-quality,Prevotella intermedia,temperate,IMG_VR
176,3a343cbe-4d4f-4fc9-bbda-710957d50cc2,,MGV-GENOME-0296411,,30,1,38663,38692,,7.11e-05,52.0,,,,,,,Prevotella intermedia,96.667,45730.0,42.47977257817625,Caudovirales,Complete,GCA-900066995,virulent,MGV
177,3a343cbe-4d4f-4fc9-bbda-710957d50cc2,,IMGVR_UViG_3300045988_115899|3300045988|Ga0495776_015886,,30,1,38663,38692,,7.11e-05,52.0,,,,,,,Prevotella intermedia,96.667,45730.0,42.47977257817625,Caudoviricetes,Complete,Prevotella,virulent,IMG_VR
178,3a343cbe-4d4f-4fc9-bbda-710957d50cc2,,SAMEA2737885_b1_ct7,,30,1,39882,39853,,7.11e-05,52.0,,,,,,,Prevotella intermedia,96.667,45675.0,42.46743295019157,Caudovirales,High-quality,Prevotella,virulent,CHVD
179,3a343cbe-4d4f-4fc9-bbda-710957d50cc2,,MGV-GENOME-0267287,,30,1,24649,24678,,7.11e-05,52.0,,,,,,,Prevotella intermedia,96.667,39759.0,42.44573555672929,Caudovirales,Medium-quality,GCA-900066995,virulent,MGV
180,97dbafe8-5948-4d40-94a0-82b34feae4bc,,SRS098626_a1_ct21772,,30,0,44767,44738,,2.92e-07,60.0,,,,,,,Prevotella intermedia,100.0,98664.0,32.95021487067218,CrAss-like,High-quality,Prevotella,virulent,CHVD
181,bbcd2a01-db9f-48de-a9df-25e90fcfa1aa,,IMGVR_UViG_3300045988_098293|3300045988|Ga0495776_015574,,30,0,9396,9367,,2.92e-07,60.0,,,,,,,Prevotella intermedia,100.0,45420.0,42.54953764861295,Caudoviricetes,Complete,Prevotella,virulent,IMG_VR
182,bbcd2a01-db9f-48de-a9df-25e90fcfa1aa,,MGV-GENOME-0295151,,30,0,9396,9367,,2.92e-07,60.0,,,,,,,Prevotella intermedia,100.0,45420.0,42.54953764861295,Caudovirales,Complete,GCA-900066995,virulent,MGV
183,bbcd2a01-db9f-48de-a9df-25e90fcfa1aa,,SAMEA2738138_b1_ct9,,30,0,3194,3223,,2.92e-07,60.0,,,,,,,Prevotella intermedia,100.0,45365.0,42.56144604871597,Siphoviridae,High-quality,Prevotella,virulent,CHVD
184,877575b1-c233-4767-9e21-e784379ebdb1,,MGV-GENOME-0230253,,30,0,17378,17349,,2.92e-07,60.0,,,,,,,Prevotella intermedia,100.0,33365.0,47.3849842649483,Caudovirales,Medium-quality,Bacteroides oleiciplenus,virulent,MGV
185,877575b1-c233-4767-9e21-e784379ebdb1,,IMGVR_UViG_3300006678_000010|3300006678|Ga0100058_100198,,30,0,10012,10041,,2.92e-07,60.0,,,,,,,Prevotella intermedia,100.0,56619.0,43.23283703350466,Caudoviricetes,Medium-quality,Prevotella,virulent,IMG_VR
186,877575b1-c233-4767-9e21-e784379ebdb1,,SRS144512_a1_ct20284_vs01,,30,0,10674,10645,,2.92e-07,60.0,,,,,,,Prevotella intermedia,100.0,28879.0,47.65054191627134,Caudovirales,Low-quality,-,virulent,CHVD
187,877575b1-c233-4767-9e21-e784379ebdb1,,SRS143354_a1_ct6378_vs01,,30,0,18556,18527,,2.92e-07,60.0,,,,,,,Prevotella intermedia,100.0,34850.0,46.6829268292683,Caudovirales,Medium-quality,Prevotella,virulent,CHVD
188,877575b1-c233-4767-9e21-e784379ebdb1,,SRS104704_a1_ct16072_vs1,,30,0,24274,24245,,2.92e-07,60.0,,,,,,,Prevotella intermedia,100.0,43380.0,44.54817888427847,Myoviridae,Medium-quality,Prevotella,virulent,CHVD
189,877575b1-c233-4767-9e21-e784379ebdb1,,SRS018513_a1_ct23062_vs1,,30,0,9407,9378,,2.92e-07,60.0,,,,,,,Prevotella intermedia,100.0,14039.0,49.76850203005912,Myoviridae,Low-quality,Prevotella,virulent,CHVD
190,877575b1-c233-4767-9e21-e784379ebdb1,,SRS018479_a1_ct263_vs1,,30,0,225,196,,2.92e-07,60.0,,,,,,,Prevotella intermedia,100.0,22788.0,44.46638581709672,Podoviridae,Low-quality,Prevotella,virulent,CHVD
191,52d6c77d-d9f5-4c9e-bef8-9e87ac8cfea1,,SRS105074_a1_ct25563_vs01,,30,0,16724,16753,,2.92e-07,60.0,,,,,,,Prevotella intermedia,100.0,22692.0,48.40913097126741,Caudovirales,Low-quality,Prevotella,virulent,CHVD
192,52d6c77d-d9f5-4c9e-bef8-9e87ac8cfea1,,SRS022149_a1_ct29891,,30,0,36064,36093,,2.92e-07,60.0,,,,,,,Prevotella intermedia,100.0,52310.0,45.68724909195183,Myoviridae,Medium-quality,Prevotella,virulent,CHVD
193,2759879c-6b05-4613-9406-f233dbd427b5,,MGV-GENOME-0317514,,30,0,9386,9357,,2.92e-07,60.0,,,,,,,Prevotella intermedia,100.0,29696.0,43.571524784482754,Caudovirales,Medium-quality,Parabacteroides distasonis,virulent,MGV
194,2759879c-6b05-4613-9406-f233dbd427b5,,IMGVR_UViG_3300011976_000131|3300011976|Ga0119798_1000140|28726-78166,,30,0,22052,22023,,2.92e-07,60.0,,,,,,,Prevotella intermedia,100.0,49441.0,42.71353734754556,Caudoviricetes,Medium-quality,Bacteroidaceae,temperate,IMG_VR
195,0d29cf67-d187-4b87-ac1b-cb1767f1d8b7,,MGV-GENOME-0327944,,29,0,2326,2354,,1.15e-06,58.0,,,,,,,Prevotella intermedia,100.0,43218.0,43.53278726456569,Caudovirales,High-quality,Bacteroides vulgatus,virulent,MGV
196,0d29cf67-d187-4b87-ac1b-cb1767f1d8b7,,IMGVR_UViG_3300045988_174628|3300045988|Ga0495776_158320,,29,0,2326,2354,,1.15e-06,58.0,,,,,,,Prevotella intermedia,100.0,43218.0,43.53278726456569,Caudoviricetes,High-quality,Prevotella,virulent,IMG_VR
197,0d29cf67-d187-4b87-ac1b-cb1767f1d8b7,,IMGVR_UViG_2874499349_000001|2874499349|2874499349|50467-102037,,30,1,1967,1996,,7.11e-05,52.0,,,,,,,Prevotella intermedia,96.667,51571.0,43.22778305636889,Caudoviricetes,High-quality,Prevotella intermedia,temperate,IMG_VR
198,ea636846-0648-4c7a-997d-993edc2848be,,MGV-GENOME-0296411,,30,1,16759,16730,,7.11e-05,52.0,,,,,,,Prevotella intermedia,96.667,45730.0,42.47977257817625,Caudovirales,Complete,GCA-900066995,virulent,MGV
199,ea636846-0648-4c7a-997d-993edc2848be,,IMGVR_UViG_3300045988_115899|3300045988|Ga0495776_015886,,30,1,16759,16730,,7.11e-05,52.0,,,,,,,Prevotella intermedia,96.667,45730.0,42.47977257817625,Caudoviricetes,Complete,Prevotella,virulent,IMG_VR
200,ea636846-0648-4c7a-997d-993edc2848be,,SAMEA2737885_b1_ct7,,30,1,16111,16140,,7.11e-05,52.0,,,,,,,Prevotella intermedia,96.667,45675.0,42.46743295019157,Caudovirales,High-quality,Prevotella,virulent,CHVD
201,ea636846-0648-4c7a-997d-993edc2848be,,MGV-GENOME-0267287,,30,1,2745,2716,,7.11e-05,52.0,,,,,,,Prevotella intermedia,96.667,39759.0,42.44573555672929,Caudovirales,Medium-quality,GCA-900066995,virulent,MGV
202,4ecb2a1f-88bb-479a-98f2-ed990c68cb49,,MGV-GENOME-0327944,,30,0,36823,36852,,2.92e-07,60.0,,,,,,,Prevotella intermedia,100.0,43218.0,43.53278726456569,Caudovirales,High-quality,Bacteroides vulgatus,virulent,MGV
203,4ecb2a1f-88bb-479a-98f2-ed990c68cb49,,MGV-GENOME-0313076,,30,0,29336,29365,,2.92e-07,60.0,,,,,,,Prevotella intermedia,100.0,36792.0,42.59078060447924,Caudovirales,Medium-quality,Parabacteroides distasonis,virulent,MGV
204,4ecb2a1f-88bb-479a-98f2-ed990c68cb49,,MGV-GENOME-0313076,,30,1,29444,29473,,7.11e-05,52.0,,,,,,,Prevotella intermedia,96.667,36792.0,42.59078060447924,Caudovirales,Medium-quality,Parabacteroides distasonis,virulent,MGV
205,4ecb2a1f-88bb-479a-98f2-ed990c68cb49,,IMGVR_UViG_2874499349_000001|2874499349|2874499349|50467-102037,,30,0,35451,35480,,2.92e-07,60.0,,,,,,,Prevotella intermedia,100.0,51571.0,43.22778305636889,Caudoviricetes,High-quality,Prevotella intermedia,temperate,IMG_VR
206,4ecb2a1f-88bb-479a-98f2-ed990c68cb49,,IMGVR_UViG_2874499349_000001|2874499349|2874499349|50467-102037,,30,0,35505,35534,,2.92e-07,60.0,,,,,,,Prevotella intermedia,100.0,51571.0,43.22778305636889,Caudoviricetes,High-quality,Prevotella intermedia,temperate,IMG_VR
207,4ecb2a1f-88bb-479a-98f2-ed990c68cb49,,IMGVR_UViG_2874499349_000001|2874499349|2874499349|50467-102037,,30,0,35613,35642,,2.92e-07,60.0,,,,,,,Prevotella intermedia,100.0,51571.0,43.22778305636889,Caudoviricetes,High-quality,Prevotella intermedia,temperate,IMG_VR
208,4ecb2a1f-88bb-479a-98f2-ed990c68cb49,,IMGVR_UViG_2874499349_000001|2874499349|2874499349|50467-102037,,30,1,35559,35588,,7.11e-05,52.0,,,,,,,Prevotella intermedia,96.667,51571.0,43.22778305636889,Caudoviricetes,High-quality,Prevotella intermedia,temperate,IMG_VR
209,4ecb2a1f-88bb-479a-98f2-ed990c68cb49,,IMGVR_UViG_2874499349_000001|2874499349|2874499349|50467-102037,,30,1,35667,35696,,7.11e-05,52.0,,,,,,,Prevotella intermedia,96.667,51571.0,43.22778305636889,Caudoviricetes,High-quality,Prevotella intermedia,temperate,IMG_VR
210,4ecb2a1f-88bb-479a-98f2-ed990c68cb49,,IMGVR_UViG_2874499349_000001|2874499349|2874499349|50467-102037,,30,1,35721,35750,,7.11e-05,52.0,,,,,,,Prevotella intermedia,96.667,51571.0,43.22778305636889,Caudoviricetes,High-quality,Prevotella intermedia,temperate,IMG_VR
211,4ecb2a1f-88bb-479a-98f2-ed990c68cb49,,IMGVR_UViG_2874499349_000001|2874499349|2874499349|50467-102037,,30,1,35775,35804,,7.11e-05,52.0,,,,,,,Prevotella intermedia,96.667,51571.0,43.22778305636889,Caudoviricetes,High-quality,Prevotella intermedia,temperate,IMG_VR
212,4ecb2a1f-88bb-479a-98f2-ed990c68cb49,,IMGVR_UViG_3300045988_174628|3300045988|Ga0495776_158320,,30,0,36823,36852,,2.92e-07,60.0,,,,,,,Prevotella intermedia,100.0,43218.0,43.53278726456569,Caudoviricetes,High-quality,Prevotella,virulent,IMG_VR
213,4ecb2a1f-88bb-479a-98f2-ed990c68cb49,,IMGVR_UViG_3300045988_171143|3300045988|Ga0495776_185951,,30,0,12793,12764,,2.92e-07,60.0,,,,,,,Prevotella intermedia,100.0,43634.0,42.735023147087134,Caudoviricetes,High-quality,Prevotella,virulent,IMG_VR
214,4ecb2a1f-88bb-479a-98f2-ed990c68cb49,,IMGVR_UViG_3300045988_171143|3300045988|Ga0495776_185951,,30,1,12685,12656,,7.11e-05,52.0,,,,,,,Prevotella intermedia,96.667,43634.0,42.735023147087134,Caudoviricetes,High-quality,Prevotella,virulent,IMG_VR
215,4ecb2a1f-88bb-479a-98f2-ed990c68cb49,,MGV-GENOME-0301383,,30,0,12793,12764,,2.92e-07,60.0,,,,,,,Prevotella intermedia,100.0,43634.0,42.735023147087134,Caudovirales,High-quality,Parabacteroides distasonis,virulent,MGV
216,4ecb2a1f-88bb-479a-98f2-ed990c68cb49,,MGV-GENOME-0301383,,30,1,12685,12656,,7.11e-05,52.0,,,,,,,Prevotella intermedia,96.667,43634.0,42.735023147087134,Caudovirales,High-quality,Parabacteroides distasonis,virulent,MGV
217,4ecb2a1f-88bb-479a-98f2-ed990c68cb49,,MGV-GENOME-0353118,,30,1,6613,6584,,7.11e-05,52.0,,,,,,,Prevotella intermedia,96.667,34635.0,43.56575718204129,Caudovirales,Medium-quality,Bacteroides fragilis,virulent,MGV
218,4ecb2a1f-88bb-479a-98f2-ed990c68cb49,,MGV-GENOME-0353118,,30,1,6667,6638,,7.11e-05,52.0,,,,,,,Prevotella intermedia,96.667,34635.0,43.56575718204129,Caudovirales,Medium-quality,Bacteroides fragilis,virulent,MGV
219,4ecb2a1f-88bb-479a-98f2-ed990c68cb49,,IMGVR_UViG_3300045988_180185|3300045988|Ga0495776_158472,,30,1,30459,30488,,7.11e-05,52.0,,,,,,,Prevotella intermedia,96.667,44537.0,43.0428632373083,Caudoviricetes,High-quality,Prevotella,virulent,IMG_VR
220,505c6b0d-0c8f-4f75-b5c5-a6bd61a1f245,,MGV-GENOME-0296411,,30,0,21488,21517,,2.92e-07,60.0,,,,,,,Prevotella intermedia,100.0,45730.0,42.47977257817625,Caudovirales,Complete,GCA-900066995,virulent,MGV
221,505c6b0d-0c8f-4f75-b5c5-a6bd61a1f245,,IMGVR_UViG_3300045988_115899|3300045988|Ga0495776_015886,,30,0,21488,21517,,2.92e-07,60.0,,,,,,,Prevotella intermedia,100.0,45730.0,42.47977257817625,Caudoviricetes,Complete,Prevotella,virulent,IMG_VR
222,505c6b0d-0c8f-4f75-b5c5-a6bd61a1f245,,SAMEA2737885_b1_ct7,,30,0,11382,11353,,2.92e-07,60.0,,,,,,,Prevotella intermedia,100.0,45675.0,42.46743295019157,Caudovirales,High-quality,Prevotella,virulent,CHVD
223,505c6b0d-0c8f-4f75-b5c5-a6bd61a1f245,,MGV-GENOME-0267287,,30,0,7474,7503,,2.92e-07,60.0,,,,,,,Prevotella intermedia,100.0,39759.0,42.44573555672929,Caudovirales,Medium-quality,GCA-900066995,virulent,MGV
224,e5c6769f-80c2-4fbb-b3b0-123b9d88b55d,,Station100_MES_ALL_assembly_NODE_162_length_44746_cov_7.212504,,29,1,149,177,,0.000281,50.1,,,,,,,Prevotella intermedia,96.552,44746.0,32.19505654136683,Caudovirales,Medium-quality,Ruminococcaceae bacterium,virulent,GOV2
225,e5c6769f-80c2-4fbb-b3b0-123b9d88b55d,,Station191_SUR_ALL_assembly_NODE_1400_length_21297_cov_3.923501,,29,1,601,573,,0.000281,50.1,,,,,,,Prevotella intermedia,96.552,21297.0,32.6430952716345,Caudovirales,Low-quality,Cellulophaga baltica,virulent,GOV2
226,572d304e-117a-467b-90ac-2c3195ca24b1,,uvig_88390,,30,0,127734,127763,,2.92e-07,60.0,,,,,,,Prevotella pectinovora,100.0,172104.0,34.39722493376098,Caudovirales,High-quality,Prevotella copri,virulent,GPD
227,572d304e-117a-467b-90ac-2c3195ca24b1,,uvig_554844,,30,0,79331,79360,,2.92e-07,60.0,,,,,,,Prevotella pectinovora,100.0,80871.0,35.66667903203868,Caudovirales,Low-quality,Prevotella copri,virulent,GPD
228,572d304e-117a-467b-90ac-2c3195ca24b1,,IMGVR_UViG_3300045988_110911|3300045988|Ga0495776_119656,,30,0,76481,76510,,2.92e-07,60.0,,,,,,,Prevotella pectinovora,100.0,169536.0,34.720649301623254,Caudoviricetes,High-quality,Prevotella,virulent,IMG_VR
229,572d304e-117a-467b-90ac-2c3195ca24b1,,IMGVR_UViG_3300045988_124152|3300045988|Ga0495776_101598,,30,0,5558,5587,,2.92e-07,60.0,,,,,,,Prevotella pectinovora,100.0,163629.0,34.69678357748321,Caudoviricetes,High-quality,Prevotella,virulent,IMG_VR
230,572d304e-117a-467b-90ac-2c3195ca24b1,,IMGVR_UViG_3300045988_132833|3300045988|Ga0495776_015052,,30,0,1398,1427,,2.92e-07,60.0,,,,,,,Prevotella pectinovora,100.0,175174.0,34.39551531619989,Caudoviricetes,Complete,Prevotella,virulent,IMG_VR
231,572d304e-117a-467b-90ac-2c3195ca24b1,,IMGVR_UViG_3300045988_135144|3300045988|Ga0495776_137332,,30,0,31898,31927,,2.92e-07,60.0,,,,,,,Prevotella pectinovora,100.0,174140.0,34.783507522682896,Caudoviricetes,High-quality,Prevotella,virulent,IMG_VR
232,572d304e-117a-467b-90ac-2c3195ca24b1,,MGV-GENOME-0377988,,30,0,31898,31927,,2.92e-07,60.0,,,,,,,Prevotella pectinovora,100.0,174140.0,34.783507522682896,Caudovirales,High-quality,Prevotella,virulent,MGV
233,572d304e-117a-467b-90ac-2c3195ca24b1,,MGV-GENOME-0376077,,30,0,114871,114900,,2.92e-07,60.0,,,,,,,Prevotella pectinovora,100.0,151978.0,34.8609667188672,Caudovirales,Medium-quality,Prevotella,virulent,MGV
234,572d304e-117a-467b-90ac-2c3195ca24b1,,uvig_373772,,30,0,375,404,,2.92e-07,60.0,,,,,,,Prevotella pectinovora,100.0,53291.0,33.996359610440784,Caudovirales,Low-quality,Prevotella copri,virulent,GPD
235,572d304e-117a-467b-90ac-2c3195ca24b1,,uvig_37794,,30,0,76481,76510,,2.92e-07,60.0,,,,,,,Prevotella pectinovora,100.0,169536.0,34.720649301623254,Caudovirales,High-quality,Prevotella copri,virulent,GPD
236,c94337f4-c059-43bb-ab1a-8870f109eedb,,IMGVR_UViG_3300045988_083604|3300045988|Ga0495776_011932,,30,0,10666,10637,,2.92e-07,60.0,,,,,,,Prevotella pectinovora,100.0,99146.0,32.44407237810905,Caudoviricetes,Complete,Prevotella,virulent,IMG_VR
237,c94337f4-c059-43bb-ab1a-8870f109eedb,,MGV-GENOME-0365878,,30,0,10666,10637,,2.92e-07,60.0,,,,,,,Prevotella pectinovora,100.0,99146.0,32.44407237810905,Caudovirales,Complete,Prevotella,virulent,MGV
238,c94337f4-c059-43bb-ab1a-8870f109eedb,,MGV-GENOME-0363513,,30,1,4949,4920,,7.11e-05,52.0,,,,,,,Prevotella pectinovora,96.667,96371.0,32.357244399248735,Caudovirales,Complete,Prevotella,virulent,MGV
239,c94337f4-c059-43bb-ab1a-8870f109eedb,,IMGVR_UViG_3300045988_074608|3300045988|Ga0495776_000806,,30,1,4949,4920,,7.11e-05,52.0,,,,,,,Prevotella pectinovora,96.667,96371.0,32.357244399248735,Caudoviricetes,Complete,Prevotella,virulent,IMG_VR
240,3e0a0dcc-b18c-43f8-a8c3-f8d31acba2a9,,uvig_369240,,30,0,24496,24467,,2.92e-07,60.0,,,,,,,Prevotella pectinovora,100.0,94884.0,29.374815564267948,,Complete,Prevotella copri,virulent,GPD
241,3e0a0dcc-b18c-43f8-a8c3-f8d31acba2a9,,Rampelli_SM_30_NODE_43_length_94884_cov_7.488184,,30,0,24496,24467,,2.92e-07,60.0,,,,,,,Prevotella pectinovora,100.0,94884.0,29.374815564267948,,Complete,Prevotella copri,virulent,GVD
242,3e0a0dcc-b18c-43f8-a8c3-f8d31acba2a9,,IMGVR_UViG_3300045988_042533|3300045988|Ga0495776_002888,,30,0,70289,70318,,2.92e-07,60.0,,,,,,,Prevotella pectinovora,100.0,94904.0,29.3738936188148,Crassvirales,Complete,Prevotella,virulent,IMG_VR
243,3e0a0dcc-b18c-43f8-a8c3-f8d31acba2a9,,MGV-GENOME-0362401,,30,0,70289,70318,,2.92e-07,60.0,,,,,,,Prevotella pectinovora,100.0,94904.0,29.3738936188148,,Complete,Prevotella copri,virulent,MGV
244,3e0a0dcc-b18c-43f8-a8c3-f8d31acba2a9,,uvig_9877,,30,1,14637,14666,,7.11e-05,52.0,,,,,,,Prevotella pectinovora,96.667,23202.0,29.027670028445822,,Low-quality,Prevotella copri,virulent,GPD
245,3e0a0dcc-b18c-43f8-a8c3-f8d31acba2a9,,IMGVR_UViG_3300045988_078285|3300045988|Ga0495776_116540,,30,1,37482,37511,,7.11e-05,52.0,,,,,,,Prevotella pectinovora,96.667,90646.0,29.20150916753084,Crassvirales,High-quality,Prevotella,virulent,IMG_VR
246,3e0a0dcc-b18c-43f8-a8c3-f8d31acba2a9,,IMGVR_UViG_3300045988_073329|3300045988|Ga0495776_010840,,30,1,24192,24221,,7.11e-05,52.0,,,,,,,Prevotella pectinovora,96.667,90731.0,29.19068455103548,Crassvirales,Complete,Prevotella,virulent,IMG_VR
247,3e0a0dcc-b18c-43f8-a8c3-f8d31acba2a9,,MGV-GENOME-0359914,,30,1,24192,24221,,7.11e-05,52.0,,,,,,,Prevotella pectinovora,96.667,90731.0,29.19068455103548,,Complete,Prevotella,virulent,MGV
248,3e0a0dcc-b18c-43f8-a8c3-f8d31acba2a9,,uvig_25761,,30,1,24192,24221,,7.11e-05,52.0,,,,,,,Prevotella pectinovora,96.667,90731.0,29.189582391905745,,Complete,Prevotella copri,virulent,GPD
249,3e0a0dcc-b18c-43f8-a8c3-f8d31acba2a9,,MGV-GENOME-0359858,,30,1,37482,37511,,7.11e-05,52.0,,,,,,,Prevotella pectinovora,96.667,90646.0,29.20150916753084,,High-quality,Prevotella,virulent,MGV
250,a0df21da-3b10-40fb-bcd5-8fd65140a169,,uvig_9877,,29,0,12051,12079,,1.15e-06,58.0,,,,,,,Prevotella pectinovora,100.0,23202.0,29.027670028445822,,Low-quality,Prevotella copri,virulent,GPD
251,a0df21da-3b10-40fb-bcd5-8fd65140a169,,IMGVR_UViG_3300045988_078285|3300045988|Ga0495776_116540,,29,0,34896,34924,,1.15e-06,58.0,,,,,,,Prevotella pectinovora,100.0,90646.0,29.20150916753084,Crassvirales,High-quality,Prevotella,virulent,IMG_VR
252,a0df21da-3b10-40fb-bcd5-8fd65140a169,,IMGVR_UViG_3300045988_073329|3300045988|Ga0495776_010840,,29,0,21606,21634,,1.15e-06,58.0,,,,,,,Prevotella pectinovora,100.0,90731.0,29.19068455103548,Crassvirales,Complete,Prevotella,virulent,IMG_VR
253,a0df21da-3b10-40fb-bcd5-8fd65140a169,,MGV-GENOME-0359914,,29,0,21606,21634,,1.15e-06,58.0,,,,,,,Prevotella pectinovora,100.0,90731.0,29.19068455103548,,Complete,Prevotella,virulent,MGV
254,a0df21da-3b10-40fb-bcd5-8fd65140a169,,uvig_25761,,29,0,21606,21634,,1.15e-06,58.0,,,,,,,Prevotella pectinovora,100.0,90731.0,29.189582391905745,,Complete,Prevotella copri,virulent,GPD
255,a0df21da-3b10-40fb-bcd5-8fd65140a169,,MGV-GENOME-0359858,,29,0,34896,34924,,1.15e-06,58.0,,,,,,,Prevotella pectinovora,100.0,90646.0,29.20150916753084,,High-quality,Prevotella,virulent,MGV
256,92cb5294-c49b-4599-90ac-edf77e812645,,IMGVR_UViG_3300045988_140237|3300045988|Ga0495776_169296,,30,0,34095,34066,,2.92e-07,60.0,,,,,,,Segatella buccae,100.0,55557.0,45.8988066310276,Caudoviricetes,High-quality,Prevotella,virulent,IMG_VR
257,92cb5294-c49b-4599-90ac-edf77e812645,,MGV-GENOME-0329672,,30,0,34095,34066,,2.92e-07,60.0,,,,,,,Segatella buccae,100.0,55557.0,45.8988066310276,Caudovirales,High-quality,Prevotella,virulent,MGV
258,4d536d0b-5384-4a32-b3cf-1e11a2d458fd,,IMGVR_UViG_3300007035_000022|3300007035|Ga0102545_100016|75631-125839,,30,1,40737,40766,,7.11e-05,52.0,,,,,,,Segatella buccae,96.667,50209.0,43.78896213826207,Caudoviricetes,High-quality,Prevotella,temperate,IMG_VR
259,4d536d0b-5384-4a32-b3cf-1e11a2d458fd,,IMGVR_UViG_3300045988_029689|3300045988|Ga0495776_085625,,30,1,1869,1840,,7.11e-05,52.0,,,,,,,Segatella buccae,96.667,38464.0,43.43801996672213,Caudoviricetes,High-quality,Prevotella,virulent,IMG_VR
260,4d536d0b-5384-4a32-b3cf-1e11a2d458fd,,SRS011111_a1_ct403_vs1,,30,1,35383,35412,,7.11e-05,52.0,,,,,,,Segatella buccae,96.667,38871.0,43.52602197010625,Siphoviridae,High-quality,Prevotella,virulent,CHVD
261,4d536d0b-5384-4a32-b3cf-1e11a2d458fd,,MGV-GENOME-0260108,,30,1,1869,1840,,7.11e-05,52.0,,,,,,,Segatella buccae,96.667,38464.0,43.43801996672213,Caudovirales,High-quality,Prevotella,virulent,MGV
262,623d759d-b13a-453f-92e0-88946bcc2de2,,IMGVR_UViG_3300028833_000004|3300028833|Ga0247610_10000074,,30,1,56920,56891,,7.11e-05,52.0,,,,,,,Segatella buccae,96.667,158651.0,31.56109952033079,Caudoviricetes,Complete,Cryptobacteroides,virulent,IMG_VR
263,e867699d-a14f-435f-b2f6-019b7d2b65a6,,SRS147140_a1_ct21097_vs1,,30,0,10242,10271,,2.92e-07,60.0,,,,,,,Segatella buccae,100.0,35961.0,41.34757097967242,Siphoviridae,Medium-quality,Prevotella,virulent,CHVD
264,e867699d-a14f-435f-b2f6-019b7d2b65a6,,SRS022530_a1_ct7127_vs1,,30,0,26606,26577,,2.92e-07,60.0,,,,,,,Segatella buccae,100.0,29192.0,42.24102493833927,-,Low-quality,Prevotella,virulent,CHVD
265,e867699d-a14f-435f-b2f6-019b7d2b65a6,,MGV-GENOME-0328576,,30,1,8207,8236,,7.11e-05,52.0,,,,,,,Segatella buccae,96.667,46353.0,46.38103251138006,Caudovirales,Medium-quality,Prevotella,virulent,MGV
266,e4ca2a88-80b8-4762-b681-794c761fe77f,,MGV-GENOME-0355230,,30,0,51102,51073,,2.92e-07,60.0,,,,,,,Segatella buccae,100.0,51314.0,46.36551428460069,Caudovirales,High-quality,Bacteroidales,virulent,MGV
267,e4ca2a88-80b8-4762-b681-794c761fe77f,,MGV-GENOME-0341746,,30,0,3305,3334,,2.92e-07,60.0,,,,,,,Segatella buccae,100.0,52159.0,46.64008128990203,Caudovirales,High-quality,Bacteroidales,virulent,MGV
268,e4ca2a88-80b8-4762-b681-794c761fe77f,,MGV-GENOME-0314403,,30,0,2230,2259,,2.92e-07,60.0,,,,,,,Segatella buccae,100.0,51632.0,46.86047412457391,Caudovirales,High-quality,Bacteroidales,virulent,MGV
269,e4ca2a88-80b8-4762-b681-794c761fe77f,,MGV-GENOME-0222658,,30,0,29812,29783,,2.92e-07,60.0,,,,,,,Segatella buccae,100.0,32010.0,47.1727585129647,Caudovirales,Medium-quality,Bacteroidales,virulent,MGV
270,e4ca2a88-80b8-4762-b681-794c761fe77f,,MGV-GENOME-0188382,,30,0,3078,3107,,2.92e-07,60.0,,,,,,,Segatella buccae,100.0,25984.0,47.30988300492611,Caudovirales,Medium-quality,Bacteroidales,virulent,MGV
271,e4ca2a88-80b8-4762-b681-794c761fe77f,,uvig_301207,,30,0,3378,3407,,2.92e-07,60.0,,,,,,,Segatella buccae,100.0,52450.0,46.74356530028599,Caudovirales,High-quality,Barnesiella intestinihominis,virulent,GPD
272,e4ca2a88-80b8-4762-b681-794c761fe77f,,MGV-GENOME-4425630,,30,0,49056,49027,,2.92e-07,60.0,,,,,,,Segatella buccae,100.0,51731.0,46.80559045833253,Caudovirales,Complete,Bacteroidales,virulent,MGV
273,e4ca2a88-80b8-4762-b681-794c761fe77f,,MGV-GENOME-0372930,,30,0,3333,3362,,2.92e-07,60.0,,,,,,,Segatella buccae,100.0,60716.0,46.30575136702023,Caudovirales,High-quality,Bacteroidales,virulent,MGV
274,e4ca2a88-80b8-4762-b681-794c761fe77f,,MGV-GENOME-0336699,,30,0,2915,2944,,2.92e-07,60.0,,,,,,,Segatella buccae,100.0,52136.0,46.84479054779806,Caudovirales,High-quality,Bacteroidales,virulent,MGV
275,e4ca2a88-80b8-4762-b681-794c761fe77f,,MGV-GENOME-0322230,,30,0,47063,47034,,2.92e-07,60.0,,,,,,,Segatella buccae,100.0,49885.0,47.07026160168388,Caudovirales,High-quality,Bacteroidales,virulent,MGV
276,33c9fe9e-fda0-415c-a534-6caceaa718b6,,OTU_841,,29,0,56066,56094,,1.15e-06,58.0,,,,,,,Segatella buccae,100.0,56445.0,46.98024625741873,Bertilviridae,Medium-quality,Prevotella,virulent,IGVD
277,33c9fe9e-fda0-415c-a534-6caceaa718b6,,uvig_397423,,29,0,11961,11933,,1.15e-06,58.0,,,,,,,Segatella buccae,100.0,27086.0,49.43144059661818,Caudovirales,Low-quality,Prevotella stercorea,virulent,GPD
278,33c9fe9e-fda0-415c-a534-6caceaa718b6,,Ma_2019_SRR413567_NODE_1806_length_11898_cov_2.813730,,29,0,412,384,,1.15e-06,58.0,,,,,,,Segatella buccae,100.0,11898.0,46.1253992267608,Caudovirales,Low-quality,Bacteroidaceae,virulent,GVD
279,1e01ddb0-efa2-4b9e-9217-4ed160d762b1,,OTU_841,,30,0,50906,50877,,2.92e-07,60.0,,,,,,,Segatella buccae,100.0,56445.0,46.98024625741873,Bertilviridae,Medium-quality,Prevotella,virulent,IGVD
280,1e01ddb0-efa2-4b9e-9217-4ed160d762b1,,OTU_6103,,30,0,14950,14921,,2.92e-07,60.0,,,,,,,Segatella buccae,100.0,18590.0,53.37816030123722,Zeniaviridae,Low-quality,Prevotella,temperate,IGVD
281,1e01ddb0-efa2-4b9e-9217-4ed160d762b1,,OTU_4838,,30,0,20321,20292,,2.92e-07,60.0,,,,,,,Segatella buccae,100.0,23961.0,50.911898501731976,Zeniaviridae,Medium-quality,Prevotella,temperate,IGVD
282,4b445b01-f475-4d9f-bf03-fca7896b162b,,uvig_533811,,30,0,3632,3661,,2.92e-07,60.0,,,,,,,Segatella buccae,100.0,26283.0,39.29536202107826,Caudovirales,High-quality,Parabacteroides distasonis,virulent,GPD
283,4b445b01-f475-4d9f-bf03-fca7896b162b,,MGV-GENOME-0128210,,30,0,12359,12330,,2.92e-07,60.0,,,,,,,Segatella buccae,100.0,15941.0,39.71519979925977,Caudovirales,Medium-quality,Prevotella,virulent,MGV
284,4b445b01-f475-4d9f-bf03-fca7896b162b,,IMGVR_UViG_3300039340_000067|3300039340|Ga0169801_00281|22292-53535,,30,0,26174,26145,,2.92e-07,60.0,,,,,,,Segatella buccae,100.0,31244.0,39.23633337600819,Caudoviricetes,High-quality,Prevotella,temperate,IMG_VR
285,4b445b01-f475-4d9f-bf03-fca7896b162b,,SAMEA2580213_a1_ct11143_vs1,,30,0,5082,5111,,2.92e-07,60.0,,,,,,,Segatella buccae,100.0,32550.0,39.61904761904762,Myoviridae,High-quality,Prevotella,temperate,CHVD
286,ae9908ec-2b59-4996-82b6-8d306c7b4902,,IMGVR_UViG_3300008281_000192|3300008281|Ga0113996_1000107|16268-70347,,30,1,50733,50704,,7.11e-05,52.0,,,,,,,Segatella buccae,96.667,54080.0,40.821005917159766,Caudoviricetes,High-quality,Prevotella,temperate,IMG_VR
287,ae9908ec-2b59-4996-82b6-8d306c7b4902,,SRS018443_a1_ct39747_vs1,,30,1,2157,2186,,7.11e-05,52.0,,,,,,,Segatella buccae,96.667,54372.0,40.59442360038255,Siphoviridae,High-quality,Prevotella,virulent,CHVD
288,84cfeff5-15b8-4b80-9054-effde718f23d,,OTU_6103,,30,0,14733,14704,,2.92e-07,60.0,,,,,,,Segatella buccae,100.0,18590.0,53.37816030123722,Zeniaviridae,Low-quality,Prevotella,temperate,IGVD
289,84cfeff5-15b8-4b80-9054-effde718f23d,,OTU_4838,,30,0,20104,20075,,2.92e-07,60.0,,,,,,,Segatella buccae,100.0,23961.0,50.911898501731976,Zeniaviridae,Medium-quality,Prevotella,temperate,IGVD
290,84cfeff5-15b8-4b80-9054-effde718f23d,,OTU_841,,30,1,50689,50660,,7.11e-05,52.0,,,,,,,Segatella buccae,96.667,56445.0,46.98024625741873,Bertilviridae,Medium-quality,Prevotella,virulent,IGVD
291,56f1a2ce-07d7-4026-b96c-df8c2bd5f202,,MGV-GENOME-0212506,,30,0,17839,17868,,2.92e-07,60.0,,,,,,,Segatella buccae,100.0,30191.0,51.37623795170746,Caudovirales,Medium-quality,Prevotella,virulent,MGV
292,56f1a2ce-07d7-4026-b96c-df8c2bd5f202,,Ma_2019_SRR413756_NODE_446_length_27293_cov_2.788788,,30,0,17839,17868,,2.92e-07,60.0,,,,,,,Segatella buccae,100.0,27293.0,50.595390759535405,Caudovirales,Medium-quality,Bacteroidaceae,virulent,GVD
293,56f1a2ce-07d7-4026-b96c-df8c2bd5f202,,uvig_324993,,30,0,17839,17868,,2.92e-07,60.0,,,,,,,Segatella buccae,100.0,27293.0,50.58806287326421,Caudovirales,Medium-quality,Prevotella copri,virulent,GPD
294,56f1a2ce-07d7-4026-b96c-df8c2bd5f202,,SAMN00792101_a1_ct5513_vs1,,30,0,402,373,,2.92e-07,60.0,,,,,,,Segatella buccae,100.0,13079.0,50.92132426026454,Myoviridae,Low-quality,Prevotella,virulent,CHVD
295,d8b71efb-33fc-41d2-903a-64c6448be62d,,OTU_4838,,30,0,22318,22289,,2.92e-07,60.0,,,,,,,Segatella buccae,100.0,23961.0,50.911898501731976,Zeniaviridae,Medium-quality,Prevotella,temperate,IGVD
296,d8b71efb-33fc-41d2-903a-64c6448be62d,,Ma_2019_SRR413635_NODE_3103_length_5644_cov_1.752729,,29,0,1488,1516,,1.15e-06,58.0,,,,,,,Segatella buccae,100.0,5644.0,44.011339475549256,Caudovirales,Not-determined,Bacillus velezensis,virulent,GVD
297,d8b71efb-33fc-41d2-903a-64c6448be62d,,OTU_6103,,30,1,16947,16918,,7.11e-05,52.0,,,,,,,Segatella buccae,96.667,18590.0,53.37816030123722,Zeniaviridae,Low-quality,Prevotella,temperate,IGVD
298,d8b71efb-33fc-41d2-903a-64c6448be62d,,SAMN05827107_a1_ct9711_vs1,,30,1,19129,19100,,7.11e-05,52.0,,,,,,,Segatella buccae,96.667,20765.0,52.92559595473152,Siphoviridae,Low-quality,Prevotella,temperate,CHVD
299,2727568d-29af-4d4f-9a49-94446c128c66,,uvig_533811,,30,0,2818,2789,,2.92e-07,60.0,,,,,,,Segatella buccae,100.0,26283.0,39.29536202107826,Caudovirales,High-quality,Parabacteroides distasonis,virulent,GPD
300,2727568d-29af-4d4f-9a49-94446c128c66,,MGV-GENOME-0128210,,30,0,13173,13202,,2.92e-07,60.0,,,,,,,Segatella buccae,100.0,15941.0,39.71519979925977,Caudovirales,Medium-quality,Prevotella,virulent,MGV
301,2727568d-29af-4d4f-9a49-94446c128c66,,IMGVR_UViG_3300039340_000067|3300039340|Ga0169801_00281|22292-53535,,30,0,26988,27017,,2.92e-07,60.0,,,,,,,Segatella buccae,100.0,31244.0,39.23633337600819,Caudoviricetes,High-quality,Prevotella,temperate,IMG_VR
302,2727568d-29af-4d4f-9a49-94446c128c66,,SAMEA2580213_a1_ct11143_vs1,,30,0,4268,4239,,2.92e-07,60.0,,,,,,,Segatella buccae,100.0,32550.0,39.61904761904762,Myoviridae,High-quality,Prevotella,temperate,CHVD
303,e449e70f-f9ef-4009-9b8c-9146075785e6,,OTU_841,,29,0,51905,51877,,1.15e-06,58.0,,,,,,,Segatella buccae,100.0,56445.0,46.98024625741873,Bertilviridae,Medium-quality,Prevotella,virulent,IGVD
304,1c578f97-6701-4fc0-8d0c-77298db198e9,,MGV-GENOME-0303693,,30,0,1330,1301,,2.92e-07,60.0,,,,,,,Segatella buccae,100.0,47752.0,51.10990115597252,Caudovirales,Medium-quality,Prevotella,temperate,MGV
305,1c578f97-6701-4fc0-8d0c-77298db198e9,,MGV-GENOME-0212506,,29,1,1582,1554,,0.000281,50.1,,,,,,,Segatella buccae,96.552,30191.0,51.37623795170746,Caudovirales,Medium-quality,Prevotella,virulent,MGV
306,1c578f97-6701-4fc0-8d0c-77298db198e9,,Ma_2019_SRR413756_NODE_446_length_27293_cov_2.788788,,29,1,1582,1554,,0.000281,50.1,,,,,,,Segatella buccae,96.552,27293.0,50.595390759535405,Caudovirales,Medium-quality,Bacteroidaceae,virulent,GVD
307,1c578f97-6701-4fc0-8d0c-77298db198e9,,uvig_324993,,29,1,1582,1554,,0.000281,50.1,,,,,,,Segatella buccae,96.552,27293.0,50.58806287326421,Caudovirales,Medium-quality,Prevotella copri,virulent,GPD
308,e5bb12c0-98f1-46ae-9e80-f4ac5fa9b615,,SAMEA2579955_b1_ct2_vs5,,30,0,47933,47904,,2.92e-07,60.0,,,,,,,Segatella buccae,100.0,51350.0,50.6952288218111,Siphoviridae,High-quality,Prevotella,temperate,CHVD
309,e5bb12c0-98f1-46ae-9e80-f4ac5fa9b615,,MGV-GENOME-0250011,,30,0,2349,2378,,2.92e-07,60.0,,,,,,,Segatella buccae,100.0,36742.0,51.24652985683959,Caudovirales,Medium-quality,Prevotella,temperate,MGV
310,e5bb12c0-98f1-46ae-9e80-f4ac5fa9b615,,Ma_2019_SRR413635_NODE_3103_length_5644_cov_1.752729,,30,0,2070,2099,,2.92e-07,60.0,,,,,,,Segatella buccae,100.0,5644.0,44.011339475549256,Caudovirales,Not-determined,Bacillus velezensis,virulent,GVD
311,ba28e277-2988-4487-b39b-f24d563d74a8,,IMGVR_UViG_3300028833_000004|3300028833|Ga0247610_10000074,,30,1,56920,56891,,7.11e-05,52.0,,,,,,,Segatella buccae,96.667,158651.0,31.56109952033079,Caudoviricetes,Complete,Cryptobacteroides,virulent,IMG_VR
312,20739806-271f-4a9b-91f8-1e6b943d3ee0,,IMGVR_UViG_3300045988_140237|3300045988|Ga0495776_169296,,30,0,34095,34066,,2.92e-07,60.0,,,,,,,Segatella buccae,100.0,55557.0,45.8988066310276,Caudoviricetes,High-quality,Prevotella,virulent,IMG_VR
313,20739806-271f-4a9b-91f8-1e6b943d3ee0,,MGV-GENOME-0329672,,30,0,34095,34066,,2.92e-07,60.0,,,,,,,Segatella buccae,100.0,55557.0,45.8988066310276,Caudovirales,High-quality,Prevotella,virulent,MGV
