array_id,biosampleaccn,contig_id,arraystart,arrayend,arraylen,avgrepeatlen,avgspacerlen,number_of_spacers,spacer_len_var,dist_to_cas13b,orientation,category,score,filter,date,organism,speciesname
6acaa9cd-f669-4b98-af4c-a910a52175d8,SAMN05000968,NZ_CP016277.1,2377783,2379660,1878,36,29,28,0.4987,553196,Reverse,Possible,0.6490,FAILED,09-07-2025-14-11-49,Flavobacterium columnare (CFB group bacteria),Flavobacterium columnare
26d94428-22ef-4a83-ab07-0d836c889898,SAMN10691118,NZ_CP034930.1,2029219,2029452,234,36,30,3,0.0000,206,Foward,Possible,0.5981,PASSED,09-07-2025-14-11-40,Apibacter raozihei (CFB group bacteria),Apibacter raozihei
e8edab1e-b333-4aac-94ed-7d468e9d5c0e,SAMN02463902,NZ_JH932293.1,2202844,2204247,1404,36,100,10,223.8893,59,Reverse,Possible,0.5913,FAILED,09-07-2025-14-14-32,Bergeyella zoohelcum ATCC 43767 (CFB group bacteria),Bergeyella zoohelcum
c7a62b82-e107-4ba9-8d6e-af982cc0caca,SAMN02463902,NZ_JH932293.1,2436,4078,1643,29,35,25,0.5686,2200228,Reverse,Possible,0.6194,FAILED,09-07-2025-14-14-32,Bergeyella zoohelcum ATCC 43767 (CFB group bacteria),Bergeyella zoohelcum
1ccbbfa6-5d80-4fc4-8c3b-a2d12251edac,SAMEA4362427,NZ_UFTL01000001.1,2117231,2118277,1047,47,29,13,0.2774,399907,Reverse,Possible,0.6384,FAILED,09-07-2025-14-14-34,Bergeyella zoohelcum (CFB group bacteria),Bergeyella zoohelcum
d3ab560b-e15c-401b-9dc5-2dc25022b660,SAMEA4362427,NZ_UFTL01000001.1,1717383,1718550,1168,36,77,10,149.2595,59,Foward,Possible,0.6087,FAILED,09-07-2025-14-14-34,Bergeyella zoohelcum (CFB group bacteria),Bergeyella zoohelcum
72f916fa-65bb-41ea-a610-1cbe66982037,SAMEA4362427,NZ_UFTL01000001.1,1601840,1603482,1643,29,35,25,0.5686,110168,Foward,Possible,0.6194,FAILED,09-07-2025-14-14-34,Bergeyella zoohelcum (CFB group bacteria),Bergeyella zoohelcum
11deae98-f07a-4df3-bfca-6fa0e8d28509,SAMEA4362427,NZ_UFTL01000001.1,213360,214561,1202,47,30,15,0.0000,1499089,Reverse,Possible,0.6345,FAILED,09-07-2025-14-14-34,Bergeyella zoohelcum (CFB group bacteria),Bergeyella zoohelcum
a68b9370-83bd-4e16-b3c8-c5f14d60ab02,SAMEA104307710,NZ_UYIV01000001.1,2128355,2129402,1048,47,30,13,0.0000,563902,Foward,Possible,0.6676,FAILED,09-07-2025-14-14-36,Bergeyella zoohelcum (CFB group bacteria),Bergeyella zoohelcum
e327b6c0-1c9a-46ca-b7e9-12e243bcd2ef,SAMEA104307710,NZ_UYIV01000001.1,2103712,2104143,432,47,30,5,0.0000,539259,Reverse,Possible,0.6776,FAILED,09-07-2025-14-14-36,Bergeyella zoohelcum (CFB group bacteria),Bergeyella zoohelcum
9441b183-a692-4e06-a160-81fd93bf9b67,SAMEA104307710,NZ_UYIV01000001.1,2100506,2101607,1102,47,40,12,37.8164,536053,Reverse,Possible,0.6643,FAILED,09-07-2025-14-14-36,Bergeyella zoohelcum (CFB group bacteria),Bergeyella zoohelcum
b3c09bcb-7c8c-4d2e-848d-428bf6881d92,SAMEA104307710,NZ_UYIV01000001.1,2069351,2069517,167,41,22,2,0.0000,504898,Reverse,Possible,0.6461,FAILED,09-07-2025-14-14-36,Bergeyella zoohelcum (CFB group bacteria),Bergeyella zoohelcum
5f0ecfaf-8245-45b4-b9a7-cdfb80a495df,SAMEA104307710,NZ_UYIV01000001.1,1992448,1994725,2278,47,29,29,0.2579,427995,Reverse,Possible,0.6776,FAILED,09-07-2025-14-14-36,Bergeyella zoohelcum (CFB group bacteria),Bergeyella zoohelcum
44c48aa5-dfc4-4cdf-bacc-c381da2b2d71,SAMEA104200672,NZ_LR215974.1,1121912,1122417,506,37,30,7,0.0000,116,Reverse,Possible,0.5617,PASSED,09-07-2025-14-11-46,Chryseobacterium taihuense (CFB group bacteria),Chryseobacterium taihuense
00832fd1-4e22-47e4-8dd9-d7d1863ab07a,SAMEA104200672,NZ_LR215974.1,507045,509247,2203,47,30,28,0.0000,613286,Reverse,Possible,0.6637,FAILED,09-07-2025-14-11-46,Chryseobacterium taihuense (CFB group bacteria),Chryseobacterium taihuense
32209440-7f77-4888-98b0-5b2872249d98,SAMN06754876,NZ_CP022378.1,2482495,2484390,1896,47,30,24,0.2041,287552,Reverse,Possible,0.6776,FAILED,09-07-2025-14-11-42,Capnocytophaga cynodegmi (CFB group bacteria),Capnocytophaga cynodegmi
41b09853-fb0b-4eed-9ab0-c08451238021,SAMN06754876,NZ_CP022378.1,2195002,2195749,748,36,43,9,38.9597,59,Foward,Possible,0.6469,FAILED,09-07-2025-14-11-42,Capnocytophaga cynodegmi (CFB group bacteria),Capnocytophaga cynodegmi
66521742-da5d-4a16-8b60-ed68a7b7ca69,SAMN06289146,NZ_CP022387.1,2673212,2677800,4589,47,30,59,0.0000,2133216,Reverse,Possible,0.6637,FAILED,09-07-2025-14-11-44,Capnocytophaga stomatis (CFB group bacteria),Capnocytophaga stomatis
33c30eb7-fd97-45d4-85df-fd7fae9451af,SAMN06289146,NZ_CP022387.1,533233,536263,3031,36,38,40,31.6626,59,Reverse,Possible,0.6750,FAILED,09-07-2025-14-11-44,Capnocytophaga stomatis (CFB group bacteria),Capnocytophaga stomatis
fd1c282a-ceb4-4823-b969-a388829db374,SAMN05000968,NZ_CP016277.1,1819852,1820806,955,36,29,14,0.4972,137,Reverse,Possible,0.6776,PASSED,09-07-2025-14-11-49,Flavobacterium columnare (CFB group bacteria),Flavobacterium columnare
81dc4b76-a9b2-48a6-b08e-fff5721dece3,SAMN06184581,NZ_CP018912.1,2900948,2901902,955,36,29,14,0.4972,137,Foward,Possible,0.7209,PASSED,09-07-2025-14-11-51,Flavobacterium columnare (CFB group bacteria),Flavobacterium columnare
9c345e76-ded5-44bc-9ca1-644b04ec3b0d,SAMN06184581,NZ_CP018912.1,2342108,2343985,1878,36,29,28,0.4987,553182,Foward,Possible,0.6676,FAILED,09-07-2025-14-11-51,Flavobacterium columnare (CFB group bacteria),Flavobacterium columnare
8028a8ca-23fc-453e-8d07-6f6f5d03ae84,SAMN13705423,NZ_CP051861.1,2973273,2975660,2388,36,31,35,8.1522,562848,Reverse,Possible,0.5914,FAILED,09-07-2025-14-11-53,Flavobacterium columnare (CFB group bacteria),Flavobacterium columnare
0541e37c-3987-469d-bfb0-1b2afeebd22d,SAMN13705423,NZ_CP051861.1,2405713,2406668,956,36,29,14,0.4688,137,Reverse,Possible,0.6484,PASSED,09-07-2025-14-11-53,Flavobacterium columnare (CFB group bacteria),Flavobacterium columnare
f38a7c16-7335-4420-bbe8-0a21ac85466d,SAMN47059527,NZ_CP185773.1,3180966,3182842,1877,36,29,28,0.4410,137,Foward,Possible,0.6917,PASSED,09-07-2025-14-11-55,Flavobacterium columnare (CFB group bacteria),Flavobacterium columnare
d411b780-9220-43ba-8208-e1edb88d4933,SAMN47059527,NZ_CP185773.1,2588199,2589572,1374,36,30,20,4.9831,587718,Foward,Possible,0.6123,FAILED,09-07-2025-14-11-55,Flavobacterium columnare (CFB group bacteria),Flavobacterium columnare
45804759-36c6-4f11-ad58-690f221d8ca9,SAMN04386100,NZ_CP013992.1,758541,758905,365,36,29,5,0.8367,137,Reverse,Possible,0.6776,PASSED,09-07-2025-14-11-58,Flavobacterium covae (CFB group bacteria),Flavobacterium covae
dd34bfe7-a90b-4786-ae46-c60b66b939af,SAMN04386100,NZ_CP013992.1,320994,323320,2327,36,31,34,8.9574,435722,Foward,Possible,0.6053,FAILED,09-07-2025-14-11-58,Flavobacterium covae (CFB group bacteria),Flavobacterium covae
e6fae951-3b2b-48cc-9c70-abdd533ddc65,SAMN04487986,NZ_CP015107.1,3130438,3130890,453,28,57,5,43.3797,145,Reverse,Possible,0.5794,FAILED,09-07-2025-14-12-00,Flavobacterium covae (CFB group bacteria),Flavobacterium covae
ed3d9f14-9654-429d-91d4-55ffc4676f9e,SAMN04487986,NZ_CP015107.1,944817,946354,1538,36,32,22,11.5486,2180298,Reverse,Possible,0.5942,FAILED,09-07-2025-14-12-00,Flavobacterium covae (CFB group bacteria),Flavobacterium covae
e809943c-1bd0-4ddc-a5e4-5ecba325f207,SAMN28596590,NZ_CP097867.1,2555415,2556234,820,37,74,7,78.7098,137,Reverse,Possible,0.5535,FAILED,09-07-2025-14-12-02,Flavobacterium covae (CFB group bacteria),Flavobacterium covae
3c4e0d60-d6ae-4154-9638-cb2e060a49f5,SAMN28596590,NZ_CP097867.1,988354,989174,821,36,29,12,1.1677,1567197,Reverse,Possible,0.5772,FAILED,09-07-2025-14-12-02,Flavobacterium covae (CFB group bacteria),Flavobacterium covae
d4ef3b7e-14f2-4b5a-9020-7ce24a6413af,SAMN25131779,NZ_CP091285.1,4172682,4175127,2446,36,27,38,1.1750,348420,Foward,Possible,0.6607,FAILED,09-07-2025-14-12-09,Flavobacterium jumunjinense (CFB group bacteria),Flavobacterium jumunjinense
27b46a6c-fa1b-4bce-a004-1fe1e3973640,SAMN25131779,NZ_CP091285.1,3820339,3820571,233,35,31,3,0.0000,107,Reverse,Possible,0.6637,PASSED,09-07-2025-14-12-09,Flavobacterium jumunjinense (CFB group bacteria),Flavobacterium jumunjinense
6829e4c2-382b-43fa-9f5a-84756f1edf50,SAMN25131779,NZ_CP091285.1,2330003,2330244,242,32,20,4,21.0000,1490434,Reverse,Possible,0.5344,FAILED,09-07-2025-14-12-09,Flavobacterium jumunjinense (CFB group bacteria),Flavobacterium jumunjinense
22804644-1910-4866-a132-3d7b4852e2b2,SAMN25131779,NZ_CP091285.1,786491,788353,1863,46,29,24,0.4643,3032325,Foward,Possible,0.6838,FAILED,09-07-2025-14-12-09,Flavobacterium jumunjinense (CFB group bacteria),Flavobacterium jumunjinense
d4ef3b7e-14f2-4b5a-9020-7ce24a6413af,SAMN25131779,NZ_CP091285.1,4172682,4175127,2446,36,27,38,1.1750,348420,Foward,Possible,0.6607,FAILED,09-07-2025-14-12-09,Flavobacterium jumunjinense (CFB group bacteria),Flavobacterium jumunjinense
27b46a6c-fa1b-4bce-a004-1fe1e3973640,SAMN25131779,NZ_CP091285.1,3820339,3820571,233,35,31,3,0.0000,107,Reverse,Possible,0.6637,PASSED,09-07-2025-14-12-09,Flavobacterium jumunjinense (CFB group bacteria),Flavobacterium jumunjinense
6829e4c2-382b-43fa-9f5a-84756f1edf50,SAMN25131779,NZ_CP091285.1,2330003,2330244,242,32,20,4,21.0000,1490434,Reverse,Possible,0.5344,FAILED,09-07-2025-14-12-09,Flavobacterium jumunjinense (CFB group bacteria),Flavobacterium jumunjinense
22804644-1910-4866-a132-3d7b4852e2b2,SAMN25131779,NZ_CP091285.1,786491,788353,1863,46,29,24,0.4643,3032325,Foward,Possible,0.6838,FAILED,09-07-2025-14-12-09,Flavobacterium jumunjinense (CFB group bacteria),Flavobacterium jumunjinense
a2e45554-7938-4c84-8f32-3911a240a9b7,SAMN04270979,NZ_CP013690.1,4175953,4176591,639,36,31,9,0.0000,117,Foward,Possible,0.5668,PASSED,09-07-2025-14-12-17,Myroides odoratimimus (CFB group bacteria),Myroides odoratimimus
c4ea97ef-c28c-46f5-a60e-3eaa8aa1b2a9,SAMD00078003,NZ_AP018042.1,4512451,4512622,172,32,38,2,48.0833,655761,Reverse,Possible,0.6264,FAILED,09-07-2025-14-12-13,Labilibaculum antarcticum (CFB group bacteria),Labilibaculum antarcticum
0ecfe3a1-2bab-4247-9a32-e1220e1fcbec,SAMN04270979,NZ_CP013690.1,4164876,4165099,224,43,47,2,4.9497,7258,Reverse,Possible,0.5313,FAILED,09-07-2025-14-12-17,Myroides odoratimimus (CFB group bacteria),Myroides odoratimimus
94520140-0ee1-47ce-89ef-3d7921abf2c0,SAMN04270979,NZ_CP013690.1,3847596,3848744,1149,30,36,17,0.7906,323613,Foward,Possible,0.6055,FAILED,09-07-2025-14-12-17,Myroides odoratimimus (CFB group bacteria),Myroides odoratimimus
39d87702-4c1c-47e7-827b-c2f9ae36a423,SAMN04270979,NZ_CP013690.1,3841825,3846203,4379,30,35,66,1.0096,326154,Foward,Possible,0.6619,FAILED,09-07-2025-14-12-17,Myroides odoratimimus (CFB group bacteria),Myroides odoratimimus
4015dd49-992e-40db-83b7-a6a56411773c,SAMN11047481,NZ_CP037427.1,3669599,3671538,1940,22,44,29,0.8892,336799,Reverse,Possible,0.5279,FAILED,09-07-2025-14-12-20,Myroides odoratimimus (CFB group bacteria),Myroides odoratimimus
c10f6484-847b-45a8-90aa-081bdcf1cd09,SAMN11047481,NZ_CP037427.1,3555420,3555656,237,33,35,3,36.2261,222620,Foward,Possible,0.5068,FAILED,09-07-2025-14-12-20,Myroides odoratimimus (CFB group bacteria),Myroides odoratimimus
aabe0364-08c0-4e0a-b33e-09f2136de991,SAMN11047481,NZ_CP037427.1,3328095,3329203,1109,37,30,16,0.0000,118,Reverse,Possible,0.6484,PASSED,09-07-2025-14-12-20,Myroides odoratimimus (CFB group bacteria),Myroides odoratimimus
7d6f2763-4ed5-43f3-a500-baf67b575d34,SAMN25263445,NZ_CP091791.1,2421554,2422280,727,24,46,10,1.5670,340,Reverse,Possible,0.5398,FAILED,09-07-2025-14-13-58,Prevotella communis (CFB group bacteria),Prevotella communis
44bdfd62-af31-4832-abe1-6c68749930f2,SAMN02603919,NC_018721.1,4004754,4005207,454,49,33,5,23.4414,1391414,Foward,Possible,0.5161,FAILED,09-07-2025-14-12-25,Psychroflexus torquis ATCC 700755 (CFB group bacteria),Psychroflexus torquis
916c624a-4005-47ee-a3e7-8ff1fa14b8e0,SAMN02603919,NC_018721.1,3523856,3525268,1413,45,60,13,39.4915,910516,Foward,Possible,0.5511,FAILED,09-07-2025-14-12-25,Psychroflexus torquis ATCC 700755 (CFB group bacteria),Psychroflexus torquis
02be6169-776e-4797-ba11-39b23470aae5,SAMN02603919,NC_018721.1,2613484,2614177,694,34,32,10,71.3677,144,Foward,Possible,0.6205,PASSED,09-07-2025-14-12-25,Psychroflexus torquis ATCC 700755 (CFB group bacteria),Psychroflexus torquis
b30756bd-25ee-4045-8c49-afb664bc06f5,SAMN02603919,NC_018721.1,2608898,2609328,431,36,29,6,0.0000,575,Foward,Possible,0.6655,PASSED,09-07-2025-14-12-25,Psychroflexus torquis ATCC 700755 (CFB group bacteria),Psychroflexus torquis
77d514dd-ca95-4efe-bd4b-195e2b34689c,SAMN02603919,NC_018721.1,1782769,1782932,164,25,44,2,0.0000,826971,Reverse,Possible,0.6227,FAILED,09-07-2025-14-12-25,Psychroflexus torquis ATCC 700755 (CFB group bacteria),Psychroflexus torquis
9fab5ec2-3702-4eca-8020-37af122a4f51,SAMN02603919,NC_018721.1,347487,348171,685,45,36,8,37.6751,2261732,Reverse,Possible,0.5089,FAILED,09-07-2025-14-12-25,Psychroflexus torquis ATCC 700755 (CFB group bacteria),Psychroflexus torquis
e73dfd3b-586a-4acd-9006-66fb48dfe2f6,SAMN02603919,NC_018721.1,320383,322409,2027,46,33,25,17.2464,2287494,Reverse,Possible,0.6415,FAILED,09-07-2025-14-12-25,Psychroflexus torquis ATCC 700755 (CFB group bacteria),Psychroflexus torquis
ae71b567-95ca-4390-8fb8-fe4165472c5a,SAMN02603919,NC_018721.1,282483,283247,765,40,64,7,90.3741,2326656,Foward,Possible,0.5428,FAILED,09-07-2025-14-12-25,Psychroflexus torquis ATCC 700755 (CFB group bacteria),Psychroflexus torquis
5343da54-e709-4650-af68-c354b44ad166,SAMN09907746,NZ_CP031845.1,1740682,1741883,1202,47,30,15,0.0000,1316057,Foward,Possible,0.5668,FAILED,09-07-2025-14-12-43,Riemerella anatipestifer (CFB group bacteria),Riemerella anatipestifer
c6dbe193-2b2f-4158-9f5f-09b91c3f56a4,SAMN09907746,NZ_CP031845.1,418435,420666,2232,36,147,12,405.2999,672,Reverse,Possible,0.5078,FAILED,09-07-2025-14-12-43,Riemerella anatipestifer (CFB group bacteria),Riemerella anatipestifer
ed21a796-2545-49d2-a0b2-367cba385d52,SAMN19113859,NZ_CP079205.1,1685202,1687301,2100,36,170,10,443.9838,672,Reverse,Possible,0.5080,FAILED,09-07-2025-14-12-44,Riemerella anatipestifer RA-YM (CFB group bacteria),Riemerella anatipestifer
1879182c-99ea-48b5-aa82-80663d1aa2f2,SAMN19113859,NZ_CP079205.1,846904,847874,971,47,30,12,0.0000,840099,Foward,Possible,0.5778,FAILED,09-07-2025-14-12-44,Riemerella anatipestifer RA-YM (CFB group bacteria),Riemerella anatipestifer
414a56f7-cd85-4334-8385-d772ac8e8f33,SAMN03761967,NZ_CP011859.1,681313,681821,509,47,30,6,0.0000,818136,Foward,Possible,0.6681,FAILED,09-07-2025-14-12-47,Riemerella anatipestifer (CFB group bacteria),Riemerella anatipestifer
4185f787-aafe-45e6-adda-76f493e15cbf,SAMEA4063029,NZ_LT906475.1,1696051,1698415,2365,36,130,14,375.2143,672,Reverse,Possible,0.5078,FAILED,09-07-2025-14-12-49,Riemerella anatipestifer (CFB group bacteria),Riemerella anatipestifer
6a30fba3-6abc-41ce-b6ad-2654b7c17407,SAMEA4063029,NZ_LT906475.1,861227,862196,970,47,30,12,0.0000,836891,Foward,Possible,0.5668,FAILED,09-07-2025-14-12-49,Riemerella anatipestifer (CFB group bacteria),Riemerella anatipestifer
fa6632c7-ea96-471e-846a-2497ffcb131f,SAMN13111529,NZ_CP045564.1,1693207,1695571,2365,36,130,14,375.2143,672,Reverse,Possible,0.5078,FAILED,09-07-2025-14-12-58,Riemerella anatipestifer (CFB group bacteria),Riemerella anatipestifer
c195cadc-505e-4981-bbb8-87dfcd437aae,SAMN13111529,NZ_CP045564.1,857414,858384,971,47,30,12,0.0000,837859,Foward,Possible,0.5778,FAILED,09-07-2025-14-12-58,Riemerella anatipestifer (CFB group bacteria),Riemerella anatipestifer
96f68c4f-fa9a-4efe-afb7-059185385a70,SAMN41998628,NZ_CP159333.1,1684162,1686460,2299,36,138,13,389.3765,672,Reverse,Possible,0.5078,FAILED,09-07-2025-14-12-30,Riemerella anatipestifer (CFB group bacteria),Riemerella anatipestifer
4a838396-84b5-44a3-a22e-40692d8e38a7,SAMN41998628,NZ_CP159333.1,848800,849539,740,47,30,9,0.0000,837593,Foward,Possible,0.5778,FAILED,09-07-2025-14-12-30,Riemerella anatipestifer (CFB group bacteria),Riemerella anatipestifer
e7ccfdc9-f427-4cfe-9f7e-c241060be07b,SAMN43911957,NZ_CP170447.1,974192,978548,4357,47,29,56,0.1336,845283,Foward,Possible,0.7410,FAILED,09-07-2025-14-12-32,Riemerella anatipestifer (CFB group bacteria),Riemerella anatipestifer
ff191863-b4b5-422e-9a35-0938b2d9e08a,SAMN40623457,NZ_CP160446.1,1701133,1703430,2298,36,138,13,389.3995,672,Reverse,Possible,0.5078,FAILED,09-07-2025-14-12-33,Riemerella anatipestifer (CFB group bacteria),Riemerella anatipestifer
6015a7dd-8ebc-4c1a-b568-e684c0003bb5,SAMN40623457,NZ_CP160446.1,860817,862172,1356,47,30,17,0.0000,841930,Foward,Possible,0.5981,FAILED,09-07-2025-14-12-33,Riemerella anatipestifer (CFB group bacteria),Riemerella anatipestifer
30865cc6-70c5-401b-8978-51a7d3d4c517,SAMN45156075,NZ_CP175928.1,1687955,1690186,2232,36,147,12,405.2999,672,Reverse,Possible,0.5078,FAILED,09-07-2025-14-12-35,Riemerella anatipestifer (CFB group bacteria),Riemerella anatipestifer
5f1a0bc2-7095-4971-9a55-63019a6317b0,SAMN45156075,NZ_CP175928.1,848369,849801,1433,47,30,18,0.0000,841057,Foward,Possible,0.5981,FAILED,09-07-2025-14-12-35,Riemerella anatipestifer (CFB group bacteria),Riemerella anatipestifer
437fcb6a-4467-4b00-a996-c6ac18c8868d,SAMN45156076,NZ_CP175957.1,1790907,1793554,2648,36,94,20,288.9000,674,Reverse,Possible,0.5823,FAILED,09-07-2025-14-12-37,Riemerella anatipestifer (CFB group bacteria),Riemerella anatipestifer
7c42f8eb-c0dc-4b73-8e66-7e9d730b84e5,SAMN45156076,NZ_CP175957.1,957819,960097,2279,47,30,29,0.0000,834131,Foward,Possible,0.6917,FAILED,09-07-2025-14-12-37,Riemerella anatipestifer (CFB group bacteria),Riemerella anatipestifer
f9961526-c7c4-49b6-8b91-87899f5b8e10,SAMN45934160,NZ_CP176754.1,1696436,1698667,2232,36,147,12,405.2999,672,Reverse,Possible,0.5078,FAILED,09-07-2025-14-12-38,Riemerella anatipestifer (CFB group bacteria),Riemerella anatipestifer
57f8bf60-ad10-4162-9e27-7f1b11910bdf,SAMN45934160,NZ_CP176754.1,850622,852517,1896,47,30,24,0.2041,846822,Foward,Possible,0.5981,FAILED,09-07-2025-14-12-38,Riemerella anatipestifer (CFB group bacteria),Riemerella anatipestifer
e509bb0a-a958-4bc0-8c57-e1e36d7ee659,SAMN07840095,NZ_CP024596.1,1812078,1815771,3694,46,30,48,0.2917,1234393,Foward,Possible,0.6637,FAILED,09-07-2025-14-13-00,Porphyromonas gingivalis (CFB group bacteria),Porphyromonas gingivalis
9cf1caf0-a5ff-410c-bce7-636573e61184,SAMN07840095,NZ_CP024596.1,939749,941026,1278,30,35,19,1.0569,362064,Foward,Possible,0.6157,FAILED,09-07-2025-14-13-00,Porphyromonas gingivalis (CFB group bacteria),Porphyromonas gingivalis
59da1dce-8e92-4d6e-84ca-a953e6cb4d60,SAMN07840095,NZ_CP024596.1,572739,573569,831,37,29,12,0.2887,757,Reverse,Alternative,0.7245,PASSED,09-07-2025-14-13-00,Porphyromonas gingivalis (CFB group bacteria),Porphyromonas gingivalis
913625d9-995a-493d-8d74-ab1e9f20968b,SAMN07840095,NZ_CP024596.1,572739,573568,830,36,30,12,0.3892,758,Reverse,Bona-fide,0.7571,PASSED,09-07-2025-14-13-00,Porphyromonas gingivalis (CFB group bacteria),Porphyromonas gingivalis
b1b3855d-16ec-4a91-91ab-ac6fa40ae57c,SAMN07836928,NZ_CP024601.1,2219867,2221809,1943,46,29,25,0.3317,1058541,Reverse,Possible,0.6198,FAILED,09-07-2025-14-13-02,Porphyromonas gingivalis (CFB group bacteria),Porphyromonas gingivalis
dc36de83-41bf-489a-b2dc-a932170f3f06,SAMN07836928,NZ_CP024601.1,1156475,1157040,566,37,28,8,0.3536,759,Reverse,Alternative,0.7080,PASSED,09-07-2025-14-13-02,Porphyromonas gingivalis (CFB group bacteria),Porphyromonas gingivalis
319adc09-d80b-4a7b-81e0-10bddab4ac6a,SAMN07836928,NZ_CP024601.1,1156477,1157040,564,36,30,8,0.0000,759,Reverse,Bona-fide,0.7571,PASSED,09-07-2025-14-13-02,Porphyromonas gingivalis (CFB group bacteria),Porphyromonas gingivalis
cc38743d-a679-43c9-a2e1-a7705f944c6b,SAMN07840081,NZ_CP024600.1,714951,715316,366,36,30,5,0.0000,759,Foward,Possible,0.6760,PASSED,09-07-2025-14-13-05,Porphyromonas gingivalis (CFB group bacteria),Porphyromonas gingivalis
77242881-7478-4493-ae6b-8925b48e7ce6,SAMN07840081,NZ_CP024600.1,322213,323296,1084,30,35,16,1.0247,387369,Foward,Possible,0.6449,FAILED,09-07-2025-14-13-05,Porphyromonas gingivalis (CFB group bacteria),Porphyromonas gingivalis
e7142057-b18d-4370-aa3b-7c7d30f8d10c,SAMN07840090,NZ_CP024591.1,1826715,1827147,433,37,29,6,0.0000,760,Foward,Possible,0.6891,PASSED,09-07-2025-14-13-10,Porphyromonas gingivalis (CFB group bacteria),Porphyromonas gingivalis
22ac33fa-ca7e-4455-a91d-e5419357c075,SAMN07840090,NZ_CP024591.1,1584254,1584945,692,30,36,10,0.7888,237651,Reverse,Possible,0.6185,FAILED,09-07-2025-14-13-10,Porphyromonas gingivalis (CFB group bacteria),Porphyromonas gingivalis
180020f5-0bd5-45e8-978c-f7e52c150480,SAMN07840090,NZ_CP024591.1,1479962,1480662,701,37,36,9,2.4381,341934,Foward,Possible,0.6379,FAILED,09-07-2025-14-13-10,Porphyromonas gingivalis (CFB group bacteria),Porphyromonas gingivalis
cd777bc1-b5eb-425e-9032-279770fe8fba,SAMN07840090,NZ_CP024591.1,209107,209472,366,36,30,5,0.0000,1613124,Reverse,Possible,0.7017,FAILED,09-07-2025-14-13-10,Porphyromonas gingivalis (CFB group bacteria),Porphyromonas gingivalis
73ead78a-622a-4e6f-be32-808294eee563,SAMN07840091,NZ_CP024592.1,1749813,1750770,958,46,30,12,0.0000,1296819,Foward,Possible,0.6637,FAILED,09-07-2025-14-13-12,Porphyromonas gingivalis (CFB group bacteria),Porphyromonas gingivalis
9a59d1ae-1a91-48fd-b4b7-723725ce5dd6,SAMN07840091,NZ_CP024592.1,453754,454185,432,36,30,6,0.0000,760,Foward,Possible,0.7217,PASSED,09-07-2025-14-13-12,Porphyromonas gingivalis (CFB group bacteria),Porphyromonas gingivalis
951a708f-656a-448d-9b4f-83d388bd5d7f,SAMN07840091,NZ_CP024592.1,151005,151552,548,37,36,7,1.9149,297916,Reverse,Possible,0.6253,FAILED,09-07-2025-14-13-12,Porphyromonas gingivalis (CFB group bacteria),Porphyromonas gingivalis
1b617c44-a9bc-4a58-9d92-859ac9fef6a0,SAMN07840091,NZ_CP024592.1,118104,118994,891,30,36,13,1.4806,330474,Reverse,Possible,0.6232,FAILED,09-07-2025-14-13-12,Porphyromonas gingivalis (CFB group bacteria),Porphyromonas gingivalis
15722d7f-5387-4780-ac08-414406db5c05,SAMN07840092,NZ_CP024593.1,1081972,1091801,9830,30,35,149,1.8650,337793,Foward,Possible,0.6449,FAILED,09-07-2025-14-13-14,Porphyromonas gingivalis (CFB group bacteria),Porphyromonas gingivalis
cf47bf61-bf5e-4870-8c55-0763214cf417,SAMN07840092,NZ_CP024593.1,1048083,1048420,338,37,38,4,3.5940,303904,Foward,Possible,0.5806,FAILED,09-07-2025-14-13-14,Porphyromonas gingivalis (CFB group bacteria),Porphyromonas gingivalis
9c0e2cb3-8977-4667-9158-13dca78bcd9b,SAMN07840092,NZ_CP024593.1,739528,739893,366,36,30,5,0.0000,759,Reverse,Possible,0.7114,PASSED,09-07-2025-14-13-14,Porphyromonas gingivalis (CFB group bacteria),Porphyromonas gingivalis
6fc9587f-2b24-4ec5-a583-71c915efe77a,SAMN07840094,NZ_CP024594.1,2415060,2415471,412,37,38,5,3.1623,272194,Reverse,Possible,0.5867,FAILED,09-07-2025-14-13-16,Porphyromonas gingivalis (CFB group bacteria),Porphyromonas gingivalis
d20a40a9-3559-400a-bfa5-a6ee744e0d42,SAMN07840094,NZ_CP024594.1,2372740,2381519,8780,30,35,133,1.9724,229874,Reverse,Possible,0.6303,FAILED,09-07-2025-14-13-16,Porphyromonas gingivalis (CFB group bacteria),Porphyromonas gingivalis
a16f006c-bea0-4e5e-9d3f-eb84ffa8ab84,SAMN07840094,NZ_CP024594.1,2138347,2138581,235,37,29,3,0.0000,758,Reverse,Possible,0.6309,PASSED,09-07-2025-14-13-16,Porphyromonas gingivalis (CFB group bacteria),Porphyromonas gingivalis
89fb59ca-1edc-43b0-92eb-4b29cb610b1f,SAMN07840094,NZ_CP024594.1,33687,33936,250,52,47,2,46.6690,2105403,Foward,Possible,0.5589,FAILED,09-07-2025-14-13-16,Porphyromonas gingivalis (CFB group bacteria),Porphyromonas gingivalis
009ece39-35fc-49a6-9d00-9c4ad4a9cbd3,SAMN07840097,NZ_CP024595.1,2316828,2317015,188,37,38,2,3.5355,1234428,Reverse,Possible,0.6256,FAILED,09-07-2025-14-13-19,Porphyromonas gingivalis (CFB group bacteria),Porphyromonas gingivalis
b6b53499-2e99-49c0-99b7-c2d247245e5e,SAMN07840097,NZ_CP024595.1,2271481,2282122,10642,30,35,161,0.9313,1189081,Reverse,Possible,0.6583,FAILED,09-07-2025-14-13-19,Porphyromonas gingivalis (CFB group bacteria),Porphyromonas gingivalis
9d52368d-127b-49dc-8d8f-51c20411437e,SAMN07840097,NZ_CP024595.1,264811,265374,564,36,30,8,0.0000,813619,Foward,Possible,0.7217,FAILED,09-07-2025-14-13-19,Porphyromonas gingivalis (CFB group bacteria),Porphyromonas gingivalis
5ff3c83f-f555-44f6-8450-b5a7064c14ee,SAMN07840097,NZ_CP024595.1,1082407,1083036,630,37,28,9,0.5000,7,Foward,Alternative,0.6765,PASSED,09-07-2025-14-13-19,Porphyromonas gingivalis (CFB group bacteria),Porphyromonas gingivalis
f5dfdc2c-0704-4c18-a8a1-0e88de9bd2f3,SAMN07840097,NZ_CP024595.1,1082408,1083036,629,36,29,9,0.3333,8,Foward,Bona-fide,0.7528,PASSED,09-07-2025-14-13-19,Porphyromonas gingivalis (CFB group bacteria),Porphyromonas gingivalis
aeb375a3-1aff-4ca4-b6cb-701683d84249,SAMN07831761,NZ_CP024597.1,1555265,1555766,502,46,30,6,0.0000,1121256,Reverse,Possible,0.5367,FAILED,09-07-2025-14-13-21,Porphyromonas gingivalis (CFB group bacteria),Porphyromonas gingivalis
1ce7d9e0-a872-4916-8769-6399fa1f4d6e,SAMN07831761,NZ_CP024597.1,429225,429724,500,38,27,7,0.0000,758,Reverse,Alternative,0.6309,PASSED,09-07-2025-14-13-21,Porphyromonas gingivalis (CFB group bacteria),Porphyromonas gingivalis
c4337b6a-a5c3-4e6e-8609-d76e2db45ba4,SAMN07831761,NZ_CP024597.1,429226,429723,498,36,30,7,0.0000,759,Reverse,Bona-fide,0.7571,PASSED,09-07-2025-14-13-21,Porphyromonas gingivalis (CFB group bacteria),Porphyromonas gingivalis
d5ef5a16-746c-465d-a8e4-a619e897a486,SAMN07836904,NZ_CP024598.1,1488948,1489975,1028,36,30,15,0.5164,760,Foward,Possible,0.7217,PASSED,09-07-2025-14-13-23,Porphyromonas gingivalis (CFB group bacteria),Porphyromonas gingivalis
58761ccb-d175-4258-a32e-092cdc7ad890,SAMN07836904,NZ_CP024598.1,372546,375021,2476,46,29,32,0.2459,1109640,Foward,Possible,0.6637,FAILED,09-07-2025-14-13-23,Porphyromonas gingivalis (CFB group bacteria),Porphyromonas gingivalis
294a714c-e4ed-4e88-bd79-a246ffbab39b,SAMN07836934,NZ_CP024599.1,1598685,1599116,432,36,30,6,0.0000,760,Foward,Possible,0.7217,PASSED,09-07-2025-14-13-25,Porphyromonas gingivalis (CFB group bacteria),Porphyromonas gingivalis
3595c80c-3e09-4c63-9a02-a6276030fed3,SAMN07836934,NZ_CP024599.1,1295933,1296480,548,37,36,7,1.9149,297919,Reverse,Possible,0.6253,FAILED,09-07-2025-14-13-25,Porphyromonas gingivalis (CFB group bacteria),Porphyromonas gingivalis
ffddaca8-ec59-49ac-87cc-852531a6b3b2,SAMN07836934,NZ_CP024599.1,1256394,1263922,7529,30,35,114,1.0370,330477,Reverse,Possible,0.6303,FAILED,09-07-2025-14-13-25,Porphyromonas gingivalis (CFB group bacteria),Porphyromonas gingivalis
a747666e-b76a-42c6-b016-9cbf056660cf,SAMN07836934,NZ_CP024599.1,533507,534767,1261,46,29,16,0.2500,1059632,Foward,Possible,0.6637,FAILED,09-07-2025-14-13-25,Porphyromonas gingivalis (CFB group bacteria),Porphyromonas gingivalis
98287f04-7ce9-4b47-baa9-ffb8a3e143df,SAMN07315161,NZ_CP025931.1,2132965,2133307,343,37,39,4,3.4157,2019051,Foward,Possible,0.6497,FAILED,09-07-2025-14-13-28,Porphyromonas gingivalis (CFB group bacteria),Porphyromonas gingivalis
6ada6464-f08c-41af-96ee-4f69a6110c2e,SAMN07315161,NZ_CP025931.1,114674,114907,234,36,30,3,0.0000,760,Foward,Possible,0.7217,PASSED,09-07-2025-14-13-28,Porphyromonas gingivalis (CFB group bacteria),Porphyromonas gingivalis
5415095d-b79f-4c89-88ce-5da636af96e3,SAMN07315160,NZ_CP025930.1,2206472,2214351,7880,30,35,119,0.8629,362938,Foward,Possible,0.6651,FAILED,09-07-2025-14-13-30,Porphyromonas gingivalis ATCC 33277 (CFB group bacteria),Porphyromonas gingivalis
e4664e6d-0c17-40c3-991d-a11d7f7b4fd8,SAMN07315160,NZ_CP025930.1,1410859,1411687,829,36,30,12,0.6686,428488,Reverse,Possible,0.7017,FAILED,09-07-2025-14-13-30,Porphyromonas gingivalis ATCC 33277 (CFB group bacteria),Porphyromonas gingivalis
171c801d-9dd0-4672-9225-0700947c7f4f,SAMN07315160,NZ_CP025930.1,1839116,1839417,302,38,28,4,0.5000,758,Reverse,Alternative,0.6873,PASSED,09-07-2025-14-13-30,Porphyromonas gingivalis ATCC 33277 (CFB group bacteria),Porphyromonas gingivalis
9c3c6774-de90-4d29-92fc-b2d4424995b8,SAMN07315160,NZ_CP025930.1,1839116,1839415,300,36,30,4,0.0000,760,Reverse,Bona-fide,0.7571,PASSED,09-07-2025-14-13-30,Porphyromonas gingivalis ATCC 33277 (CFB group bacteria),Porphyromonas gingivalis
383b329d-261e-47e5-b2c2-f15957afbb09,SAMN07315163,NZ_CP025932.1,2266790,2267043,254,47,22,3,21.0000,1095326,Foward,Possible,0.5242,FAILED,09-07-2025-14-13-32,Porphyromonas gingivalis (CFB group bacteria),Porphyromonas gingivalis
cabc6a28-76dd-4a7c-8c14-363bd93ab0cb,SAMN07315163,NZ_CP025932.1,2102526,2104591,2066,30,35,31,1.1603,931062,Foward,Possible,0.6496,FAILED,09-07-2025-14-13-32,Porphyromonas gingivalis (CFB group bacteria),Porphyromonas gingivalis
00dbdfba-0c35-4d77-b877-24088aff1476,SAMN07315163,NZ_CP025932.1,2068359,2068903,545,37,35,7,1.6183,896895,Foward,Possible,0.6157,FAILED,09-07-2025-14-13-32,Porphyromonas gingivalis (CFB group bacteria),Porphyromonas gingivalis
d6f07ac6-922d-4baa-b826-9373874f198d,SAMN07315163,NZ_CP025932.1,1171472,1171969,498,36,30,7,0.0000,8,Foward,Possible,0.7492,PASSED,09-07-2025-14-13-32,Porphyromonas gingivalis (CFB group bacteria),Porphyromonas gingivalis
52fc9546-e9f9-4465-8b64-f83cb2962f6d,SAMN07315163,NZ_CP025932.1,375957,376454,498,36,30,7,0.0000,791603,Foward,Possible,0.7217,FAILED,09-07-2025-14-13-32,Porphyromonas gingivalis (CFB group bacteria),Porphyromonas gingivalis
2b1a4f91-b749-499c-9ab9-fd2c9a3b3ce4,SAMN18805464,NZ_CP073350.1,1764622,1765198,577,46,29,7,0.3780,336650,Foward,Possible,0.5485,FAILED,09-07-2025-14-13-35,Porphyromonas gingivalis (CFB group bacteria),Porphyromonas gingivalis
a93b84a7-df12-4386-ad5d-907abfeafc46,SAMN18805464,NZ_CP073350.1,1423861,1424556,696,36,30,10,0.0000,9,Reverse,Possible,0.7188,PASSED,09-07-2025-14-13-35,Porphyromonas gingivalis (CFB group bacteria),Porphyromonas gingivalis
bd55aeaa-b1de-4c18-94b9-925255cc0c93,SAMN18805464,NZ_CP073350.1,295317,295882,566,37,29,8,0.0000,1128683,Reverse,Alternative,0.7175,FAILED,09-07-2025-14-13-35,Porphyromonas gingivalis (CFB group bacteria),Porphyromonas gingivalis
7588d89a-cf70-49b3-bb38-915f8bd6badb,SAMN18805464,NZ_CP073350.1,295319,295882,564,36,30,8,0.0000,1128683,Reverse,Bona-fide,0.7571,FAILED,09-07-2025-14-13-35,Porphyromonas gingivalis (CFB group bacteria),Porphyromonas gingivalis
a7065cee-7b71-4ccf-b73b-84d754a0b774,SAMN18805165,NZ_CP073349.1,1764600,1765176,577,46,29,7,0.3780,336645,Foward,Possible,0.5485,FAILED,09-07-2025-14-13-38,Porphyromonas gingivalis (CFB group bacteria),Porphyromonas gingivalis
560ca009-6bba-43f1-b40d-1cc5a7b463cc,SAMN18805165,NZ_CP073349.1,1423844,1424539,696,36,30,10,0.0000,9,Reverse,Possible,0.7188,PASSED,09-07-2025-14-13-38,Porphyromonas gingivalis (CFB group bacteria),Porphyromonas gingivalis
27300db7-976c-4f02-887e-920d1875437e,SAMN18805165,NZ_CP073349.1,295317,295882,566,37,29,8,0.0000,1128666,Reverse,Alternative,0.7175,FAILED,09-07-2025-14-13-38,Porphyromonas gingivalis (CFB group bacteria),Porphyromonas gingivalis
7dadab3b-0b20-4535-aeac-1a23c572d29b,SAMN18805165,NZ_CP073349.1,295319,295882,564,36,30,8,0.0000,1128666,Reverse,Bona-fide,0.7571,FAILED,09-07-2025-14-13-38,Porphyromonas gingivalis (CFB group bacteria),Porphyromonas gingivalis
b57f29cd-ca43-4857-ad75-5356db9cc379,SAMN18753385,NZ_CP073348.1,2136164,2139209,3046,30,35,46,1.3777,338949,Foward,Possible,0.5511,FAILED,09-07-2025-14-13-40,Porphyromonas gingivalis (CFB group bacteria),Porphyromonas gingivalis
b986b251-2a38-45fb-8832-6174320c18d9,SAMN18753385,NZ_CP073348.1,2102464,2102717,254,37,35,3,1.1547,305249,Foward,Possible,0.6703,FAILED,09-07-2025-14-13-40,Porphyromonas gingivalis (CFB group bacteria),Porphyromonas gingivalis
852bd3a9-863f-4782-b087-86cd508f924c,SAMN18753385,NZ_CP073348.1,1792862,1793097,236,38,28,3,0.0000,759,Reverse,Alternative,0.6309,PASSED,09-07-2025-14-13-40,Porphyromonas gingivalis (CFB group bacteria),Porphyromonas gingivalis
8161407a-8629-493b-861f-14f30d63bacb,SAMN18753385,NZ_CP073348.1,1792863,1793096,234,36,30,3,0.0000,760,Reverse,Bona-fide,0.7571,PASSED,09-07-2025-14-13-40,Porphyromonas gingivalis (CFB group bacteria),Porphyromonas gingivalis
3c8fa988-2b5c-43c4-9694-44fb0c9daf4d,SAMN35301467,NZ_CP126309.1,2238589,2243688,5100,30,35,77,1.0268,344670,Foward,Possible,0.6651,FAILED,09-07-2025-14-13-44,Porphyromonas gingivalis (CFB group bacteria),Porphyromonas gingivalis
0015c9d4-7e77-438c-b8d9-77025011ddb8,SAMN35301467,NZ_CP126309.1,1889039,1889800,762,36,30,11,0.0000,760,Reverse,Possible,0.7279,PASSED,09-07-2025-14-13-44,Porphyromonas gingivalis (CFB group bacteria),Porphyromonas gingivalis
c0bb5269-5fc5-4442-b88f-fa6d05978216,SAMN35301467,NZ_CP126309.1,1042541,1042973,433,37,29,6,0.0000,847587,Reverse,Possible,0.6891,FAILED,09-07-2025-14-13-44,Porphyromonas gingivalis (CFB group bacteria),Porphyromonas gingivalis
a9936f26-ed32-4a04-b41a-d93ffa67cead,SAMN35301467,NZ_CP126309.1,565684,567097,1414,46,30,18,0.0000,1323463,Reverse,Possible,0.6519,FAILED,09-07-2025-14-13-44,Porphyromonas gingivalis (CFB group bacteria),Porphyromonas gingivalis
7aebd5c8-2e22-4762-a495-f46acf3be203,SAMN35563277,NZ_CP126983.1,2236905,2242004,5100,30,35,77,1.0268,344670,Foward,Possible,0.6651,FAILED,09-07-2025-14-13-48,Porphyromonas gingivalis (CFB group bacteria),Porphyromonas gingivalis
f5e1e72c-4056-42c7-83ac-da7c12daddde,SAMN35563277,NZ_CP126983.1,1887355,1888116,762,36,30,11,0.0000,760,Reverse,Possible,0.7279,PASSED,09-07-2025-14-13-48,Porphyromonas gingivalis (CFB group bacteria),Porphyromonas gingivalis
32104b05-c7f0-4f93-93a1-516dc108e478,SAMN35563277,NZ_CP126983.1,1040857,1041289,433,37,29,6,0.0000,847587,Reverse,Possible,0.6891,FAILED,09-07-2025-14-13-48,Porphyromonas gingivalis (CFB group bacteria),Porphyromonas gingivalis
912deddb-5f5c-49cb-bfd6-108963eb7e31,SAMN35563277,NZ_CP126983.1,564247,565660,1414,46,30,18,0.0000,1323216,Reverse,Possible,0.6519,FAILED,09-07-2025-14-13-48,Porphyromonas gingivalis (CFB group bacteria),Porphyromonas gingivalis
db2b4dab-3497-42bb-95a0-e5e083d0d5b9,SAMD00060990,NC_015571.1,1515077,1515310,234,36,30,3,0.0000,760,Foward,Possible,0.7217,PASSED,09-07-2025-14-13-50,Porphyromonas gingivalis TDC60 (CFB group bacteria),Porphyromonas gingivalis
711c1a50-3204-40ed-ae7f-db313838ca55,SAMD00060990,NC_015571.1,604390,605407,1018,30,35,15,1.2799,905551,Reverse,Possible,0.5411,FAILED,09-07-2025-14-13-50,Porphyromonas gingivalis TDC60 (CFB group bacteria),Porphyromonas gingivalis
b641c83a-4b33-45c7-b87d-4e884cb526b7,SAMD00060990,NC_015571.1,293621,294703,1083,30,35,16,1.1087,1216255,Foward,Possible,0.6449,FAILED,09-07-2025-14-13-50,Porphyromonas gingivalis TDC60 (CFB group bacteria),Porphyromonas gingivalis
fbc07903-9993-485e-8cb2-cb5529c83b5c,SAMD00060990,NC_015571.1,259611,259953,343,37,39,4,3.4157,1251005,Foward,Possible,0.6497,FAILED,09-07-2025-14-13-50,Porphyromonas gingivalis TDC60 (CFB group bacteria),Porphyromonas gingivalis
ef2cbc75-1bfe-493f-a16a-12f6a9747511,SAMN03366764,NZ_CP011995.1,2125281,2126366,1086,30,36,16,1.0328,335523,Foward,Possible,0.6287,FAILED,09-07-2025-14-13-53,Porphyromonas gingivalis (CFB group bacteria),Porphyromonas gingivalis
cbd22249-3cd8-496b-b749-5f63b461cf7d,SAMN03366764,NZ_CP011995.1,2091332,2091661,330,38,35,4,0.8165,301574,Foward,Possible,0.6465,FAILED,09-07-2025-14-13-52,Porphyromonas gingivalis (CFB group bacteria),Porphyromonas gingivalis
6f479809-d8db-4f84-ade2-5950f4c7a0c2,SAMN03366764,NZ_CP011995.1,2090754,2091229,476,37,36,6,2.8577,300996,Foward,Possible,0.6040,FAILED,09-07-2025-14-13-52,Porphyromonas gingivalis (CFB group bacteria),Porphyromonas gingivalis
abfb94b0-8c8a-4a21-baae-882b895b47e9,SAMN03366764,NZ_CP011995.1,924251,924615,365,35,31,5,0.0000,861616,Foward,Possible,0.7217,FAILED,09-07-2025-14-13-52,Porphyromonas gingivalis (CFB group bacteria),Porphyromonas gingivalis
74c4241e-2142-4740-9d83-976419565093,SAMN03366764,NZ_CP011995.1,1784974,1785471,498,36,30,7,0.0000,760,Reverse,Bona-fide,0.7571,PASSED,09-07-2025-14-13-52,Porphyromonas gingivalis (CFB group bacteria),Porphyromonas gingivalis
284dcd99-dbcf-402f-9fc2-b8716ae1b7c0,SAMN03372093,NZ_CP011996.1,499228,499501,274,46,30,3,0.0000,1239648,Reverse,Possible,0.5054,FAILED,09-07-2025-14-13-54,Porphyromonas gingivalis AJW4 (CFB group bacteria),Porphyromonas gingivalis
d18bb3f8-498e-4703-a44b-9e38882067b3,SAMN03372093,NZ_CP011996.1,1737625,1738389,765,37,28,11,0.4671,760,Reverse,Alternative,0.7080,PASSED,09-07-2025-14-13-54,Porphyromonas gingivalis AJW4 (CFB group bacteria),Porphyromonas gingivalis
74b706f6-16f3-4217-84d3-a771120c30b0,SAMN03372093,NZ_CP011996.1,1737627,1738389,763,36,30,11,0.3015,760,Reverse,Bona-fide,0.7571,PASSED,09-07-2025-14-13-54,Porphyromonas gingivalis AJW4 (CFB group bacteria),Porphyromonas gingivalis
422d42bf-b553-4995-b446-381dde726c74,SAMN03653671,NZ_CP013131.1,1998549,1999184,636,37,37,8,1.8851,255742,Reverse,Possible,0.6126,FAILED,09-07-2025-14-13-56,Porphyromonas gingivalis A7A1-28 (CFB group bacteria),Porphyromonas gingivalis
a71fa14b-d6fd-4f3b-b1c1-10b0d077f7c8,SAMN03653671,NZ_CP013131.1,1958895,1964875,5981,30,36,89,6.9498,216088,Reverse,Possible,0.6469,FAILED,09-07-2025-14-13-56,Porphyromonas gingivalis A7A1-28 (CFB group bacteria),Porphyromonas gingivalis
3fb97bfe-f0a8-40c0-9f0a-8f357ad28336,SAMN03653671,NZ_CP013131.1,1738089,1738521,433,37,28,6,0.5164,759,Reverse,Alternative,0.7080,PASSED,09-07-2025-14-13-56,Porphyromonas gingivalis A7A1-28 (CFB group bacteria),Porphyromonas gingivalis
30d3d716-0742-47d1-8ced-49650376b1d4,SAMN03653671,NZ_CP013131.1,1738091,1738521,431,36,29,6,0.4082,759,Reverse,Bona-fide,0.7571,PASSED,09-07-2025-14-13-56,Porphyromonas gingivalis A7A1-28 (CFB group bacteria),Porphyromonas gingivalis
660dfb4e-145b-4270-b578-b07f0473c4b0,SAMN25263445,NZ_CP091791.1,2420483,2420936,454,36,33,6,0.5164,1684,Reverse,Possible,0.5817,PASSED,09-07-2025-14-13-58,Prevotella communis (CFB group bacteria),Prevotella communis
57d8c62d-ef70-47ac-a3ae-d83848787946,SAMN25263445,NZ_CP091791.1,1085309,1085888,580,47,29,7,0.4880,1336732,Reverse,Possible,0.6267,FAILED,09-07-2025-14-13-58,Prevotella communis (CFB group bacteria),Prevotella communis
48bd2893-fe9c-4e73-86a4-02b3c0c49154,SAMN02603988,NC_017860.1,194523,195607,1085,36,29,16,0.6292,635,Reverse,Possible,0.6069,PASSED,09-07-2025-14-14-00,Prevotella intermedia 17 (CFB group bacteria),Prevotella intermedia
ff3d558f-7c8f-4ae9-8ca8-9f0c8e1c7ff0,SAMD00034934,NZ_AP014926.1,340163,341247,1085,36,29,16,0.6292,635,Reverse,Possible,0.6069,PASSED,09-07-2025-14-14-02,Prevotella intermedia (CFB group bacteria),Prevotella intermedia
c35e4537-f2b1-43f1-9b5b-19376370cd93,SAMN04529095,NZ_CP019303.1,346591,347675,1085,36,29,16,0.6292,635,Reverse,Possible,0.6069,PASSED,09-07-2025-14-14-05,Prevotella intermedia (CFB group bacteria),Prevotella intermedia
fbe746c9-6c8b-423f-9e5c-9fe54cf54750,SAMN04529094,NZ_CP019301.1,188069,188892,824,36,29,12,0.4924,636,Reverse,Possible,0.5901,PASSED,09-07-2025-14-14-07,Prevotella intermedia ATCC 25611 = DSM 20706 (CFB group bacteria),Prevotella intermedia
0ad94592-ef0e-4c8a-956f-2db7680f1c72,SAMN07955957,NZ_CP024696.1,1603806,1605384,1579,47,29,20,0.5712,713273,Reverse,Possible,0.5485,FAILED,09-07-2025-14-14-08,Prevotella intermedia (CFB group bacteria),Prevotella intermedia
f120a1c8-023f-451e-af19-b160632d7c50,SAMN07955957,NZ_CP024696.1,890834,891661,828,36,30,12,0.0000,301,Foward,Possible,0.6212,PASSED,09-07-2025-14-14-08,Prevotella intermedia (CFB group bacteria),Prevotella intermedia
f0c02143-b1af-4824-b4b7-2ad923368ae5,SAMN07956007,NZ_CP024697.1,2260123,2260948,826,36,29,12,0.5774,301,Foward,Possible,0.6760,PASSED,09-07-2025-14-14-13,Prevotella intermedia (CFB group bacteria),Prevotella intermedia
3e5330c9-e4bd-4c09-aab4-bf5ac4826a6a,SAMN07956007,NZ_CP024697.1,1257603,1260795,3193,47,29,41,0.4486,995626,Foward,Possible,0.6637,FAILED,09-07-2025-14-14-13,Prevotella intermedia (CFB group bacteria),Prevotella intermedia
8fe247d0-697b-418e-a029-fe7e7995e224,SAMN07955952,NZ_CP024728.1,262780,263210,431,36,29,6,0.4082,634,Reverse,Possible,0.5677,PASSED,09-07-2025-14-14-15,Prevotella intermedia (CFB group bacteria),Prevotella intermedia
760d80d7-06ec-4ee5-8efa-bf15f8786873,SAMN07956008,NZ_CP024724.1,793828,795045,1218,36,29,18,0.4851,301,Foward,Possible,0.6219,PASSED,09-07-2025-14-14-18,Prevotella intermedia (CFB group bacteria),Prevotella intermedia
d0ee918a-e66b-4913-88d6-72e767f70103,SAMN07956010,NZ_CP024726.1,382445,383794,1350,36,29,20,0.4702,634,Foward,Possible,0.6846,PASSED,09-07-2025-14-14-20,Prevotella intermedia (CFB group bacteria),Prevotella intermedia
945b3dc4-998e-499f-a128-cbdda314507c,SAMN07955960,NZ_CP030095.1,717827,719177,1351,36,29,20,0.4443,633,Foward,Possible,0.6917,PASSED,09-07-2025-14-14-29,Prevotella intermedia (CFB group bacteria),Prevotella intermedia
78346abf-aecf-40e8-9c87-661162952327,SAMN03284263,NZ_JXQK01000043.1,12949,13710,762,36,30,11,0.0000,176,Reverse,Possible,0.5236,PASSED,09-07-2025-14-14-40,Prevotella pectinovora (CFB group bacteria),Prevotella pectinovora
45877d7c-09d9-49f1-abf5-3d6b085b62d6,SAMN03284262,NZ_JXQJ01000080.1,27390,28083,694,36,29,10,0.4216,175,Foward,Possible,0.5286,PASSED,09-07-2025-14-14-46,Prevotella pectinovora (CFB group bacteria),Prevotella pectinovora
7f46179e-46e5-4c53-a352-0853181b265a,SAMN03284262,NZ_JXQJ01000080.1,12766,14320,1555,37,35,21,1.5538,13938,Reverse,Possible,0.5786,FAILED,09-07-2025-14-14-46,Prevotella pectinovora (CFB group bacteria),Prevotella pectinovora
6e724c23-d600-452d-9ed0-53e1618a5d04,SAMN02463748,NZ_GG739967.1,8454,9080,627,36,29,9,0.5000,612,Foward,Possible,0.6676,PASSED,09-07-2025-14-14-49,Segatella buccae D17 (CFB group bacteria),Segatella buccae
16ee61ea-198e-42e8-a2f1-9125f7bb7aa9,SAMN00216833,NZ_GL586311.1,1611554,1612522,969,47,29,12,0.4523,1521970,Reverse,Possible,0.6676,FAILED,09-07-2025-14-14-51,Segatella buccae ATCC 33574 (CFB group bacteria),Segatella buccae
e704728c-e792-48a8-8d98-287345387832,SAMN00216833,NZ_GL586311.1,90195,91283,1089,36,29,16,0.4031,611,Foward,Possible,0.6676,PASSED,09-07-2025-14-14-51,Segatella buccae ATCC 33574 (CFB group bacteria),Segatella buccae
709c6857-0e8e-4d07-9a9f-61f460e6ef7d,SAMEA104224811,NZ_UGTJ01000001.1,2585777,2586470,694,36,29,10,0.4216,612,Reverse,Possible,0.7209,PASSED,09-07-2025-14-14-53,Segatella buccae (CFB group bacteria),Segatella buccae
428483b3-d89d-4416-b81b-b25ed021e25a,SAMEA104224811,NZ_UGTJ01000001.1,1148037,1149077,1041,47,29,13,0.5189,1438005,Foward,Possible,0.6776,FAILED,09-07-2025-14-14-53,Segatella buccae (CFB group bacteria),Segatella buccae
304b6ef0-a031-46e0-8f6f-f91ee9fddeca,SAMN19926200,NZ_JAHXQX010000007.1,89488,90049,562,36,29,8,0.4629,613,Reverse,Possible,0.7209,PASSED,09-07-2025-14-14-55,Segatella buccae (CFB group bacteria),Segatella buccae
8147a3b9-7049-4088-b8fd-2e5de740ebd5,SAMN31809581,NZ_JAQETB010000022.1,9351,9845,495,36,29,7,0.5345,612,Reverse,Possible,0.7410,PASSED,09-07-2025-14-14-57,Segatella buccae (CFB group bacteria),Segatella buccae
2bd2645a-f6e4-4052-b6bd-99d29ba18774,SAMN31809580,NZ_JAQETA010000008.1,66342,66509,168,37,28,2,0.7071,611,Foward,Possible,0.6642,FAILED,09-07-2025-14-15-00,Segatella buccae (CFB group bacteria),Segatella buccae
