sequence_id,array_id,type,position,sequence,speciesname
f2eb0bf6-ecfc-4062-b156-1b7888d4d282,26d94428-22ef-4a83-ab07-0d836c889898,DR,1,GTTGGGAATGGTCTATATTTGAAGGCTAATCACAAC,Apibacter raozihei
9c43d277-f533-4c6b-a089-3741bad1c480,26d94428-22ef-4a83-ab07-0d836c889898,DR,2,GTTGGGAATGGTCTATATTTGAAGGCTAATCACAAC,Apibacter raozihei
ba0c74e7-87a3-4dd2-89ac-ffa47f4c2266,26d94428-22ef-4a83-ab07-0d836c889898,DR,3,GTTGGGAATGGTCTATATTTGAAGGCTAATCACAAC,Apibacter raozihei
cb29b83a-0bdd-473f-8d66-f4cb03134ba4,26d94428-22ef-4a83-ab07-0d836c889898,DR,4,GTTGGGAATGGTCTATATTTGAAGGCTACTCACAAC,Apibacter raozihei
8e425dd3-4e00-4286-9bd4-15bd0a7249e1,44c48aa5-dfc4-4cdf-bacc-c381da2b2d71,DR,1,GTTGCGACTGCTCTCAGTTTTGGAGGGTAAACACAAC,Chryseobacterium taihuense
1944bdb7-ddba-4310-903a-fdd79ba4d6a4,44c48aa5-dfc4-4cdf-bacc-c381da2b2d71,DR,2,GTTGCCACTGCTCTCAATTTTGGAGGGTAAACACAAC,Chryseobacterium taihuense
9e612eef-7f9c-4cf0-bca0-0fab15537961,44c48aa5-dfc4-4cdf-bacc-c381da2b2d71,DR,3,GTTGCGACTGCTCTCAGTTTTGGAGGGTAAACACAAC,Chryseobacterium taihuense
9b54a4dc-6d80-47fa-b092-a31622c1e631,44c48aa5-dfc4-4cdf-bacc-c381da2b2d71,DR,4,GTTGCGACTGCTCTCAGTTTTGGAGGGTAAACACAAC,Chryseobacterium taihuense
5736b3a5-2c7d-4823-b240-cc606ca89c79,44c48aa5-dfc4-4cdf-bacc-c381da2b2d71,DR,5,GTTGCGACTGCTCTCAGTTTTGGAGGGTAAACACAAC,Chryseobacterium taihuense
79c3aed4-d4c8-48c7-9b1e-8465b435072b,44c48aa5-dfc4-4cdf-bacc-c381da2b2d71,DR,6,GTTGCGACTGCTCTCAGTTTTGGAGGGTAAACACAAC,Chryseobacterium taihuense
1d944282-04f7-42ad-8a0d-3d600d112cbd,44c48aa5-dfc4-4cdf-bacc-c381da2b2d71,DR,7,GTTGCGACTGCTCTCAGTTTTGGAGGGTAAACACAAC,Chryseobacterium taihuense
ace03c3c-13ae-4563-b804-d1d4ea217c14,44c48aa5-dfc4-4cdf-bacc-c381da2b2d71,DR,8,GTTGCGACTGCTCTCAGTTTTGGAGGGTAAACACAAC,Chryseobacterium taihuense
5ee3ba42-0a1a-40b6-8506-f72c2937bed7,fd1c282a-ceb4-4823-b969-a388829db374,DR,1,GTTGGGAAAGCCCTTATTTTGAAGGGTATCTACAAC,Flavobacterium columnare
53cc9ca6-3cb4-40eb-8460-e992cb550dad,fd1c282a-ceb4-4823-b969-a388829db374,DR,2,GTTGGGAAAGCCCTTATTTTGAAGGGTATCTACAAC,Flavobacterium columnare
9da757e2-6a2f-4eef-b7d7-bb325c268007,fd1c282a-ceb4-4823-b969-a388829db374,DR,3,GTTGGGAAAGCCCTTATTTTGAAGGGTATCTACAAC,Flavobacterium columnare
9e6a0dba-5cd1-4a78-91c9-4b7f1c7d2301,fd1c282a-ceb4-4823-b969-a388829db374,DR,4,GTTGGGAAAGCCCTTATTTTGAAGGGTATCTACAAC,Flavobacterium columnare
f613ed53-a64c-43e4-bba0-e4e08ccb064f,fd1c282a-ceb4-4823-b969-a388829db374,DR,5,GTTGGGAAAGCCCTTATTTTGAAGGGTATCTACAAC,Flavobacterium columnare
5bdcd292-5d55-4f40-93f6-83b2ab53758d,fd1c282a-ceb4-4823-b969-a388829db374,DR,6,GTTGGGAAAGCCCTTATTTTGAAGGGTATCTACAAC,Flavobacterium columnare
6d82448e-458b-4856-af9c-8a361bee15bd,fd1c282a-ceb4-4823-b969-a388829db374,DR,7,GTTGGGAAAGCCCTTATTTTGAAGGGTATCTACAAC,Flavobacterium columnare
a61307c6-1313-4e8d-aa07-9c5a8f9d8889,fd1c282a-ceb4-4823-b969-a388829db374,DR,8,GTTGGGAAAGCCCTTATTTTGAAGGGTATCTACAAC,Flavobacterium columnare
f5331ddd-4f68-453c-9980-819b2785015e,fd1c282a-ceb4-4823-b969-a388829db374,DR,9,GTTGGGAAAGCCCTTATTTTGAAGGGTATCTACAAC,Flavobacterium columnare
bb1a45f8-5333-40e3-885b-862211e200ec,fd1c282a-ceb4-4823-b969-a388829db374,DR,10,GTTGGGAAAGCCCTTATTTTGAAGGGTATCTACAAC,Flavobacterium columnare
cd912661-4088-4a53-931e-ba203dbc78ef,fd1c282a-ceb4-4823-b969-a388829db374,DR,11,GTTGGGAAAGCCCTTATTTTGAAGGGTATCTACAAC,Flavobacterium columnare
a977a9e4-9d03-431c-adc1-57b8f53f1576,fd1c282a-ceb4-4823-b969-a388829db374,DR,12,GTTGGGAAAGCCCTTATTTTGAAGGGTATCTACAAC,Flavobacterium columnare
a3fbbbd0-0efb-4b19-b154-e96d507b5469,fd1c282a-ceb4-4823-b969-a388829db374,DR,13,GTTGGGAAAGCCCTTATTTTGAAGGGTATCTACAAC,Flavobacterium columnare
ae7edb9a-207f-43db-aa23-b8675ea48497,fd1c282a-ceb4-4823-b969-a388829db374,DR,14,GTTGGGAAAGCCCTTATTTTGAAGGGTATCTACAAC,Flavobacterium columnare
3ed4befa-a748-411f-9951-263a04a7bd86,fd1c282a-ceb4-4823-b969-a388829db374,DR,15,GTTGGGAAAGCCCTTATTTTGAAGGGTATCTACAAC,Flavobacterium columnare
62f78806-6266-494a-9783-5ad3e2b191b5,81dc4b76-a9b2-48a6-b08e-fff5721dece3,DR,1,GTTGGGAAAGCCCTTATTTTGAAGGGTATCTACAAC,Flavobacterium columnare
73976a09-13b3-455c-a9cf-6b7a594e650d,81dc4b76-a9b2-48a6-b08e-fff5721dece3,DR,2,GTTGGGAAAGCCCTTATTTTGAAGGGTATCTACAAC,Flavobacterium columnare
63ae0c70-b9ad-4f72-ae42-a8bf4640927f,81dc4b76-a9b2-48a6-b08e-fff5721dece3,DR,3,GTTGGGAAAGCCCTTATTTTGAAGGGTATCTACAAC,Flavobacterium columnare
cee19b3e-984a-4163-aa34-573cf436924d,81dc4b76-a9b2-48a6-b08e-fff5721dece3,DR,4,GTTGGGAAAGCCCTTATTTTGAAGGGTATCTACAAC,Flavobacterium columnare
49e33113-d9e5-4249-bb7f-cd2a1d72624e,81dc4b76-a9b2-48a6-b08e-fff5721dece3,DR,5,GTTGGGAAAGCCCTTATTTTGAAGGGTATCTACAAC,Flavobacterium columnare
7ee34934-b543-4f5b-865a-b3603f5f5d30,81dc4b76-a9b2-48a6-b08e-fff5721dece3,DR,6,GTTGGGAAAGCCCTTATTTTGAAGGGTATCTACAAC,Flavobacterium columnare
505bd738-3b06-4823-844a-58d7759f858a,81dc4b76-a9b2-48a6-b08e-fff5721dece3,DR,7,GTTGGGAAAGCCCTTATTTTGAAGGGTATCTACAAC,Flavobacterium columnare
22748d9a-5b4a-440c-9753-5e6c84249ff9,81dc4b76-a9b2-48a6-b08e-fff5721dece3,DR,8,GTTGGGAAAGCCCTTATTTTGAAGGGTATCTACAAC,Flavobacterium columnare
9a491c12-e170-49c0-94d2-41c3a14ce32f,81dc4b76-a9b2-48a6-b08e-fff5721dece3,DR,9,GTTGGGAAAGCCCTTATTTTGAAGGGTATCTACAAC,Flavobacterium columnare
4da2cb6b-e53c-4b7a-af4c-a9c172f23b4d,81dc4b76-a9b2-48a6-b08e-fff5721dece3,DR,10,GTTGGGAAAGCCCTTATTTTGAAGGGTATCTACAAC,Flavobacterium columnare
ca586c82-cd93-4d0a-baec-6e5326ff09eb,81dc4b76-a9b2-48a6-b08e-fff5721dece3,DR,11,GTTGGGAAAGCCCTTATTTTGAAGGGTATCTACAAC,Flavobacterium columnare
c4f49abd-b016-4ce7-973f-b247096617ca,81dc4b76-a9b2-48a6-b08e-fff5721dece3,DR,12,GTTGGGAAAGCCCTTATTTTGAAGGGTATCTACAAC,Flavobacterium columnare
e45f5f93-327e-45c6-b58b-0afaf6a573d6,81dc4b76-a9b2-48a6-b08e-fff5721dece3,DR,13,GTTGGGAAAGCCCTTATTTTGAAGGGTATCTACAAC,Flavobacterium columnare
2729f01c-2932-4690-999b-ed5dc79b36e9,81dc4b76-a9b2-48a6-b08e-fff5721dece3,DR,14,GTTGGGAAAGCCCTTATTTTGAAGGGTATCTACAAC,Flavobacterium columnare
2986072e-538f-4ace-85a2-ccd57cabd2dc,81dc4b76-a9b2-48a6-b08e-fff5721dece3,DR,15,GTTGGGAAAGCCCTTATTTTGAAGGGTATCTACAAC,Flavobacterium columnare
d65b0c4c-66f3-43d3-b3da-f01c4660402e,0541e37c-3987-469d-bfb0-1b2afeebd22d,DR,1,GTTGGGAAAGCCCTTATTTTGAAGGGTATCTACAAC,Flavobacterium columnare
d6e61d48-c77b-464c-9d9d-be6c7c736d36,0541e37c-3987-469d-bfb0-1b2afeebd22d,DR,2,GTTGAGAAAGCCCTTATTTTGAAGGGTATCTACAAC,Flavobacterium columnare
83a1c825-67fa-4a3f-96ee-857b8fcb1566,0541e37c-3987-469d-bfb0-1b2afeebd22d,DR,3,GTTGGGAAAGCCCTTATTTTGAAGGGTATCTACAAC,Flavobacterium columnare
854964b5-3a72-438c-8038-f790100aff60,0541e37c-3987-469d-bfb0-1b2afeebd22d,DR,4,GTTGGGAAAGCCCTTATTTTGAAGGGTATCTACAAC,Flavobacterium columnare
03bab17b-87b6-4058-89e3-5468de9280fd,0541e37c-3987-469d-bfb0-1b2afeebd22d,DR,5,GTTGGGAAAGCCCTTATTTTGAAGGGTATCTACAAC,Flavobacterium columnare
397afb09-39c3-4307-bbaa-30c90627fdeb,0541e37c-3987-469d-bfb0-1b2afeebd22d,DR,6,GTTGGGAAAGCCCTTATTTTGAAGGGTATCTACAAC,Flavobacterium columnare
f2380ec3-b3cd-4178-9350-e13b5a9b1339,0541e37c-3987-469d-bfb0-1b2afeebd22d,DR,7,GTTGGGAAAGCCCTTATTTTGAAGGGTATCTACAAC,Flavobacterium columnare
686af4bd-9108-43d7-9f4a-497e206d821d,0541e37c-3987-469d-bfb0-1b2afeebd22d,DR,8,GTTGGGAAAGCCCTTATTTTGAAGGGTATCTACAAC,Flavobacterium columnare
633cd406-5897-408e-b39b-425b3edf68df,0541e37c-3987-469d-bfb0-1b2afeebd22d,DR,9,GTTGGGAAAGCCCTTATTTTGAAGGGTATCTACAAC,Flavobacterium columnare
a1d07715-1d87-4bb0-a48c-db644ed72244,0541e37c-3987-469d-bfb0-1b2afeebd22d,DR,10,GTTGGGAAAGCCCTTATTTTGAAGGGTATCTACAAC,Flavobacterium columnare
235284e1-5c58-4c69-9037-fc4c4de3fce4,0541e37c-3987-469d-bfb0-1b2afeebd22d,DR,11,GTTGGGAAAGCCCTTATTTTGAAGGGTATCTACAAC,Flavobacterium columnare
5f23a757-87c9-4ab8-9be1-d872b13edc58,0541e37c-3987-469d-bfb0-1b2afeebd22d,DR,12,GTTGGGAAAGCCCTTATTTTGAAGGGTATCTACAAC,Flavobacterium columnare
5e3b4787-3ceb-4961-ad6d-20d8ffa159cb,0541e37c-3987-469d-bfb0-1b2afeebd22d,DR,13,GTTGGGAAAGCCCTTATTTTGAAGGGTATCTACAAC,Flavobacterium columnare
f0b90012-b0c5-45b8-bc84-87e30ce32465,0541e37c-3987-469d-bfb0-1b2afeebd22d,DR,14,GTTGGGAAAGCCCTTATTTTGAAGGGTATCTACAAC,Flavobacterium columnare
0ac5e918-6081-47f0-93fb-7b27469d4ccb,0541e37c-3987-469d-bfb0-1b2afeebd22d,DR,15,GTTGGGAAAGCCCTTATTTTGAAGGGTATCTACAAC,Flavobacterium columnare
3f429c5a-28ac-4308-84f6-a9779024aa36,f38a7c16-7335-4420-bbe8-0a21ac85466d,DR,1,GTTGGGAAAGCCCTTATTTTGAAGGGTATCTACAAC,Flavobacterium columnare
28ee6c60-b2e4-4478-8dc5-5157ca08ce7f,f38a7c16-7335-4420-bbe8-0a21ac85466d,DR,2,GTTGGGAAAGCCCTTATTTTGAAGGGTATCTACAAC,Flavobacterium columnare
6ef76b16-b02b-4df1-84ef-200e7fffcc44,f38a7c16-7335-4420-bbe8-0a21ac85466d,DR,3,GTTGGGAAAGCCCTTATTTTGAAGGGTATCTACAAC,Flavobacterium columnare
67cae38e-8b3a-4a97-add7-6993732f1031,f38a7c16-7335-4420-bbe8-0a21ac85466d,DR,4,GTTGGGAAAGCCCTTATTTTGAAGGGTATCTACAAC,Flavobacterium columnare
dfdc72f8-6893-4187-af3c-dfc02af5185b,f38a7c16-7335-4420-bbe8-0a21ac85466d,DR,5,GTTGGGAAAGCCCTTATTTTGAAGGGTATCTACAAC,Flavobacterium columnare
224b92c1-45e2-427e-b233-4110e71cffb3,f38a7c16-7335-4420-bbe8-0a21ac85466d,DR,6,GTTGGGAAAGCCCTTATTTTGAAGGGTATCTACAAC,Flavobacterium columnare
5425f157-8b6c-4f5d-a59a-c5f843e97fac,f38a7c16-7335-4420-bbe8-0a21ac85466d,DR,7,GTTGGGAAAGCCCTTATTTTGAAGGGTATCTACAAC,Flavobacterium columnare
f13f8015-9f2b-4d61-80a9-495db7841f3a,f38a7c16-7335-4420-bbe8-0a21ac85466d,DR,8,GTTGGGAAAGCCCTTATTTTGAAGGGTATCTACAAC,Flavobacterium columnare
4a5e2e2a-54e8-4efa-8365-41d8a51a88d5,f38a7c16-7335-4420-bbe8-0a21ac85466d,DR,9,GTTGGGAAAGCCCTTATTTTGAAGGGTATCTACAAC,Flavobacterium columnare
68bfd082-f083-4230-b690-9c983b20b030,f38a7c16-7335-4420-bbe8-0a21ac85466d,DR,10,GTTGGGAAAGCCCTTATTTTGAAGGGTATCTACAAC,Flavobacterium columnare
2f797cb8-1f08-4eb2-8bb9-4bf6b540d4df,f38a7c16-7335-4420-bbe8-0a21ac85466d,DR,11,GTTGGGAAAGCCCTTATTTTGAAGGGTATCTACAAC,Flavobacterium columnare
e64c02eb-b044-4bd4-a989-f61de3dca324,f38a7c16-7335-4420-bbe8-0a21ac85466d,DR,12,GTTGGGAAAGCCCTTATTTTGAAGGGTATCTACAAC,Flavobacterium columnare
505e0702-0072-4ad2-b21c-d33da9916d32,f38a7c16-7335-4420-bbe8-0a21ac85466d,DR,13,GTTGGGAAAGCCCTTATTTTGAAGGGTATCTACAAC,Flavobacterium columnare
b8d78097-9a17-402d-94cc-c52862104533,f38a7c16-7335-4420-bbe8-0a21ac85466d,DR,14,GTTGGGAAAGCCCTTATTTTGAAGGGTATCTACAAC,Flavobacterium columnare
49dd1bee-63ec-43e1-8fb1-a76806c9f608,f38a7c16-7335-4420-bbe8-0a21ac85466d,DR,15,GTTGGGAAAGCCCTTATTTTGAAGGGTATCTACAAC,Flavobacterium columnare
6a729926-5f4b-4f6d-bcf2-2520536c4806,f38a7c16-7335-4420-bbe8-0a21ac85466d,DR,16,GTTGGGAAAGCCCTTATTTTGAAGGGTATCTACAAC,Flavobacterium columnare
c0218f46-31d9-461c-81f0-3328e3e036f5,f38a7c16-7335-4420-bbe8-0a21ac85466d,DR,17,GTTGGGAAAGCCCTTATTTTGAAGGGTATCTACAAC,Flavobacterium columnare
c7e076d9-f6a3-4e4c-b74b-55dbcb6779ba,f38a7c16-7335-4420-bbe8-0a21ac85466d,DR,18,GTTGGAAAAGCCCTTATTTTGAAGGGTATCTACAAC,Flavobacterium columnare
928f94ae-97f5-49f5-aa2a-5473ad85ab77,f38a7c16-7335-4420-bbe8-0a21ac85466d,DR,19,GTTGGGAAAGCCCTTATTTTGAAGGGTATCTACAAC,Flavobacterium columnare
12969799-6458-4312-9d7f-604a753b773a,f38a7c16-7335-4420-bbe8-0a21ac85466d,DR,20,GTTGGGAAAGCCCTTATTTTGAAGGGTATCTACAAC,Flavobacterium columnare
93ea6d07-ed4e-4671-8a3c-ec978b468953,f38a7c16-7335-4420-bbe8-0a21ac85466d,DR,21,GTTGGGAAAGCCCTTATTTTGAAGGGTATCTACAAC,Flavobacterium columnare
57ea72d6-2d1e-401d-bae8-ddf1d9052bc6,f38a7c16-7335-4420-bbe8-0a21ac85466d,DR,22,GTTGGGAAAGCCCTTATTTTGAAGGGTATCTACAAC,Flavobacterium columnare
6683e5fc-5ca3-4267-8d26-baaa5b8e078a,f38a7c16-7335-4420-bbe8-0a21ac85466d,DR,23,GTTGGGAAAGCCCTTATTTTGAAGGGTATCTACAAC,Flavobacterium columnare
609472f6-2d3f-4cd4-ab21-df78dc452052,f38a7c16-7335-4420-bbe8-0a21ac85466d,DR,24,GTTGGGAAAGCCCTTATTTTGAAGGGTATCTACAAC,Flavobacterium columnare
224a0170-ddce-4818-a265-b7257006d272,f38a7c16-7335-4420-bbe8-0a21ac85466d,DR,25,GTTGGGAAAGCCCTTATTTTGAAGGGTATCTACAAC,Flavobacterium columnare
025a3253-3c62-475a-ba83-8bdd50b8490c,f38a7c16-7335-4420-bbe8-0a21ac85466d,DR,26,GTTGGGAAAGCCCTTATTTTGAAGGGTATCTACAAC,Flavobacterium columnare
7361f919-ea5a-46e7-bcb0-ec458f3d047f,f38a7c16-7335-4420-bbe8-0a21ac85466d,DR,27,GTTGGGAAAGCCCTTATTTTGAAGGGTATCTACAAC,Flavobacterium columnare
836621bc-8a5f-4945-ab97-b21e0a68aa29,f38a7c16-7335-4420-bbe8-0a21ac85466d,DR,28,GTTGGGAAAGCCCTTATTTTGAAGCGTATCTACAAC,Flavobacterium columnare
c0a6251c-cfa4-45b9-a930-a12595f99740,f38a7c16-7335-4420-bbe8-0a21ac85466d,DR,29,GTTGGGAAAGCCCTTATTTTGAAGGGTATCTACAAC,Flavobacterium columnare
f19df89d-03fd-4284-a51a-19c739dc2d50,45804759-36c6-4f11-ad58-690f221d8ca9,DR,1,GTTGGGAAAGCCCTTATTTTGAAGGGTATCTACAAC,Flavobacterium covae
cf957beb-92fc-4a5e-9e44-9839c9bcb794,45804759-36c6-4f11-ad58-690f221d8ca9,DR,2,GTTGGGAAAGCCCTTATTTTGAAGGGTATCTACAAC,Flavobacterium covae
f72ec866-11d4-41f4-973b-b6631041f19d,45804759-36c6-4f11-ad58-690f221d8ca9,DR,3,GTTGGGAAAGCCCTTATTTTGAAGGGTATCTACAAC,Flavobacterium covae
5ef3a0f3-ef68-4e85-804e-622580ab5476,45804759-36c6-4f11-ad58-690f221d8ca9,DR,4,GTTGGGAAAGCCCTTATTTTGAAGGGTATCTACAAC,Flavobacterium covae
ac805388-cccc-4c33-8cd3-3882bd2918c6,45804759-36c6-4f11-ad58-690f221d8ca9,DR,5,GTTGGGAAAGCCCTTATTTTGAAGGGTATCTACAAC,Flavobacterium covae
4a1ec99f-1e12-48b6-8277-0510f0c8d5a5,45804759-36c6-4f11-ad58-690f221d8ca9,DR,6,GTTGGGAAAGCCCTTATTTTGAAGGGTATCTACAAC,Flavobacterium covae
7a44b918-edd7-4d25-8a0b-92e6a2a63d53,27b46a6c-fa1b-4bce-a004-1fe1e3973640,DR,1,GTTGTCACTGCCTTTATTTTGAAAGGTATACACAA,Flavobacterium jumunjinense
7a44b918-edd7-4d25-8a0b-92e6a2a63d53,27b46a6c-fa1b-4bce-a004-1fe1e3973640,DR,1,GTTGTCACTGCCTTTATTTTGAAAGGTATACACAA,Flavobacterium jumunjinense
fd732d05-8c18-4d23-9551-023c885af0de,27b46a6c-fa1b-4bce-a004-1fe1e3973640,DR,2,GTTGTCACTGCCTTTATTTTGAAAGGTATACACAA,Flavobacterium jumunjinense
fd732d05-8c18-4d23-9551-023c885af0de,27b46a6c-fa1b-4bce-a004-1fe1e3973640,DR,2,GTTGTCACTGCCTTTATTTTGAAAGGTATACACAA,Flavobacterium jumunjinense
7c3d0059-a0e7-4d6a-8e34-cf0b1dbb3c58,27b46a6c-fa1b-4bce-a004-1fe1e3973640,DR,3,GTTGTCACTGCCTTTATTTTGAAAGGTATACACAA,Flavobacterium jumunjinense
7c3d0059-a0e7-4d6a-8e34-cf0b1dbb3c58,27b46a6c-fa1b-4bce-a004-1fe1e3973640,DR,3,GTTGTCACTGCCTTTATTTTGAAAGGTATACACAA,Flavobacterium jumunjinense
ccb4bece-236e-4be9-8876-e89ed8519dad,27b46a6c-fa1b-4bce-a004-1fe1e3973640,DR,4,GTTGTCACTGCCTTTATTTTGAAAGGTATACACAA,Flavobacterium jumunjinense
ccb4bece-236e-4be9-8876-e89ed8519dad,27b46a6c-fa1b-4bce-a004-1fe1e3973640,DR,4,GTTGTCACTGCCTTTATTTTGAAAGGTATACACAA,Flavobacterium jumunjinense
95d18013-a69f-4831-9989-39b59226c448,a2e45554-7938-4c84-8f32-3911a240a9b7,DR,1,GTTGGTACTGTACACGTTTTTGGTGTGCAATCACAA,Myroides odoratimimus
69ceca53-0371-408e-84bd-e3dcf2daebea,a2e45554-7938-4c84-8f32-3911a240a9b7,DR,2,GTTGGTACTGTACACGTTTTTGGTGTGCAATCACAA,Myroides odoratimimus
7b38bbfa-4673-41e6-967a-82029de338b4,a2e45554-7938-4c84-8f32-3911a240a9b7,DR,3,GTTGGTACTGTACACGTTTTTGGTGTGCAATCACAA,Myroides odoratimimus
6aae9f78-74d8-4b08-aee3-eac9238f4e1a,a2e45554-7938-4c84-8f32-3911a240a9b7,DR,4,GTTGGTACTGTACACGTTTTTGGTGTGCAATCACAA,Myroides odoratimimus
9a71b973-2a30-4c65-916d-17491548a391,a2e45554-7938-4c84-8f32-3911a240a9b7,DR,5,GTTGGTACTGTACACGTTTTTGGTGTGCAATCACAA,Myroides odoratimimus
db25788f-07a0-4719-94be-2e53f43e4604,a2e45554-7938-4c84-8f32-3911a240a9b7,DR,6,GTTGGTACTGTACATAGATTTGGTGTGCAATCACAA,Myroides odoratimimus
8ffaa065-2d6c-4a8f-84f3-213bac0ed040,a2e45554-7938-4c84-8f32-3911a240a9b7,DR,7,GTTGGTACTGTACACGTTTTTGGTGTGCAATCACAA,Myroides odoratimimus
cee8e649-3f35-47be-bafd-29ffbce3f7cc,a2e45554-7938-4c84-8f32-3911a240a9b7,DR,8,GTTGGTACTGTACATAGATTTGGTGTGCAATCACAA,Myroides odoratimimus
42a9fcf0-02f0-4d0c-8003-c72575dd57e5,a2e45554-7938-4c84-8f32-3911a240a9b7,DR,9,GTTGGTACTGTACATAGATTTGGTGTGCAATCACAA,Myroides odoratimimus
3280bbb5-cb41-4892-a68a-2981da059399,a2e45554-7938-4c84-8f32-3911a240a9b7,DR,10,GTTGGTACTGTACACGTATTTGGTGTGTAATCACAA,Myroides odoratimimus
5b22403c-44c2-4438-8acc-ca806710358b,aabe0364-08c0-4e0a-b33e-09f2136de991,DR,1,GTTGGTACTGTACACGTATCTGGTGTGCAATCACAAC,Myroides odoratimimus
fdbfaf78-964f-4162-a2db-45ef707179e0,aabe0364-08c0-4e0a-b33e-09f2136de991,DR,2,GTTGGTACTGTACACGTATTTGGTGTGTAATCACAAC,Myroides odoratimimus
72ba3402-abe8-483b-b8b2-087a4ef3967d,aabe0364-08c0-4e0a-b33e-09f2136de991,DR,3,GTTGGTACTGTACATAGATTTGGTGTGCAATCACAAC,Myroides odoratimimus
ee1087bf-4df6-4a05-a413-321afe8b322d,aabe0364-08c0-4e0a-b33e-09f2136de991,DR,4,GTTGGTACTGTACACGTTTTTGGTGTGCAATCACAAC,Myroides odoratimimus
dbf163b1-aa92-483d-b35f-cf59c3f91642,aabe0364-08c0-4e0a-b33e-09f2136de991,DR,5,GTTGGTACTGTACACGTTTTTGGTGTGCAATCACAAC,Myroides odoratimimus
ab79f589-1389-45a1-b2d8-57386d859107,aabe0364-08c0-4e0a-b33e-09f2136de991,DR,6,GTTGGTACTGTACACGTTTTTGGTGTGCAATCACAAC,Myroides odoratimimus
c4dd5fc1-d716-4200-a576-cc12128280bb,aabe0364-08c0-4e0a-b33e-09f2136de991,DR,7,GTTGGTACTGTACACGTTTTTGGTGTGCAATCACAAC,Myroides odoratimimus
0f15ad2b-7921-473a-aee1-3c9c7643214c,aabe0364-08c0-4e0a-b33e-09f2136de991,DR,8,GTTGGTACTGTACACGTTTTTGGTGTGCAATCACAAC,Myroides odoratimimus
d18c6659-86c5-497b-9fd1-ae130487f971,aabe0364-08c0-4e0a-b33e-09f2136de991,DR,9,GTTGGTACTGTACACGTTTTTGGTGTGCAATCACAAC,Myroides odoratimimus
c0a33748-fa93-46f6-b340-529b16346fd1,aabe0364-08c0-4e0a-b33e-09f2136de991,DR,10,GTTGGTACTGTACACGTTTTTGGTGTGCAATCACAAC,Myroides odoratimimus
25d09444-c7ee-4047-942c-65705f01c611,aabe0364-08c0-4e0a-b33e-09f2136de991,DR,11,GTTGGTACTGTACACGTTTTTGGTGTGCAATCACAAC,Myroides odoratimimus
09416dc5-8bbe-460e-9bac-1f17b8852bfb,aabe0364-08c0-4e0a-b33e-09f2136de991,DR,12,GTTGGTACTGTACACGTTTTTGGTGTGCAATCACAAC,Myroides odoratimimus
43f99fb3-15f4-42d6-befb-2f7020cf6fa8,aabe0364-08c0-4e0a-b33e-09f2136de991,DR,13,GTTGGTACTGTACACGTTTTTGGTGTGCAATCACAAC,Myroides odoratimimus
1161c390-cd6e-4821-a077-97af0a2c2f01,aabe0364-08c0-4e0a-b33e-09f2136de991,DR,14,GTTGGTACTGTACACGTTTTTGGTGTGCAATCACAAC,Myroides odoratimimus
d1510e56-c3e2-4306-8a2f-f57f8dac1c59,aabe0364-08c0-4e0a-b33e-09f2136de991,DR,15,GTTGGTACTGTACACGTTTTTGGTGTGCAATCACAAC,Myroides odoratimimus
7494dd3b-c188-448a-911d-206c88678d71,aabe0364-08c0-4e0a-b33e-09f2136de991,DR,16,GTTGGTACTGTACACGTTTTTGGTGTGCAATCACAAC,Myroides odoratimimus
5ffd5fe9-abb7-4ed1-b922-0dff1dad9d5e,aabe0364-08c0-4e0a-b33e-09f2136de991,DR,17,GTTGGTACTGTACACGTTTTTGGTGTGCAATCACAAC,Myroides odoratimimus
da7db862-0d8c-4d43-839e-89e4a16d72fd,b30756bd-25ee-4045-8c49-afb664bc06f5,DR,1,GTTGTAACTGCCCTTATTTTGAAGGGTAAACACA,Psychroflexus torquis
f8df2389-7492-4ee0-8de9-5e75b621382f,b30756bd-25ee-4045-8c49-afb664bc06f5,DR,2,GTTGTAACTGCCCTTATTTTGAAGGGTAAACACA,Psychroflexus torquis
a2a35a8d-5065-4f50-83c4-78b87bb1aa5c,b30756bd-25ee-4045-8c49-afb664bc06f5,DR,3,GTTGTAACTGCCCTTATTTTGAAGGGTAAACACA,Psychroflexus torquis
38d77206-b55f-415a-b751-141c84a643e7,b30756bd-25ee-4045-8c49-afb664bc06f5,DR,4,GTTGTAACTGCCCTTATTTTGAAGGGTAAACACA,Psychroflexus torquis
f15aaf77-a75d-4eb5-abea-5b56b48f7de8,b30756bd-25ee-4045-8c49-afb664bc06f5,DR,5,GTTGTAACTGCCCTTATTTTGAAGGGTAAACACA,Psychroflexus torquis
6ed371e3-afd9-4645-9d8a-a67db85b1e65,b30756bd-25ee-4045-8c49-afb664bc06f5,DR,6,GTTGTAACTGCCCTTATTTTGAAGGGTAAACACA,Psychroflexus torquis
6ccee504-3d13-4ce1-9987-efab39d80d67,b30756bd-25ee-4045-8c49-afb664bc06f5,DR,7,GTTGTAACGGCCCTTATTTTGAAGGGTAAACACA,Psychroflexus torquis
2f6107bb-17f5-4b98-bba0-e15f782fbb26,913625d9-995a-493d-8d74-ab1e9f20968b,DR,1,GTTGGATCTACCCTCTATTCGAAGGGTACACACAAC,Porphyromonas gingivalis
67ea3c05-1b0b-4edf-b6a6-33b08acf9fa6,913625d9-995a-493d-8d74-ab1e9f20968b,DR,2,GTTGGATCTACCCTCTATTCGAAGGGTACACACAAC,Porphyromonas gingivalis
5db3019a-42af-4d7a-bf1b-a887637302d8,913625d9-995a-493d-8d74-ab1e9f20968b,DR,3,GTTGGATCTACCCTCTATTCGAAGGGTACACACAAC,Porphyromonas gingivalis
50e9d0aa-9fa5-4d12-84c3-150b0f9042f4,913625d9-995a-493d-8d74-ab1e9f20968b,DR,4,GTTGGATCTACCCTCTATTCGAAGGGTACACACAAC,Porphyromonas gingivalis
e5244ae1-a4f2-4e69-9305-33f13afbcb33,913625d9-995a-493d-8d74-ab1e9f20968b,DR,5,GTTGGATCTACCCTCTATTCGAAGGGTACACACAAC,Porphyromonas gingivalis
80b11032-e8e4-4f8b-a841-ff469e437da3,913625d9-995a-493d-8d74-ab1e9f20968b,DR,6,GTTGGATCTACCCTCTATTCGAAGGGTACACACAAC,Porphyromonas gingivalis
17e116a5-71b2-4929-820d-5ced6a349f6e,913625d9-995a-493d-8d74-ab1e9f20968b,DR,7,GTTGGATCTACCCTCTATTCGAAGGGTACACACAAC,Porphyromonas gingivalis
47410e9c-b26d-4af2-9239-1ee363b80e11,913625d9-995a-493d-8d74-ab1e9f20968b,DR,8,GTTGGATCTACCCTCTATTCGAAGGGTACACACAAC,Porphyromonas gingivalis
9c2192d9-d593-4e4e-a365-4db8b8dfe4e7,913625d9-995a-493d-8d74-ab1e9f20968b,DR,9,GTTGGATCTACCCTCTATTCGAAGGGTACACACAAC,Porphyromonas gingivalis
96e8f78a-7417-4554-8afe-e60ffdda217d,913625d9-995a-493d-8d74-ab1e9f20968b,DR,10,GTTGGATCTACCCTCTATTCGAAGGGTACACACAAC,Porphyromonas gingivalis
e0681dbf-869c-44ef-8e7d-fd9b6188041b,913625d9-995a-493d-8d74-ab1e9f20968b,DR,11,GTTGGATCTACCCTCTATTCGAAGGGTACACACAAC,Porphyromonas gingivalis
da6f8b0b-666f-4b9e-9ee8-b9c4a1752cf9,913625d9-995a-493d-8d74-ab1e9f20968b,DR,12,GTTGGATCTACCCTCTATTCGAAGGGTACACACAAC,Porphyromonas gingivalis
226e67b3-d772-43d2-ab53-3649182087eb,913625d9-995a-493d-8d74-ab1e9f20968b,DR,13,GTTGGATCTACCCTCTATTCGAAGGGTACACACAAC,Porphyromonas gingivalis
65093431-ab9a-4bec-b4cc-a37b0271c7dd,319adc09-d80b-4a7b-81e0-10bddab4ac6a,DR,1,GTTGGATCTACCCTCTATTCGAAGGGTACACACAAC,Porphyromonas gingivalis
db7c894f-4bff-4255-b875-4a041754bbac,319adc09-d80b-4a7b-81e0-10bddab4ac6a,DR,2,GTTGGATCTACCCTCTATTCGAAGGGTACACACAAC,Porphyromonas gingivalis
0f922c00-8b7e-4af6-b6cf-6f00a054eda8,319adc09-d80b-4a7b-81e0-10bddab4ac6a,DR,3,GTTGGATCTACCCTCTATTCGAAGGGTACACACAAC,Porphyromonas gingivalis
9f46bae8-31b8-4b41-b25d-fd3e3454857a,319adc09-d80b-4a7b-81e0-10bddab4ac6a,DR,4,GTTGGATCTACCCTCTATTCGAAGGGTACACACAAC,Porphyromonas gingivalis
235e2fea-0ca2-448f-bd80-d07591e74ae3,319adc09-d80b-4a7b-81e0-10bddab4ac6a,DR,5,GTTGGATCTACCCTCTATTCGAAGGGTACACACAAC,Porphyromonas gingivalis
fee72808-df38-40a7-8ece-160cc1e11216,319adc09-d80b-4a7b-81e0-10bddab4ac6a,DR,6,GTTGGATCTACCCTCTATTCGAAGGGTACACACAAC,Porphyromonas gingivalis
6bd3c304-c76c-47b3-a8db-7377b4f67128,319adc09-d80b-4a7b-81e0-10bddab4ac6a,DR,7,GTTGGATCTACCCTCTATTCGAAGGGTACACACAAC,Porphyromonas gingivalis
29e9957a-7c74-4e2e-9f72-09818782aba5,319adc09-d80b-4a7b-81e0-10bddab4ac6a,DR,8,GTTGGATCTACCCTCTATTCGAAGGGTACACACAAC,Porphyromonas gingivalis
b963a910-5c9e-454c-bb0d-09295afcdeab,319adc09-d80b-4a7b-81e0-10bddab4ac6a,DR,9,GTTGGATCTACCCTCTATTCGAAGGGTACACACAAC,Porphyromonas gingivalis
431da82c-0dcc-4664-b7b6-ea5dfd6f7c49,cc38743d-a679-43c9-a2e1-a7705f944c6b,DR,1,GTTGGATCTACCCTCTATTCGAAGGGTACACACAAC,Porphyromonas gingivalis
668d704e-fbc1-4fee-b13b-76e17edcaad8,cc38743d-a679-43c9-a2e1-a7705f944c6b,DR,2,GTTGGATCTACCCTCTATTCGAAGGGTACACACAAC,Porphyromonas gingivalis
1107efd5-d1ad-499d-83c7-df06e14b9b3a,cc38743d-a679-43c9-a2e1-a7705f944c6b,DR,3,GTTGGATCTACCCTCTATTCGAAGGGTACACACAAC,Porphyromonas gingivalis
f825e074-1db2-4bdc-a021-29ea9b14578b,cc38743d-a679-43c9-a2e1-a7705f944c6b,DR,4,GTTGGATCTACCCTCTATTTGAAGGGTACACACAAC,Porphyromonas gingivalis
f74e3885-1685-4115-a2d5-e0cf1a1b3ac7,cc38743d-a679-43c9-a2e1-a7705f944c6b,DR,5,GTTGGATCTACCCTCTATTCGAAGGGTACACACAAC,Porphyromonas gingivalis
810fe12c-2d92-4bb3-a394-049470a156b5,cc38743d-a679-43c9-a2e1-a7705f944c6b,DR,6,GTTGGATCTACCCTCTATTCGAAGGGTACACACAAC,Porphyromonas gingivalis
8f6d252d-59e2-4a64-9bb2-372e8a822ad7,e7142057-b18d-4370-aa3b-7c7d30f8d10c,DR,1,GTTGGATCTACCCTCTATTCGAAGGGTACACACAACT,Porphyromonas gingivalis
2281eafa-557f-4195-b0ca-3a04c1294012,e7142057-b18d-4370-aa3b-7c7d30f8d10c,DR,2,GTTGGATCTACCCTCTATTCGAAGGGTACACACAACC,Porphyromonas gingivalis
ab0d16d5-de07-4e49-adb5-58a26cdbb2c3,e7142057-b18d-4370-aa3b-7c7d30f8d10c,DR,3,GTTGGATCTACCCTCTATTCGAAGGGTACACACAACT,Porphyromonas gingivalis
9fd979e2-1dbe-4879-8883-f72080ce2f00,e7142057-b18d-4370-aa3b-7c7d30f8d10c,DR,4,GTTGGATCTACCCTCTATTCGAAGGGTACACACAACT,Porphyromonas gingivalis
1b7dd509-d335-4c3d-ba68-cb3054b649f9,e7142057-b18d-4370-aa3b-7c7d30f8d10c,DR,5,GTTGGATCTACCCTCTATTCGAAGGGTACACACAACT,Porphyromonas gingivalis
1da373ed-2527-448c-b59e-9476196d0618,e7142057-b18d-4370-aa3b-7c7d30f8d10c,DR,6,GTTGGATCTACCCTCTATTCGAAGGGTACACACAACT,Porphyromonas gingivalis
9084e001-4d67-4f86-8741-3ab1116766ea,e7142057-b18d-4370-aa3b-7c7d30f8d10c,DR,7,GTTGGATCTACCCTCTATTCGAAGGGTACACACAACA,Porphyromonas gingivalis
143f4fd6-6726-47d4-b5b1-efc07aa9b6f1,9a59d1ae-1a91-48fd-b4b7-723725ce5dd6,DR,1,GTTGGATCTACCCTCTATTCGAAGGGTACACACAAC,Porphyromonas gingivalis
f25ec644-6295-43e4-acae-d08b1e619ad2,9a59d1ae-1a91-48fd-b4b7-723725ce5dd6,DR,2,GTTGGATCTACCCTCTATTCGAAGGGTACACACAAC,Porphyromonas gingivalis
46dee5fa-bc25-41d5-aedb-8329446b4d51,9a59d1ae-1a91-48fd-b4b7-723725ce5dd6,DR,3,GTTGGATCTACCCTCTATTCGAAGGGTACACACAAC,Porphyromonas gingivalis
390f1277-4db2-4999-8ba1-f2babef59ef1,9a59d1ae-1a91-48fd-b4b7-723725ce5dd6,DR,4,GTTGGATCTACCCTCTATTCGAAGGGTACACACAAC,Porphyromonas gingivalis
26eae29f-1de1-4663-88da-2a5c8be191bf,9a59d1ae-1a91-48fd-b4b7-723725ce5dd6,DR,5,GTTGGATCTACCCTCTATTCGAAGGGTACACACAAC,Porphyromonas gingivalis
4a740608-88f0-4db7-8264-15b1775f369b,9a59d1ae-1a91-48fd-b4b7-723725ce5dd6,DR,6,GTTGGATCTACCCTCTATTCGAAGGGTACACACAAC,Porphyromonas gingivalis
dad98dfd-6962-40b0-b16e-fd1bac8a6808,9a59d1ae-1a91-48fd-b4b7-723725ce5dd6,DR,7,GTTGGATCTACCCTCTATTCGAAGGGTACACACAAC,Porphyromonas gingivalis
08712339-f0e8-433a-a2b6-96e341b9acff,9c0e2cb3-8977-4667-9158-13dca78bcd9b,DR,1,GTTGGATCTACCCTCTATTCGAAGGGTACACACAAC,Porphyromonas gingivalis
6ca3dc46-9d91-4364-b296-0302318db6ce,9c0e2cb3-8977-4667-9158-13dca78bcd9b,DR,2,GTTGGATCTACCCTCTATTCGAAGGGTACACACAAC,Porphyromonas gingivalis
13e01cbf-dc40-487a-92e6-f7eeb427ae0c,9c0e2cb3-8977-4667-9158-13dca78bcd9b,DR,3,GTTGGATCTACCCTCTATTCGAAGGGTACACACAAC,Porphyromonas gingivalis
3a1fc6c3-fcd7-4415-9f70-38a8d9b5bfb6,9c0e2cb3-8977-4667-9158-13dca78bcd9b,DR,4,GTTGGATCTACCCTCTATTCGAAGGGCACACACAAC,Porphyromonas gingivalis
e448632c-687e-4eef-982e-c26bd7a351c4,9c0e2cb3-8977-4667-9158-13dca78bcd9b,DR,5,GTTGGATCTACCCTCTATTCGAAGGGTACACACAAC,Porphyromonas gingivalis
b43b1e2f-4156-4034-8ae4-e36c93d5a79e,9c0e2cb3-8977-4667-9158-13dca78bcd9b,DR,6,GTTGGATCTACCCTCTATTCGAAGGGTACACACAAC,Porphyromonas gingivalis
9f749987-9cdf-41c8-8d0b-eeda734bd90d,a16f006c-bea0-4e5e-9d3f-eb84ffa8ab84,DR,1,AGTTGGATCTACCCTCTATTCGAAGGGTACACACAAC,Porphyromonas gingivalis
4aabb57d-d837-4487-b872-fe57fc19783b,a16f006c-bea0-4e5e-9d3f-eb84ffa8ab84,DR,2,AGTTGGATCTACCCTCTATTCGAAGGGTACACACAAC,Porphyromonas gingivalis
18a8e16a-75d7-404e-9780-9d05ef963c94,a16f006c-bea0-4e5e-9d3f-eb84ffa8ab84,DR,3,AGTTGGATCTACCCTCTATTCGAAGGGCACACACAAC,Porphyromonas gingivalis
5f4674ab-ba27-4fc8-9b5c-f8b60fbcb7e6,a16f006c-bea0-4e5e-9d3f-eb84ffa8ab84,DR,4,AGTTGGATCTACCCTCTATTCGAAGGGTACACACAAC,Porphyromonas gingivalis
86062d13-e437-4f63-b8d9-64d622e9ac79,f5dfdc2c-0704-4c18-a8a1-0e88de9bd2f3,DR,1,GTTGGGAATACCCTTAGTTAGAAGGGTGGAGACAAC,Porphyromonas gingivalis
d041c96c-8f54-47f3-933c-0d349c6483a3,f5dfdc2c-0704-4c18-a8a1-0e88de9bd2f3,DR,2,GTTGGGAATACCCTTAGTTAGAAGGGTGGAGACAAC,Porphyromonas gingivalis
383f9346-86fd-432b-8753-a024f9251d13,f5dfdc2c-0704-4c18-a8a1-0e88de9bd2f3,DR,3,GTTGGGAATACCCTTAGTTAGAAGGGTGGAGACAAC,Porphyromonas gingivalis
6ac9330d-c954-4b65-a6f5-9b562d99d64b,f5dfdc2c-0704-4c18-a8a1-0e88de9bd2f3,DR,4,GTTGGGAATACCCTTAGTTAGAAGGGTGGAGACAAC,Porphyromonas gingivalis
f321cb19-90ca-480d-be62-dfafca04ae09,f5dfdc2c-0704-4c18-a8a1-0e88de9bd2f3,DR,5,GTTGGGAATACCCTTAGTTAGAAGGGTGGAGACAAC,Porphyromonas gingivalis
ca743108-5d09-46f8-9628-8023c3a51436,f5dfdc2c-0704-4c18-a8a1-0e88de9bd2f3,DR,6,GTTGGGAATACCCTTAGTTAGAAGGGTGGAGACAAC,Porphyromonas gingivalis
e7fce7fc-c488-4a1b-819f-2dfdab13cefa,f5dfdc2c-0704-4c18-a8a1-0e88de9bd2f3,DR,7,GTTGGGAATACCCTTAGTTAGAAGGGTGGAGACAAC,Porphyromonas gingivalis
c32d678a-e303-4412-98f8-848c0ed3e800,f5dfdc2c-0704-4c18-a8a1-0e88de9bd2f3,DR,8,GTTGGGAATACCCTTAGTTAGAAGGGTGGAGACAAC,Porphyromonas gingivalis
9ac692cd-da47-4820-8929-34f99f095934,f5dfdc2c-0704-4c18-a8a1-0e88de9bd2f3,DR,9,GTTGGGAATACCCTTAGTTAGAAGGGTGGAGACAAC,Porphyromonas gingivalis
9dfb6fd6-f3fe-43e5-b717-db2bfa7feb26,f5dfdc2c-0704-4c18-a8a1-0e88de9bd2f3,DR,10,GTTGGGAATACCCTTAGTTAGAAGGGTGGAGACAAC,Porphyromonas gingivalis
5f0b67a7-f25e-4478-bfa7-7df52a4ef2c2,c4337b6a-a5c3-4e6e-8609-d76e2db45ba4,DR,1,GTTGGATCTACCCTCTATTCGAAGGGTACACACAAC,Porphyromonas gingivalis
90ba1364-bf7a-497e-b0db-9b8bf518a458,c4337b6a-a5c3-4e6e-8609-d76e2db45ba4,DR,2,GTTGGATCTACCCTCTATTCGAAGGGTACACACAAC,Porphyromonas gingivalis
f30c649c-4884-4054-8f0d-f4b3fd303be1,c4337b6a-a5c3-4e6e-8609-d76e2db45ba4,DR,3,GTTGGATCTACCCTCTATTCGAAGGGTACACACAAC,Porphyromonas gingivalis
540b1828-c4bb-4ef4-a6d5-aed953e43719,c4337b6a-a5c3-4e6e-8609-d76e2db45ba4,DR,4,GTTGGATCTACCCTCTATTCGAAGGGTACACACAAC,Porphyromonas gingivalis
62d20af6-f2e0-4663-9995-35354d86bd37,c4337b6a-a5c3-4e6e-8609-d76e2db45ba4,DR,5,GTTGGATCTACCCTCTATTCGAAGGGTACACACAAC,Porphyromonas gingivalis
4d2aee65-f2aa-4489-a793-fade50bda6b9,c4337b6a-a5c3-4e6e-8609-d76e2db45ba4,DR,6,GTTGGATCTACCCTCTATTCGAAGGGTACACACAAC,Porphyromonas gingivalis
c3832e52-f4cd-4406-a3cd-99a3a3b3cd24,c4337b6a-a5c3-4e6e-8609-d76e2db45ba4,DR,7,GTTGGATCTACCCTCTATTCGAAGGGTACACACAAC,Porphyromonas gingivalis
421c04ce-6359-41db-a8fd-6ae6ea05b494,c4337b6a-a5c3-4e6e-8609-d76e2db45ba4,DR,8,GTTGGATCTACCCTCTATTCGAAGGGTACACACAAC,Porphyromonas gingivalis
3cc470c1-a6b7-4277-9892-3119aca51225,d5ef5a16-746c-465d-a8e4-a619e897a486,DR,1,GTTGGATCTACCCTCTATTCGAAGGGTACACACAAC,Porphyromonas gingivalis
7829d1a1-ee33-4202-a93c-2598c6b8909c,d5ef5a16-746c-465d-a8e4-a619e897a486,DR,2,GTTGGATCTACCCTCTATTCGAAGGGTACACACAAC,Porphyromonas gingivalis
c741c533-b156-47de-9dd2-3d6e77926ab1,d5ef5a16-746c-465d-a8e4-a619e897a486,DR,3,GTTGGATCTACCCTCTATTCGAAGGGTACACACAAC,Porphyromonas gingivalis
32236b08-dd15-40c1-bf63-91bc3f078f20,d5ef5a16-746c-465d-a8e4-a619e897a486,DR,4,GTTGGATCTACCCTCTATTCGAAGGGTACACACAAC,Porphyromonas gingivalis
89d83129-7e7f-4f2d-8ab8-2deea9c491f8,d5ef5a16-746c-465d-a8e4-a619e897a486,DR,5,GTTGGATCTACCCTCTATTCGAAGGGTACACACAAC,Porphyromonas gingivalis
90971590-df31-46e0-8b25-1a459a083106,d5ef5a16-746c-465d-a8e4-a619e897a486,DR,6,GTTGGATCTACCCTCTATTCGAAGGGTACACACAAC,Porphyromonas gingivalis
fc063544-e4b2-4c92-873c-b28eaeecd73d,d5ef5a16-746c-465d-a8e4-a619e897a486,DR,7,GTTGGATCTACCCTCTATTCGAAGGGTACACACAAC,Porphyromonas gingivalis
7e9564ab-7c9d-45b2-88f0-501f1390840b,d5ef5a16-746c-465d-a8e4-a619e897a486,DR,8,GTTGGATCTACCCTCTATTCGAAGGGTACACACAAC,Porphyromonas gingivalis
c254a6d0-5a09-4647-9a69-a92b1a0d91f9,d5ef5a16-746c-465d-a8e4-a619e897a486,DR,9,GTTGGATCTACCCTCTATTCGAAGGGTACACACAAC,Porphyromonas gingivalis
b9957321-7258-4e34-a6c4-0316607d5bd8,d5ef5a16-746c-465d-a8e4-a619e897a486,DR,10,GTTGGATCTACCCTCTATTCGAAGGGTACACACAAC,Porphyromonas gingivalis
855dffef-e2e8-45f1-8cf2-fba2f809a85f,d5ef5a16-746c-465d-a8e4-a619e897a486,DR,11,GTTGGATCTACCCTCTATTCGAAGGGTACACACAAC,Porphyromonas gingivalis
e418fffd-d52d-4e39-9791-c7e413e8a280,d5ef5a16-746c-465d-a8e4-a619e897a486,DR,12,GTTGGATCTACCCTCTATTCGAAGGGTACACACAAC,Porphyromonas gingivalis
485f429d-9b93-4e0f-8f48-aff4c44d4e9c,d5ef5a16-746c-465d-a8e4-a619e897a486,DR,13,GTTGGATCTACCCTCTATTCGAAGGGTACACACAAC,Porphyromonas gingivalis
813c5d02-cba9-4377-97fb-11b899291b29,d5ef5a16-746c-465d-a8e4-a619e897a486,DR,14,GTTGGATCTACCCTCTATTCGAAGGGTACACACAAC,Porphyromonas gingivalis
da5c4c41-d7fd-4334-b98e-d73628ad42ff,d5ef5a16-746c-465d-a8e4-a619e897a486,DR,15,GTTGGATCTACCCTCTATTCGAAGGGTACACACAAC,Porphyromonas gingivalis
49d03ab4-a679-4089-91aa-7e5719d384bc,d5ef5a16-746c-465d-a8e4-a619e897a486,DR,16,GTTGGATCTACCCTCTATTCGAAGGGTACACACAAC,Porphyromonas gingivalis
4e8eb402-b583-454b-aa26-1a8d560388e2,294a714c-e4ed-4e88-bd79-a246ffbab39b,DR,1,GTTGGATCTACCCTCTATTCGAAGGGTACACACAAC,Porphyromonas gingivalis
f50a5980-2a62-4bd7-a67b-6214d68b98e4,294a714c-e4ed-4e88-bd79-a246ffbab39b,DR,2,GTTGGATCTACCCTCTATTCGAAGGGTACACACAAC,Porphyromonas gingivalis
6f1bb189-e4a7-4d9b-a78a-1dd15fd6fd93,294a714c-e4ed-4e88-bd79-a246ffbab39b,DR,3,GTTGGATCTACCCTCTATTCGAAGGGTACACACAAC,Porphyromonas gingivalis
7c2c55fd-1c48-47f2-b136-67f577083f0b,294a714c-e4ed-4e88-bd79-a246ffbab39b,DR,4,GTTGGATCTACCCTCTATTCGAAGGGTACACACAAC,Porphyromonas gingivalis
cef05750-7e78-43a6-ac74-4955d4999aee,294a714c-e4ed-4e88-bd79-a246ffbab39b,DR,5,GTTGGATCTACCCTCTATTCGAAGGGTACACACAAC,Porphyromonas gingivalis
bae08bf4-d9b7-4a3c-b61d-f504a9f281f5,294a714c-e4ed-4e88-bd79-a246ffbab39b,DR,6,GTTGGATCTACCCTCTATTCGAAGGGTACACACAAC,Porphyromonas gingivalis
b44ef9da-04ee-4b50-9624-3dede9c8e3cc,294a714c-e4ed-4e88-bd79-a246ffbab39b,DR,7,GTTGGATCTACCCTCTATTCGAAGGGTACACACAAC,Porphyromonas gingivalis
953802ea-8f4c-4ba5-9133-98744104ed5e,6ada6464-f08c-41af-96ee-4f69a6110c2e,DR,1,GTTGGATCTACCCTCTATTCGAAGGGTACACACAAC,Porphyromonas gingivalis
36879eae-25dc-4c09-9955-effd53c13bae,6ada6464-f08c-41af-96ee-4f69a6110c2e,DR,2,GTTGGATCTACCCTCTATTCGAAGGGTACACACAAC,Porphyromonas gingivalis
74ee23b5-79a5-4c57-b34f-1b3f86969a3c,6ada6464-f08c-41af-96ee-4f69a6110c2e,DR,3,GTTGGATCTACCCTCTATTCGAAGGGTACACACAAC,Porphyromonas gingivalis
da5fc3dd-f904-444c-b7fb-b928d35975d2,6ada6464-f08c-41af-96ee-4f69a6110c2e,DR,4,GTTGGATCTACCCTCTATTCGAAGGGTACACACAAC,Porphyromonas gingivalis
72408a36-4ef3-4d47-a338-c7fa0549ad33,9c3c6774-de90-4d29-92fc-b2d4424995b8,DR,1,GTTGGATCTACCCTCTATTCGAAGGGTACACACAAC,Porphyromonas gingivalis
c0a72f4a-a6b4-4b3e-8cae-5cfd730fdc9d,9c3c6774-de90-4d29-92fc-b2d4424995b8,DR,2,GTTGGATCTACCCTCTATTCGAAGGGTACACACAAC,Porphyromonas gingivalis
7c0ee81b-dd01-427c-aa4f-4346f11349b7,9c3c6774-de90-4d29-92fc-b2d4424995b8,DR,3,GTTGGATCTACCCTCTATTCGAAGGGTACACACAAC,Porphyromonas gingivalis
bb3caa68-bda2-4f65-b459-959c9f6e4879,9c3c6774-de90-4d29-92fc-b2d4424995b8,DR,4,GTTGGATCTACCCTCTATTCGAAGGGTACACACAAC,Porphyromonas gingivalis
22ce6a94-9cf0-4a4e-94ce-cac28be55b45,9c3c6774-de90-4d29-92fc-b2d4424995b8,DR,5,GTTGGATCTACCCTCTATTCGAAGGGTACACACAAC,Porphyromonas gingivalis
0ec62752-c2e6-404d-818e-c73dab72d6ca,d6f07ac6-922d-4baa-b826-9373874f198d,DR,1,GTTGGGAATACCCTTAGTTAGAAGGGTGGAGACAAC,Porphyromonas gingivalis
1fd85fc5-453f-4e2e-b743-39e88c40cf88,d6f07ac6-922d-4baa-b826-9373874f198d,DR,2,GTTGGGAATACCCTTAGTTAGAAGGGTGGAGACAAC,Porphyromonas gingivalis
7dba44f0-fd5c-4147-a091-ff764f0ccd39,d6f07ac6-922d-4baa-b826-9373874f198d,DR,3,GTTGGGAATACCCTTAGTTAGAAGGGTGGAGACAAC,Porphyromonas gingivalis
a28f8319-e6c4-4b63-bdc1-9188f5fdd19b,d6f07ac6-922d-4baa-b826-9373874f198d,DR,4,GTTGGGAATACCCTTAGTTAGAAGGGTGGAGACAAC,Porphyromonas gingivalis
8fc19dc9-75c7-46d6-815a-6c95c8e935f5,d6f07ac6-922d-4baa-b826-9373874f198d,DR,5,GTTGGGAATACCCTTAGTTAGAAGGGTGGAGACAAC,Porphyromonas gingivalis
bd28eddf-0be1-4c68-8257-a66c462dbd94,d6f07ac6-922d-4baa-b826-9373874f198d,DR,6,GTTGGGAATACCCTTAGTTAGAAGGGTGGAGACAAC,Porphyromonas gingivalis
b1cfd54c-8fb3-4ab2-af00-3983f56de3f4,d6f07ac6-922d-4baa-b826-9373874f198d,DR,7,GTTGGGAATACCCTTAGTTAGAAGGGTGGAGACAAC,Porphyromonas gingivalis
41adb67e-55cf-4cbb-bf1e-007fd2ab9c82,d6f07ac6-922d-4baa-b826-9373874f198d,DR,8,GTTGGGAATACCCTTAGTTAGAAGGGTGGAGACAAC,Porphyromonas gingivalis
24ce3caa-b8c7-4be6-a2b1-6e0823724b5d,a93b84a7-df12-4386-ad5d-907abfeafc46,DR,1,GTTGGGAATACCCTTAGTTAGAAGGGTGGAGACAAC,Porphyromonas gingivalis
176a1684-d0e3-4773-afdc-04a6f292fc17,a93b84a7-df12-4386-ad5d-907abfeafc46,DR,2,GTTGGGAATACCCTTAGTTAGAAGGGTGGAGACAAC,Porphyromonas gingivalis
05b14f1e-e47a-4fe9-a9f9-62c4b51daf24,a93b84a7-df12-4386-ad5d-907abfeafc46,DR,3,GTTGGGAATACCCTTAGTTAGAAGGGTGGAGACAAC,Porphyromonas gingivalis
0b1f7648-7d2b-46a2-a592-4c0941a74437,a93b84a7-df12-4386-ad5d-907abfeafc46,DR,4,GTTGGGAATACCCTTAGTTAGAAGGGTGGAGACAAC,Porphyromonas gingivalis
4229e5eb-280f-4da6-a827-dafeccff6e70,a93b84a7-df12-4386-ad5d-907abfeafc46,DR,5,GTTGGGAATACCCTTAGTTAGAAGGGTGGAGACAAC,Porphyromonas gingivalis
0879ebcc-1fc2-4754-9aba-bda5f7d6373e,a93b84a7-df12-4386-ad5d-907abfeafc46,DR,6,GTTGGGAATACCCTTAGTTAGAAGGGTGGAGACAAC,Porphyromonas gingivalis
bac9e650-6fd5-4c3d-8320-a3242b7b484d,a93b84a7-df12-4386-ad5d-907abfeafc46,DR,7,GTTGGGAATACCCTTAGTTAGAAGGGTGGAGACAAC,Porphyromonas gingivalis
a55ec039-0cab-4fd7-9d99-c71b7cd5d1b5,a93b84a7-df12-4386-ad5d-907abfeafc46,DR,8,GTTGGGAATACCCTTAGTTAGAAGGGTGGAGACAAC,Porphyromonas gingivalis
000fd1e0-2927-4f5c-a409-6a3b5c6357c3,a93b84a7-df12-4386-ad5d-907abfeafc46,DR,9,GTTGGGAATACCCTTAGTTAGAAGGGTGGAGACAAC,Porphyromonas gingivalis
0fead020-ddb0-41bf-80f2-c1ea17919e10,a93b84a7-df12-4386-ad5d-907abfeafc46,DR,10,GTTGGGAATACCCTTAGTTAGAAGGGTGGAGACAAC,Porphyromonas gingivalis
991be833-a761-4417-a927-7335b17db9f5,a93b84a7-df12-4386-ad5d-907abfeafc46,DR,11,GTTGGGAATACCCTTAGTTAGAAGGGTGGAGACAAC,Porphyromonas gingivalis
8a65f154-a063-483b-be80-bd6bfec209e9,560ca009-6bba-43f1-b40d-1cc5a7b463cc,DR,1,GTTGGGAATACCCTTAGTTAGAAGGGTGGAGACAAC,Porphyromonas gingivalis
a9209dfb-46c3-4307-8370-5e293648dca6,560ca009-6bba-43f1-b40d-1cc5a7b463cc,DR,2,GTTGGGAATACCCTTAGTTAGAAGGGTGGAGACAAC,Porphyromonas gingivalis
380021b2-8a87-4637-a807-114d1c89f959,560ca009-6bba-43f1-b40d-1cc5a7b463cc,DR,3,GTTGGGAATACCCTTAGTTAGAAGGGTGGAGACAAC,Porphyromonas gingivalis
c62d961a-450f-4368-b8bc-fd5e46aed807,560ca009-6bba-43f1-b40d-1cc5a7b463cc,DR,4,GTTGGGAATACCCTTAGTTAGAAGGGTGGAGACAAC,Porphyromonas gingivalis
a622757a-b7e3-4145-8c52-a93605f92f87,560ca009-6bba-43f1-b40d-1cc5a7b463cc,DR,5,GTTGGGAATACCCTTAGTTAGAAGGGTGGAGACAAC,Porphyromonas gingivalis
e15ec087-4ce6-464a-98e5-37e509baf2a7,560ca009-6bba-43f1-b40d-1cc5a7b463cc,DR,6,GTTGGGAATACCCTTAGTTAGAAGGGTGGAGACAAC,Porphyromonas gingivalis
a23301c2-5c4f-4eeb-a71c-16cb9233bbef,560ca009-6bba-43f1-b40d-1cc5a7b463cc,DR,7,GTTGGGAATACCCTTAGTTAGAAGGGTGGAGACAAC,Porphyromonas gingivalis
48fdec68-b2b0-41ab-aa1a-4463ba605f4c,560ca009-6bba-43f1-b40d-1cc5a7b463cc,DR,8,GTTGGGAATACCCTTAGTTAGAAGGGTGGAGACAAC,Porphyromonas gingivalis
26105797-189f-45a3-a440-6d710c271494,560ca009-6bba-43f1-b40d-1cc5a7b463cc,DR,9,GTTGGGAATACCCTTAGTTAGAAGGGTGGAGACAAC,Porphyromonas gingivalis
39670c82-8de6-49ce-a909-e809c4b80a53,560ca009-6bba-43f1-b40d-1cc5a7b463cc,DR,10,GTTGGGAATACCCTTAGTTAGAAGGGTGGAGACAAC,Porphyromonas gingivalis
f8e62841-3a28-4e4f-b78a-aa739051d0e2,560ca009-6bba-43f1-b40d-1cc5a7b463cc,DR,11,GTTGGGAATACCCTTAGTTAGAAGGGTGGAGACAAC,Porphyromonas gingivalis
e27036c5-2e8b-46f0-8bb3-a72402d663c5,8161407a-8629-493b-861f-14f30d63bacb,DR,1,GTTGGATCTACCCTCTATTCGAAGGGTACACACAAC,Porphyromonas gingivalis
38c72dde-971e-4787-aef3-79c9b2675e8f,8161407a-8629-493b-861f-14f30d63bacb,DR,2,GTTGGATCTACCCTCTATTCGAAGGGTACACACAAC,Porphyromonas gingivalis
14a4fe75-4610-445b-b691-a2882526bb87,8161407a-8629-493b-861f-14f30d63bacb,DR,3,GTTGGATCTACCCTCTATTCGAAGGGTACACACAAC,Porphyromonas gingivalis
22adb0bb-e0d3-4544-8849-814bf8ce7e2b,8161407a-8629-493b-861f-14f30d63bacb,DR,4,GTTGGATCTACCCTCTATTCGAAGGGTACACACAAC,Porphyromonas gingivalis
8e0a73b5-baca-4fdc-abac-0cb1691ab644,0015c9d4-7e77-438c-b8d9-77025011ddb8,DR,1,GTTGGATCTGCCCTCTATTCGAAGGGTACACACAAC,Porphyromonas gingivalis
b4f7bb7e-c17f-40f9-8922-e58cba9ebb4b,0015c9d4-7e77-438c-b8d9-77025011ddb8,DR,2,GTTGGATCTACCCTCTATTCGAAGGGTACACACAAC,Porphyromonas gingivalis
34c394fd-5c06-4e2f-94ac-58c4a5d08ab4,0015c9d4-7e77-438c-b8d9-77025011ddb8,DR,3,GTTGGATCTACCCTCTATTCGAAGGGTACACACAAC,Porphyromonas gingivalis
d4665fb2-2185-42dd-91d3-5ef6b37059d8,0015c9d4-7e77-438c-b8d9-77025011ddb8,DR,4,GTTGGATCTACCCTCTATTCGAAGGGTACACACAAC,Porphyromonas gingivalis
cb3da005-f19b-4c48-a6c0-661a8723acdf,0015c9d4-7e77-438c-b8d9-77025011ddb8,DR,5,GTTGGATCTACCCTCTATTCGAAGGGTACACACAAC,Porphyromonas gingivalis
77dbfaf9-6807-4d6b-9ef3-d37cb801fa10,0015c9d4-7e77-438c-b8d9-77025011ddb8,DR,6,GTTGGATCTACCCTCTATTCGAAGGGTACACACAAC,Porphyromonas gingivalis
683d33e9-c2da-469e-abe0-c9a5375da54f,0015c9d4-7e77-438c-b8d9-77025011ddb8,DR,7,GTTGGATCTACCCTCTATTCGAAGGGTACACACAAC,Porphyromonas gingivalis
7d649df2-e067-45c9-b390-a72b339f227e,0015c9d4-7e77-438c-b8d9-77025011ddb8,DR,8,GTTGGATCTACCCTCTATTCGAAGGGTACACACAAC,Porphyromonas gingivalis
8aa9fb4f-76d0-4ba0-9fac-e1e2528c41c8,0015c9d4-7e77-438c-b8d9-77025011ddb8,DR,9,GTTGGATCTACCCTCTATTCGAAGGGTACACACAAC,Porphyromonas gingivalis
d67ac6f3-317b-48f8-9712-3272cfe4d3b9,0015c9d4-7e77-438c-b8d9-77025011ddb8,DR,10,GTTGGATCTACCCTCTATTCGAAGGGTACACACAAC,Porphyromonas gingivalis
767cb859-7584-4ddd-b702-0d41c1ad98fc,0015c9d4-7e77-438c-b8d9-77025011ddb8,DR,11,GTTGGATCTACCCTCTATTCGAAGGGTACACACAAC,Porphyromonas gingivalis
610b49fc-1c7d-4e0a-8644-f8003d5f99f8,0015c9d4-7e77-438c-b8d9-77025011ddb8,DR,12,GTTGGATCTACCCTCTATTCGAAGGGTACACACAAC,Porphyromonas gingivalis
2f040a5b-0ff8-4d27-b508-9b7836e8856c,f5e1e72c-4056-42c7-83ac-da7c12daddde,DR,1,GTTGGATCTGCCCTCTATTCGAAGGGTACACACAAC,Porphyromonas gingivalis
6a8a9d2d-fa8d-4436-8c8f-569e8c9560dc,f5e1e72c-4056-42c7-83ac-da7c12daddde,DR,2,GTTGGATCTACCCTCTATTCGAAGGGTACACACAAC,Porphyromonas gingivalis
7d36cba7-696b-493f-a63f-ce4d311829eb,f5e1e72c-4056-42c7-83ac-da7c12daddde,DR,3,GTTGGATCTACCCTCTATTCGAAGGGTACACACAAC,Porphyromonas gingivalis
b6a18f41-5c83-48cf-ace3-a7b834a859c9,f5e1e72c-4056-42c7-83ac-da7c12daddde,DR,4,GTTGGATCTACCCTCTATTCGAAGGGTACACACAAC,Porphyromonas gingivalis
dc641916-66a7-483b-bf53-6ee868489501,f5e1e72c-4056-42c7-83ac-da7c12daddde,DR,5,GTTGGATCTACCCTCTATTCGAAGGGTACACACAAC,Porphyromonas gingivalis
7106e490-7afb-4c65-bf39-4628d12ce0d3,f5e1e72c-4056-42c7-83ac-da7c12daddde,DR,6,GTTGGATCTACCCTCTATTCGAAGGGTACACACAAC,Porphyromonas gingivalis
05a1b27e-90c2-4726-8a14-a186b4430d65,f5e1e72c-4056-42c7-83ac-da7c12daddde,DR,7,GTTGGATCTACCCTCTATTCGAAGGGTACACACAAC,Porphyromonas gingivalis
77ee1c58-6312-495d-89fc-b25f892c97a6,f5e1e72c-4056-42c7-83ac-da7c12daddde,DR,8,GTTGGATCTACCCTCTATTCGAAGGGTACACACAAC,Porphyromonas gingivalis
0f640851-1d89-4c9d-b59e-7e33d14fa389,f5e1e72c-4056-42c7-83ac-da7c12daddde,DR,9,GTTGGATCTACCCTCTATTCGAAGGGTACACACAAC,Porphyromonas gingivalis
6fd56aea-35d9-47bc-87a3-98ddd6e4f0a9,f5e1e72c-4056-42c7-83ac-da7c12daddde,DR,10,GTTGGATCTACCCTCTATTCGAAGGGTACACACAAC,Porphyromonas gingivalis
9d17a03d-515b-4017-8f67-31ccdb6a9185,f5e1e72c-4056-42c7-83ac-da7c12daddde,DR,11,GTTGGATCTACCCTCTATTCGAAGGGTACACACAAC,Porphyromonas gingivalis
827efd07-4e2c-4b9e-8eec-5f0730f7440f,f5e1e72c-4056-42c7-83ac-da7c12daddde,DR,12,GTTGGATCTACCCTCTATTCGAAGGGTACACACAAC,Porphyromonas gingivalis
80f149d6-0a70-48b1-91fa-7ed8395970e0,db2b4dab-3497-42bb-95a0-e5e083d0d5b9,DR,1,GTTGGATCTACCCTCTATTCGAAGGGTACACACAAC,Porphyromonas gingivalis
f3e2e817-df22-4bfb-9ead-bf50d34dba14,db2b4dab-3497-42bb-95a0-e5e083d0d5b9,DR,2,GTTGGATCTACCCTCTATTCGAAGGGTACACACAAC,Porphyromonas gingivalis
a6c302af-e36d-4024-9c26-42915f53ab1a,db2b4dab-3497-42bb-95a0-e5e083d0d5b9,DR,3,GTTGGATCTACCCTCTATTCGAAGGGTACACACAAC,Porphyromonas gingivalis
2e2ca737-8cd4-4d81-b18c-cc3d2464447d,db2b4dab-3497-42bb-95a0-e5e083d0d5b9,DR,4,GTTGGATCTACCCTCTATTCGAAGGGTACACACAAC,Porphyromonas gingivalis
d3a9d85e-b43a-431c-8931-1251509a6928,74c4241e-2142-4740-9d83-976419565093,DR,1,GTTGGATCTACCCTCTATTCGAAGGGTACACACAAC,Porphyromonas gingivalis
f5998d05-4fd2-46b2-8979-ccfce0ae986b,74c4241e-2142-4740-9d83-976419565093,DR,2,GTTGGATCTACCCTCTATTCGAAGGGTACACACAAC,Porphyromonas gingivalis
eeecec1a-9b53-4060-9e8c-53e8c1b87783,74c4241e-2142-4740-9d83-976419565093,DR,3,GTTGGATCTACCCTCTATTCGAAGGGTACACACAAC,Porphyromonas gingivalis
db552b7f-7325-4901-ab01-c63875834a74,74c4241e-2142-4740-9d83-976419565093,DR,4,GTTGGATCTACCCTCTATTCGAAGGGTACACACAAC,Porphyromonas gingivalis
eee9e954-09bc-4469-b542-05c661c1fc11,74c4241e-2142-4740-9d83-976419565093,DR,5,GTTGGATCTACCCTCTATTCGAAGGGTACACACAAC,Porphyromonas gingivalis
644a7376-bb03-4178-a1dd-a9856dd3efb4,74c4241e-2142-4740-9d83-976419565093,DR,6,GTTGGATCTACCCTCTATTCGAAGGGTACACACAAC,Porphyromonas gingivalis
3c49652d-8374-4140-8243-a09b1a88c78f,74c4241e-2142-4740-9d83-976419565093,DR,7,GTTGGATCTACCCTCTATTCGAAGGGTACACACAAC,Porphyromonas gingivalis
fed68731-ab85-408d-963c-ad3ba8b12d28,74c4241e-2142-4740-9d83-976419565093,DR,8,GTTGGATCTACCCTCTATTCGAAGGGTACACACAAC,Porphyromonas gingivalis
33ba950d-cf28-4cb2-b88f-cdfe41583a47,74b706f6-16f3-4217-84d3-a771120c30b0,DR,1,GTTGGATCTACCCTCTATTCGAAGGGTACACACAAC,Porphyromonas gingivalis
2b4cb634-418d-452d-9351-ebd47c36d33c,74b706f6-16f3-4217-84d3-a771120c30b0,DR,2,GTTGGATCTACCCTCTATTCGAAGGGTACACACAAC,Porphyromonas gingivalis
01aa75f0-68d1-4067-b88d-b5258c963951,74b706f6-16f3-4217-84d3-a771120c30b0,DR,3,GTTGGATCTACCCTCTATTCGAAGGGTACACACAAC,Porphyromonas gingivalis
9a95bd54-9da5-4a96-8b5e-4fd7901b2eff,74b706f6-16f3-4217-84d3-a771120c30b0,DR,4,GTTGGATCTACCCTCTATTCGAAGGGTACACACAAC,Porphyromonas gingivalis
9385fdfc-3f52-49ec-b26c-f13acc28a525,74b706f6-16f3-4217-84d3-a771120c30b0,DR,5,GTTGGATCTACCCTCTATTCGAAGGGTACACACAAC,Porphyromonas gingivalis
41c783de-19e1-42b1-bcac-886f220d79f3,74b706f6-16f3-4217-84d3-a771120c30b0,DR,6,GTTGGATCTACCCTCTATTCGAAGGGTACACACAAC,Porphyromonas gingivalis
9156c786-d315-4ab7-b4fb-edf837d3db99,74b706f6-16f3-4217-84d3-a771120c30b0,DR,7,GTTGGATCTACCCTCTATTCGAAGGGTACACACAAC,Porphyromonas gingivalis
f02ce89b-692a-43d0-9ee5-f1db026e5888,74b706f6-16f3-4217-84d3-a771120c30b0,DR,8,GTTGGATCTACCCTCTATTCGAAGGGTACACACAAC,Porphyromonas gingivalis
42fdb429-6690-4878-baae-90ebb34947d4,74b706f6-16f3-4217-84d3-a771120c30b0,DR,9,GTTGGATCTACCCTCTATTCGAAGGGTACACACAAC,Porphyromonas gingivalis
a621e58d-e4fe-4e4f-8a90-50e10b578de6,74b706f6-16f3-4217-84d3-a771120c30b0,DR,10,GTTGGATCTACCCTCTATTCGAAGGGTACACACAAC,Porphyromonas gingivalis
81dac127-7900-4c89-873a-4a7d7f2ecb24,74b706f6-16f3-4217-84d3-a771120c30b0,DR,11,GTTGGATCTACCCTCTATTCGAAGGGTACACACAAC,Porphyromonas gingivalis
d2fe8b01-2551-4756-b4e1-319a22009b26,74b706f6-16f3-4217-84d3-a771120c30b0,DR,12,GTTGGATCTACCCTCTATTCGAAGGGTACACACAAC,Porphyromonas gingivalis
2f65b64a-e8e9-41ee-a260-3a23bd2b3308,30d3d716-0742-47d1-8ced-49650376b1d4,DR,1,GTTGGATCTACCCTCTATTCGAAGGGTACACACAAC,Porphyromonas gingivalis
77157c53-f4bb-40fc-b05c-bd2ee94d8e3b,30d3d716-0742-47d1-8ced-49650376b1d4,DR,2,GTTGGATCTACCCTCTATTCGAAGGGTACACACAAC,Porphyromonas gingivalis
493decdd-3f26-45ae-b137-3ec6bbd33a56,30d3d716-0742-47d1-8ced-49650376b1d4,DR,3,GTTGGATCTACCCTCTATTCGAAGGGTACACACAAC,Porphyromonas gingivalis
44def346-374b-47c1-8fad-87b35c0472f1,30d3d716-0742-47d1-8ced-49650376b1d4,DR,4,GTTGGATCTACCCTCTATTCGAAGGGTACACACAAC,Porphyromonas gingivalis
6911aa56-40e0-45b7-9778-1d4186bea16b,30d3d716-0742-47d1-8ced-49650376b1d4,DR,5,GTTGGATCTACCCTCTATTCGAAGGGTACACACAAC,Porphyromonas gingivalis
c6158519-10ee-43a7-beff-4ec833a29f71,30d3d716-0742-47d1-8ced-49650376b1d4,DR,6,GTTGGATCTACCCTCTATTCGAAGGGTACACACAAC,Porphyromonas gingivalis
5626c96d-4a2f-4791-91d8-135b379b02db,30d3d716-0742-47d1-8ced-49650376b1d4,DR,7,GTTGGATCTACCCTCTATTCGAAGGGTACACACAAC,Porphyromonas gingivalis
3477b113-c6f7-424a-b23e-1e41fe48ed37,660dfb4e-145b-4270-b578-b07f0473c4b0,DR,1,GTTGTAGAAGCCTATCGTTTGGATAGGTATGACAAC,Prevotella communis
6b7bfa35-8351-406a-98b4-2e207bd05528,660dfb4e-145b-4270-b578-b07f0473c4b0,DR,2,GTTGTAGAAGCCTATCGTTTGGATAGGTATGACAAC,Prevotella communis
cd7430d6-8d1e-4d0a-8ed8-06e57aaad5a6,660dfb4e-145b-4270-b578-b07f0473c4b0,DR,3,GTTGTAGAAGTCTATCGTTTGGATAGGTATGACAAC,Prevotella communis
c9666d08-9e64-4403-9190-92b9d9d4fe48,660dfb4e-145b-4270-b578-b07f0473c4b0,DR,4,GTTGTAGAAGTCTATCGTTTGGATAGGTATGACAAC,Prevotella communis
0068c55d-0720-4125-b7cd-f26559fbdfdb,660dfb4e-145b-4270-b578-b07f0473c4b0,DR,5,GTTGTAGAAGTCTATCGTTTGGATAGGTATGACAAC,Prevotella communis
4b2fb2ac-adff-4233-8eb2-5a4356a9d49d,660dfb4e-145b-4270-b578-b07f0473c4b0,DR,6,GTTGTAGAAGTCTATCGTTTGGATAGGTATGACAAC,Prevotella communis
590673b9-2248-456f-bf93-dfb3cf63af58,660dfb4e-145b-4270-b578-b07f0473c4b0,DR,7,GTTGTAGAAGTCTATCGTTTGGATAGGTATGACAAC,Prevotella communis
241ab339-21a6-4a50-983a-2b65d94dca30,48bd2893-fe9c-4e73-86a4-02b3c0c49154,DR,1,GTTGCATCTGCCTGCTGTTTGCAAGGCACAAACAAC,Prevotella intermedia
40050a77-fede-49e0-8b00-6042bd2a1693,48bd2893-fe9c-4e73-86a4-02b3c0c49154,DR,2,GTTGCATCTGCCTGCTGTTTGCAAGGTAAAAATAAC,Prevotella intermedia
5f8444af-eb6c-4e61-8da6-12d47729ff4e,48bd2893-fe9c-4e73-86a4-02b3c0c49154,DR,3,GTTGCATCTGCCTGCTGTTTGCAAGGTAAAAACAAC,Prevotella intermedia
3e6afb62-efec-4860-82df-1d242ee9ced3,48bd2893-fe9c-4e73-86a4-02b3c0c49154,DR,4,GTTGCATCTGCCTGCTGTTTGCAAGGTAAAAACAAC,Prevotella intermedia
5da27699-2f42-4327-93c2-3facf3cb54e7,48bd2893-fe9c-4e73-86a4-02b3c0c49154,DR,5,GTTGCATCTGCCTGCTGTTTGCAAGGTAAAAACAAC,Prevotella intermedia
b1801116-22ce-487c-a67a-a41834ba71bc,48bd2893-fe9c-4e73-86a4-02b3c0c49154,DR,6,GTTGCATCTGCCTGCTGTTTGCAAGGTAAAAACAAC,Prevotella intermedia
739da754-e037-48de-b03f-b4f470cba975,48bd2893-fe9c-4e73-86a4-02b3c0c49154,DR,7,GTTGCATCTGCCTGCTGTTTGCAAGGTAAAAACAAC,Prevotella intermedia
e779bffc-cc91-4bc4-9a1b-04f757aed5eb,48bd2893-fe9c-4e73-86a4-02b3c0c49154,DR,8,GTTGCATCTGCCTGCTGTTTGCAAGGTAAAAACAAC,Prevotella intermedia
d52aaf7f-f803-4aad-bb11-c518f3e0b4fa,48bd2893-fe9c-4e73-86a4-02b3c0c49154,DR,9,GTTGTATCTGCCTGCTGTTTGCAAGGTAAAAACAAC,Prevotella intermedia
ff8c6c52-8422-401c-9875-0335129e7d30,48bd2893-fe9c-4e73-86a4-02b3c0c49154,DR,10,GTTGTATCTGCCTGCTGTTTGCAAGGTAAAAACAAC,Prevotella intermedia
3edfd79d-d2a1-45b1-bef1-411cd1286d8b,48bd2893-fe9c-4e73-86a4-02b3c0c49154,DR,11,GTTGTATCTGCCTGCTGTTTGCAAGGTAAAAACAAC,Prevotella intermedia
eb005889-e60c-4f68-8329-34681d1ea68e,48bd2893-fe9c-4e73-86a4-02b3c0c49154,DR,12,GTTGTATCTGCCTGCTGTTTGCAAGGTAAAAACAAC,Prevotella intermedia
ba68a4a2-fb2b-416a-9e12-e3d8d5dd29f6,48bd2893-fe9c-4e73-86a4-02b3c0c49154,DR,13,GTTGTATCTGCCTGCTGTTTGCAAGGTAAAAACAAC,Prevotella intermedia
4424d961-70de-4e90-bd41-913c4b7a1374,48bd2893-fe9c-4e73-86a4-02b3c0c49154,DR,14,GTTGTATCTGCCTGCTGTTTGCAAGGTAAAAACAAC,Prevotella intermedia
30aa158d-136c-449f-b866-2402397efb35,48bd2893-fe9c-4e73-86a4-02b3c0c49154,DR,15,GTTGCATCTGCCTGCTGTTTGCAAGGTAAAAACAAC,Prevotella intermedia
a38ac3ae-898c-4b53-876f-ca7feb8bf968,48bd2893-fe9c-4e73-86a4-02b3c0c49154,DR,16,GTTGCATCTGCCTGCTGTTTGCAAGGTAAAAACAAC,Prevotella intermedia
18e71e64-07ed-47d1-952f-1b4e0f5009e1,48bd2893-fe9c-4e73-86a4-02b3c0c49154,DR,17,GTTGCATCTGCCTGCTGTTTGCAAGGTAAAAACAAC,Prevotella intermedia
4e4b4854-b7ce-4d92-9a59-a51c7b1b6a33,ff3d558f-7c8f-4ae9-8ca8-9f0c8e1c7ff0,DR,1,GTTGCATCTGCCTGCTGTTTGCAAGGCACAAACAAC,Prevotella intermedia
c1f468e9-1961-4644-9e56-b0a9688b3138,ff3d558f-7c8f-4ae9-8ca8-9f0c8e1c7ff0,DR,2,GTTGCATCTGCCTGCTGTTTGCAAGGTAAAAATAAC,Prevotella intermedia
903b7d0b-be56-4aec-8618-af03a099429a,ff3d558f-7c8f-4ae9-8ca8-9f0c8e1c7ff0,DR,3,GTTGCATCTGCCTGCTGTTTGCAAGGTAAAAACAAC,Prevotella intermedia
d9ce1cb8-6585-4000-9161-ac3ac9c76306,ff3d558f-7c8f-4ae9-8ca8-9f0c8e1c7ff0,DR,4,GTTGCATCTGCCTGCTGTTTGCAAGGTAAAAACAAC,Prevotella intermedia
94c8c3e9-6edf-4a31-8076-974a60d91c8a,ff3d558f-7c8f-4ae9-8ca8-9f0c8e1c7ff0,DR,5,GTTGCATCTGCCTGCTGTTTGCAAGGTAAAAACAAC,Prevotella intermedia
f238d62d-353d-4190-9bc4-ae5f60249256,ff3d558f-7c8f-4ae9-8ca8-9f0c8e1c7ff0,DR,6,GTTGCATCTGCCTGCTGTTTGCAAGGTAAAAACAAC,Prevotella intermedia
a35163e1-b086-4bcd-a223-1d1c097dcf9e,ff3d558f-7c8f-4ae9-8ca8-9f0c8e1c7ff0,DR,7,GTTGCATCTGCCTGCTGTTTGCAAGGTAAAAACAAC,Prevotella intermedia
e45ba682-cf38-4dcd-892b-953943cb2f73,ff3d558f-7c8f-4ae9-8ca8-9f0c8e1c7ff0,DR,8,GTTGCATCTGCCTGCTGTTTGCAAGGTAAAAACAAC,Prevotella intermedia
df93e52a-cd47-4193-9f00-83aba0eaeb5e,ff3d558f-7c8f-4ae9-8ca8-9f0c8e1c7ff0,DR,9,GTTGTATCTGCCTGCTGTTTGCAAGGTAAAAACAAC,Prevotella intermedia
a59f6bd1-a1ef-42dd-9088-37cc8e22b215,ff3d558f-7c8f-4ae9-8ca8-9f0c8e1c7ff0,DR,10,GTTGTATCTGCCTGCTGTTTGCAAGGTAAAAACAAC,Prevotella intermedia
6cb9c0ac-8a88-4584-a0a4-3ebfb7a8dd68,ff3d558f-7c8f-4ae9-8ca8-9f0c8e1c7ff0,DR,11,GTTGTATCTGCCTGCTGTTTGCAAGGTAAAAACAAC,Prevotella intermedia
14166879-1150-4d5d-b8e7-2e8f9060e5eb,ff3d558f-7c8f-4ae9-8ca8-9f0c8e1c7ff0,DR,12,GTTGTATCTGCCTGCTGTTTGCAAGGTAAAAACAAC,Prevotella intermedia
adff8198-9a8e-4e98-aff9-18b1b511b1f5,ff3d558f-7c8f-4ae9-8ca8-9f0c8e1c7ff0,DR,13,GTTGTATCTGCCTGCTGTTTGCAAGGTAAAAACAAC,Prevotella intermedia
6f347ec0-dc3f-40bc-b16a-18759dd885fd,ff3d558f-7c8f-4ae9-8ca8-9f0c8e1c7ff0,DR,14,GTTGTATCTGCCTGCTGTTTGCAAGGTAAAAACAAC,Prevotella intermedia
ffa0bfe7-41ce-4495-9990-22f58d2b29c2,ff3d558f-7c8f-4ae9-8ca8-9f0c8e1c7ff0,DR,15,GTTGCATCTGCCTGCTGTTTGCAAGGTAAAAACAAC,Prevotella intermedia
b734cd12-99af-4394-8558-ee329c90423f,ff3d558f-7c8f-4ae9-8ca8-9f0c8e1c7ff0,DR,16,GTTGCATCTGCCTGCTGTTTGCAAGGTAAAAACAAC,Prevotella intermedia
4c7ab5e2-0880-4cbd-8761-ffa19818d151,ff3d558f-7c8f-4ae9-8ca8-9f0c8e1c7ff0,DR,17,GTTGCATCTGCCTGCTGTTTGCAAGGTAAAAACAAC,Prevotella intermedia
be73c250-4eef-4603-ba79-01a12749664a,c35e4537-f2b1-43f1-9b5b-19376370cd93,DR,1,GTTGCATCTGCCTGCTGTTTGCAAGGCACAAACAAC,Prevotella intermedia
86ea7e09-5349-4030-add4-923ba0d3751d,c35e4537-f2b1-43f1-9b5b-19376370cd93,DR,2,GTTGCATCTGCCTGCTGTTTGCAAGGTAAAAATAAC,Prevotella intermedia
e64e6bf5-1e5f-4342-9150-2ac35440cb16,c35e4537-f2b1-43f1-9b5b-19376370cd93,DR,3,GTTGCATCTGCCTGCTGTTTGCAAGGTAAAAACAAC,Prevotella intermedia
30761f7f-f941-4ff5-aa60-fe8269f3086d,c35e4537-f2b1-43f1-9b5b-19376370cd93,DR,4,GTTGCATCTGCCTGCTGTTTGCAAGGTAAAAACAAC,Prevotella intermedia
db0df2cc-ed2b-488d-81b2-9bb6c9bc18f3,c35e4537-f2b1-43f1-9b5b-19376370cd93,DR,5,GTTGCATCTGCCTGCTGTTTGCAAGGTAAAAACAAC,Prevotella intermedia
9b0630c0-72a4-4009-bba0-988c4ae6e0f4,c35e4537-f2b1-43f1-9b5b-19376370cd93,DR,6,GTTGCATCTGCCTGCTGTTTGCAAGGTAAAAACAAC,Prevotella intermedia
ea9be930-f1f1-4e87-9b7f-99b5c8890b51,c35e4537-f2b1-43f1-9b5b-19376370cd93,DR,7,GTTGCATCTGCCTGCTGTTTGCAAGGTAAAAACAAC,Prevotella intermedia
a9870b80-eb7d-4648-8304-259be549ad80,c35e4537-f2b1-43f1-9b5b-19376370cd93,DR,8,GTTGCATCTGCCTGCTGTTTGCAAGGTAAAAACAAC,Prevotella intermedia
861bf953-4b69-463a-b2e8-85f479dcd427,c35e4537-f2b1-43f1-9b5b-19376370cd93,DR,9,GTTGTATCTGCCTGCTGTTTGCAAGGTAAAAACAAC,Prevotella intermedia
b407d676-01cd-4119-9cf7-13dd2350ba0e,c35e4537-f2b1-43f1-9b5b-19376370cd93,DR,10,GTTGTATCTGCCTGCTGTTTGCAAGGTAAAAACAAC,Prevotella intermedia
e81f4b4b-8072-46e2-9ae0-c498b46d8036,c35e4537-f2b1-43f1-9b5b-19376370cd93,DR,11,GTTGTATCTGCCTGCTGTTTGCAAGGTAAAAACAAC,Prevotella intermedia
79c7c9c4-1953-497a-9769-331de217b9fc,c35e4537-f2b1-43f1-9b5b-19376370cd93,DR,12,GTTGTATCTGCCTGCTGTTTGCAAGGTAAAAACAAC,Prevotella intermedia
23dfce9b-e60e-483e-a78a-ac8edda6ed40,c35e4537-f2b1-43f1-9b5b-19376370cd93,DR,13,GTTGTATCTGCCTGCTGTTTGCAAGGTAAAAACAAC,Prevotella intermedia
fdd59674-b068-4bbe-98f8-09444adf2887,c35e4537-f2b1-43f1-9b5b-19376370cd93,DR,14,GTTGTATCTGCCTGCTGTTTGCAAGGTAAAAACAAC,Prevotella intermedia
fc0b5740-ac56-485f-900d-2fae74ebca93,c35e4537-f2b1-43f1-9b5b-19376370cd93,DR,15,GTTGCATCTGCCTGCTGTTTGCAAGGTAAAAACAAC,Prevotella intermedia
332c5dac-bc5e-4a54-97fb-e29a8bdfc402,c35e4537-f2b1-43f1-9b5b-19376370cd93,DR,16,GTTGCATCTGCCTGCTGTTTGCAAGGTAAAAACAAC,Prevotella intermedia
80366822-f70c-4621-99ba-10efe3dcdb7a,c35e4537-f2b1-43f1-9b5b-19376370cd93,DR,17,GTTGCATCTGCCTGCTGTTTGCAAGGTAAAAACAAC,Prevotella intermedia
edef779f-1ea1-4e0d-a67f-65ff5b982469,fbe746c9-6c8b-423f-9e5c-9fe54cf54750,DR,1,GTTGCATCTGCCTGCTGTTTGCAAGGCACAAACAAC,Prevotella intermedia
8c416fd5-52cd-493c-886d-14959e2f8e6f,fbe746c9-6c8b-423f-9e5c-9fe54cf54750,DR,2,GTTGCATCTGCCTGCTGTTTGCAAGGTAAAAACAAC,Prevotella intermedia
74a1a6d3-3082-4146-b1fc-0311efe6b406,fbe746c9-6c8b-423f-9e5c-9fe54cf54750,DR,3,GTTGCATCTGCCTGCTGTTTGCAAGGTAAAAACAAC,Prevotella intermedia
b2b7cb4b-9e4e-4e61-90a6-a797027d78fd,fbe746c9-6c8b-423f-9e5c-9fe54cf54750,DR,4,GTTGCATCTGCCTGCTGTTTGCAAGGTAAAAACAAC,Prevotella intermedia
929fc61f-3614-4ae5-b92b-a6d6080b71a5,fbe746c9-6c8b-423f-9e5c-9fe54cf54750,DR,5,GTTGCATCTGCCTGCTGTTTGCAAGGTAAAAACAAC,Prevotella intermedia
31e6541c-881f-440c-bea4-2a0d71dbeae3,fbe746c9-6c8b-423f-9e5c-9fe54cf54750,DR,6,GTTGCATCTGCCTGCTGTTTGCAAGGTAAAAACAAC,Prevotella intermedia
93d78cd4-7f80-4eec-bc9a-530a1ded4f46,fbe746c9-6c8b-423f-9e5c-9fe54cf54750,DR,7,GTTGCATCTGCCTGCTGTTTGCAAGGTAAAAACAAC,Prevotella intermedia
eaeb4851-ca88-4ada-b088-3d3c609fcabf,fbe746c9-6c8b-423f-9e5c-9fe54cf54750,DR,8,GTTGCATCTGCCTGCTGTTTGCAAGGTAAAAACAAC,Prevotella intermedia
831b1125-adf5-423f-81f8-573356f766b9,fbe746c9-6c8b-423f-9e5c-9fe54cf54750,DR,9,GTTGCATCTGCCTGCTATTTGCAAGGTAAAAACAAC,Prevotella intermedia
c03d96b6-10ad-4c6e-8e2a-9734dedd7d2b,fbe746c9-6c8b-423f-9e5c-9fe54cf54750,DR,10,GTTGCATCTGCCTGCTATTTGCAAGGTAAAAACAAC,Prevotella intermedia
e1ef8835-21e4-455a-b197-faa4f8ac1caa,fbe746c9-6c8b-423f-9e5c-9fe54cf54750,DR,11,GTTGCATCTGCCTGCTGTTTGCAAGGCACAAACAAC,Prevotella intermedia
0780c2f8-8d58-46b5-b254-68e52093dfcc,fbe746c9-6c8b-423f-9e5c-9fe54cf54750,DR,12,GTTGCATCTGCCTGCTGTTTGCAAGGTAAAAACAAC,Prevotella intermedia
e044ce73-7514-4240-94d4-a20480c80a64,fbe746c9-6c8b-423f-9e5c-9fe54cf54750,DR,13,GTGGCATCTGCCTGCTGTTTGCAAGGTAAAAACAAC,Prevotella intermedia
df2f0af0-ef87-49d4-8f94-dd20f0428215,f120a1c8-023f-451e-af19-b160632d7c50,DR,1,GTTGCATCTGCCTGCTGTTTGCAAGGTAAAAACAAC,Prevotella intermedia
0284a768-bcbb-426d-94d1-56520548f20a,f120a1c8-023f-451e-af19-b160632d7c50,DR,2,GTTGCATCTGCCTGCTGTTTGCAAGGTAAAAACAAC,Prevotella intermedia
848cc83d-1f80-419e-acb1-1de18c79fffd,f120a1c8-023f-451e-af19-b160632d7c50,DR,3,GTTGCATCTGCCTGCTGTTTGCAAGGTAAAAACAAC,Prevotella intermedia
2bb167ac-ac99-4fa8-bdf5-39970fe8462c,f120a1c8-023f-451e-af19-b160632d7c50,DR,4,GTTGCATCTGCCTGCTGTTTGCAAGGTAAAAACAAC,Prevotella intermedia
a8420eed-ebec-431a-b7f4-9181efd394b3,f120a1c8-023f-451e-af19-b160632d7c50,DR,5,GTTGCATCTGCCTGCTGTTTGCAAGGTAAAAACAAC,Prevotella intermedia
eb9657d5-3dc8-48ff-a3c0-b1f7ab18549d,f120a1c8-023f-451e-af19-b160632d7c50,DR,6,GTTGCATCTGCCTGCTGTTTGCAAGGTAAAAACAAC,Prevotella intermedia
d25942ce-d4e6-48aa-afad-50056b92c9d5,f120a1c8-023f-451e-af19-b160632d7c50,DR,7,GTTGCATCTGCCTGCTGTTTGCAAGGTAAAAACAAC,Prevotella intermedia
82c7f05c-baaa-4840-92e0-4a081c805fca,f120a1c8-023f-451e-af19-b160632d7c50,DR,8,GTTGCATCTGCCTGCTGTTTGCAAGGTAAAAACAAC,Prevotella intermedia
4fbc9f19-b196-4c80-980b-b37266474405,f120a1c8-023f-451e-af19-b160632d7c50,DR,9,GTTGCATCTGCCTGCTGTTTGCAAGGTAAAAACAAC,Prevotella intermedia
5b6f2bcc-9bf8-49d3-9dc6-f3808e669dd7,f120a1c8-023f-451e-af19-b160632d7c50,DR,10,GTTGCATCTGCCTTCTGTTTGAAAGGTAAAAACAAC,Prevotella intermedia
5ce6b297-2f86-48a3-a27c-b4c3e306fb63,f120a1c8-023f-451e-af19-b160632d7c50,DR,11,GTTGCATCTGCCTGCTGTTTGCAAGGTAAAAACAAC,Prevotella intermedia
d342af5c-14c0-47dc-9947-d3e003eb5337,f120a1c8-023f-451e-af19-b160632d7c50,DR,12,GTTGCATCTGCCTGCTGTTTGCAAGGTAAAAACAAC,Prevotella intermedia
706f6194-b3d5-4cc5-ad6f-9c1b3ff92016,f120a1c8-023f-451e-af19-b160632d7c50,DR,13,GTTGCATCTGCCTGCTGTTTGCAAGGCACAAACAAC,Prevotella intermedia
9576381a-d2d9-4ca9-a036-e97ff8c031c3,f0c02143-b1af-4824-b4b7-2ad923368ae5,DR,1,GTTGCATCTGCCTGCTGTTTGCAAGGTAAAAACAAC,Prevotella intermedia
ac8d6c07-2e25-427a-8352-5d056ad81d55,f0c02143-b1af-4824-b4b7-2ad923368ae5,DR,2,GTTGCATCTGCCTGCTGTTTGCAAGGTAAAAACAAC,Prevotella intermedia
57ea82ba-9de1-46d6-86a7-0b7bd0a7712b,f0c02143-b1af-4824-b4b7-2ad923368ae5,DR,3,GTTGCATCTGCCTGCTGTTTGCAAGGTAAAAACAAC,Prevotella intermedia
18e2cb46-67d6-4414-9618-c34ce8efa427,f0c02143-b1af-4824-b4b7-2ad923368ae5,DR,4,GTTGCATCTGCCTGCTGTTTGCAAGGTAAAAACAAC,Prevotella intermedia
766b6ed0-ea16-485e-824f-1e645dba74ff,f0c02143-b1af-4824-b4b7-2ad923368ae5,DR,5,GTTGCATCTGCCTGCTGTTTGCAAGGTAAAAACAAC,Prevotella intermedia
7c046a41-cbe3-430f-b0ae-1dee63953191,f0c02143-b1af-4824-b4b7-2ad923368ae5,DR,6,GTTGCATCTGCCTGCTGTTTGCAAGGTAAAAACAAC,Prevotella intermedia
9cc3c7cf-5709-429d-8df6-259f02beaed1,f0c02143-b1af-4824-b4b7-2ad923368ae5,DR,7,GTTGCATCTGCCTGCTGTTTGCAAGGTAAAAACAAC,Prevotella intermedia
46f8d93c-903e-4e29-bb5a-156a67d3e4c8,f0c02143-b1af-4824-b4b7-2ad923368ae5,DR,8,GTTGCATCTGCCTGCTGTTTGCAAGGTAAAAACAAC,Prevotella intermedia
3bfff98c-df76-48ed-b145-716fc4f90cc5,f0c02143-b1af-4824-b4b7-2ad923368ae5,DR,9,GTTGCATCTGCCTGCTGTTTGCAAGGTAAAAACAAC,Prevotella intermedia
7760f906-5599-49dc-8f81-441d439d55e6,f0c02143-b1af-4824-b4b7-2ad923368ae5,DR,10,GTTGCATCTGCCTGCTGTTCGCAAGGTAAAAACAAC,Prevotella intermedia
b16f581f-2f4c-46fd-bf3f-eb98ba29528a,f0c02143-b1af-4824-b4b7-2ad923368ae5,DR,11,GTTGCATCTGCCTGCTGTTTGCAAGGTAAAAACAAC,Prevotella intermedia
d5b78cf7-60b4-4078-b8ba-cd7b48787126,f0c02143-b1af-4824-b4b7-2ad923368ae5,DR,12,GTTGCATCTGCCTGCTGTTTGCAAGGTAAAAACAAC,Prevotella intermedia
735fe3fa-4cf1-42f4-b1b5-399c00f9b375,f0c02143-b1af-4824-b4b7-2ad923368ae5,DR,13,GTTGCATCTGCCTGCTGTTTGCAAGGCACAAACAAC,Prevotella intermedia
2a2fc884-1382-41a5-8724-a6ed3bdcb7a5,8fe247d0-697b-418e-a029-fe7e7995e224,DR,1,GTTGCATCTACCTGCTCTTTGCAAGGCACAAACAAC,Prevotella intermedia
52a2e45d-7a26-41b7-8acc-08e76b77b061,8fe247d0-697b-418e-a029-fe7e7995e224,DR,2,GTTGCATCTGCCTGCTGTTTGCAAGGTAAAAACAAC,Prevotella intermedia
59148db2-3fb1-43bc-b943-0c741ec85536,8fe247d0-697b-418e-a029-fe7e7995e224,DR,3,GTTGCATCTGCCTGCTGTTTGCAAGGTAAAAACAAC,Prevotella intermedia
d8216653-b703-4be3-94ad-a6841a61f2ce,8fe247d0-697b-418e-a029-fe7e7995e224,DR,4,GTTGCATCTGCCTGCTGTTTGCAAGGTAAAAACAAC,Prevotella intermedia
f5b68012-5b86-4586-9b9a-d2a856bc952b,8fe247d0-697b-418e-a029-fe7e7995e224,DR,5,GTTGCATCTGCCTGCTGTTTGCAAGGTAAAAACAAC,Prevotella intermedia
66dff325-4753-4a4c-be3a-350f82cf2615,8fe247d0-697b-418e-a029-fe7e7995e224,DR,6,GTTGCATCTGCCTGCTGTTTGCAAGGTAAAAACAAC,Prevotella intermedia
ff09bbc0-8ee9-44b6-8a44-a49b0cf80369,8fe247d0-697b-418e-a029-fe7e7995e224,DR,7,GTTGCATCTGCCTGCTGTTTGCAAGGTAAAAACAAC,Prevotella intermedia
7a3a693f-1f75-4de7-9459-c1f8c65726de,760d80d7-06ec-4ee5-8efa-bf15f8786873,DR,1,GTTGCATCTGCCTTCTGTTTGCAAGGTAAAAACAAC,Prevotella intermedia
3da5269e-01a4-466f-9a36-ad9f701d61be,760d80d7-06ec-4ee5-8efa-bf15f8786873,DR,2,GTTGCATCTGCCTTCTGTTTGCAAGGTAAAAACAAC,Prevotella intermedia
8e206e3a-d496-4310-b2ae-8edb02dd24f9,760d80d7-06ec-4ee5-8efa-bf15f8786873,DR,3,GTTGCATCTGCCTTCTGTTTGCAAGGTAAAAACAAC,Prevotella intermedia
6603747f-0c70-4114-b1b3-3186261a4500,760d80d7-06ec-4ee5-8efa-bf15f8786873,DR,4,GTTGCATCTGCCTTCTGTTTGCAAGGTAAAAACAAC,Prevotella intermedia
8f3bd754-4ab4-4117-a8f9-45742bce7fca,760d80d7-06ec-4ee5-8efa-bf15f8786873,DR,5,GTTGCATCTGCCTTCTGTTTGCAAGGTAAAAACAAC,Prevotella intermedia
e8b29177-a491-40d1-b08d-638a880f15a8,760d80d7-06ec-4ee5-8efa-bf15f8786873,DR,6,GTTGCATCTGCCTTCTGTTTGCAAGGTAAAAACAAC,Prevotella intermedia
eec94a1b-10d7-4d18-a409-45201406e41b,760d80d7-06ec-4ee5-8efa-bf15f8786873,DR,7,GTTGCATCTGCCTTCTGTTTGCAAGGTAAAAACAAC,Prevotella intermedia
21b5d103-db8f-4b8e-940b-1fd9d0486d74,760d80d7-06ec-4ee5-8efa-bf15f8786873,DR,8,GTTGCATCTGCCTTCTGTTTGCAAGGTAAAAACAAC,Prevotella intermedia
743f9481-018c-4735-b3cc-76afb67f0b84,760d80d7-06ec-4ee5-8efa-bf15f8786873,DR,9,GTTGCATCTGCCTTCTGTTTGCAAGGTAAAAACAAC,Prevotella intermedia
eed6c3cd-09c5-470a-a0a7-4bf4a34db823,760d80d7-06ec-4ee5-8efa-bf15f8786873,DR,10,GTTGCATCTGCCTTCTGTTTGCAAGGTAAAAACAAC,Prevotella intermedia
eeb976a7-d69f-445d-a69c-80a5589ebeaf,760d80d7-06ec-4ee5-8efa-bf15f8786873,DR,11,GTTGCATCTGCCTTCTGTTTGCAAGGTAAAAACAAC,Prevotella intermedia
55dbc195-d131-4446-ad57-efa762c933e4,760d80d7-06ec-4ee5-8efa-bf15f8786873,DR,12,GTTGCATCTGCCTTCTGTTTGCAAGGTAAAAACAAC,Prevotella intermedia
daf3354e-6541-4ed4-be41-102c2c006d7a,760d80d7-06ec-4ee5-8efa-bf15f8786873,DR,13,GTTGCATCTGCCTTCTGTTTGCAAGGTAAAAACAAC,Prevotella intermedia
968b814a-74e5-4401-bfd7-881a9a7e6ff6,760d80d7-06ec-4ee5-8efa-bf15f8786873,DR,14,GTTGCATCTGCCTTCTGTTTGCAAGGTAAAAACAAC,Prevotella intermedia
ac1ed05d-cecd-422b-81e7-229084486e7a,760d80d7-06ec-4ee5-8efa-bf15f8786873,DR,15,GTTGCATCTGCCTTCTGTTTGCAAGGTAAAAACAAC,Prevotella intermedia
b2dbeefb-5b48-448f-9e6c-4bc5d6eeac37,760d80d7-06ec-4ee5-8efa-bf15f8786873,DR,16,GTTGCATCTGCCTTCTGTTTGCAAGGTAAAAACAAC,Prevotella intermedia
db91a6e5-4f5d-461e-9215-2a9bdc50ae6d,760d80d7-06ec-4ee5-8efa-bf15f8786873,DR,17,GTTGCATCTGCCTTCTGTTTGCAAGGTAAAAACAAC,Prevotella intermedia
5ee313a7-2e11-4d97-994f-192c6e86d452,760d80d7-06ec-4ee5-8efa-bf15f8786873,DR,18,GTTGCATCTGCCTGCTGTTTGCAAGGTAAAAACAAC,Prevotella intermedia
b50ec857-0a8b-44e3-9c29-13a7a8cd0979,760d80d7-06ec-4ee5-8efa-bf15f8786873,DR,19,GTTGCATCTGCCTGCTGTTTGCAAGGCACAAACAAC,Prevotella intermedia
6195e983-59cd-4e0b-8602-c7eb9249f7af,d0ee918a-e66b-4913-88d6-72e767f70103,DR,1,GTTGCATCTGCCTGCTGTTTGCAAGGTAAAAACAAC,Prevotella intermedia
0aab6c9f-107d-4dce-aa3b-e20b830beb74,d0ee918a-e66b-4913-88d6-72e767f70103,DR,2,GTTGCATCTGCCTGCTGTTTGCAAGGTAAAAACAAC,Prevotella intermedia
ce99ba8b-de2d-4c55-a6ce-b0146090815e,d0ee918a-e66b-4913-88d6-72e767f70103,DR,3,GTTGCATCTGCCTGCTGTTTGCAAGGTAAAAACAAC,Prevotella intermedia
65bf644e-d41b-446e-8df1-815941b4fbfb,d0ee918a-e66b-4913-88d6-72e767f70103,DR,4,GTTGCATCTGCCTGCTGTTTGCAAGGTAAAAACAAC,Prevotella intermedia
7a370098-a180-4ea9-92e4-ea6b2a5fd437,d0ee918a-e66b-4913-88d6-72e767f70103,DR,5,GTTGCATCTGCCTGCTGTTTGCAAGGTAAAAACAAC,Prevotella intermedia
138390bb-77c8-4f72-99b2-dba5f2c41c50,d0ee918a-e66b-4913-88d6-72e767f70103,DR,6,GTTGCATCTGCCTGCTGTTTGCAAGGTAAAAACAAC,Prevotella intermedia
c2bc7b63-8113-4026-8692-b8f680704f60,d0ee918a-e66b-4913-88d6-72e767f70103,DR,7,GTTGCATCTGCCTGCTGTTTGCAAGGTAAAAACAAC,Prevotella intermedia
d7fabaf7-8c21-4734-ace4-c8e020598395,d0ee918a-e66b-4913-88d6-72e767f70103,DR,8,GTTGCATCTGCCTGCTGTTTGCAAGGTAAAAACAAC,Prevotella intermedia
8fcd8ee6-c1a9-4189-a89f-d36ce91728b4,d0ee918a-e66b-4913-88d6-72e767f70103,DR,9,GTTGCATCTGCCTGCTGTTTGCAAGGTAAAAACAAC,Prevotella intermedia
9ca74eda-ea0f-4a8e-b2a7-3afd8293e6fe,d0ee918a-e66b-4913-88d6-72e767f70103,DR,10,GTTGCATCTGCCTGCTGTTTGCAAGGTAAAAACAAC,Prevotella intermedia
e6f46ab2-0575-47c0-a3bf-0b3bba736367,d0ee918a-e66b-4913-88d6-72e767f70103,DR,11,GTTGCATCTGCCTGCTGTTTGCAAGGTAAAAACAAC,Prevotella intermedia
9339d294-70f3-4570-8cc2-07c222cf663b,d0ee918a-e66b-4913-88d6-72e767f70103,DR,12,GTTGCATCTGCCTGCTGTTTGCAAGGTAAAAACAAC,Prevotella intermedia
c02e3226-7c3d-4f81-81f9-f5123a3f2b7b,d0ee918a-e66b-4913-88d6-72e767f70103,DR,13,GTTGCATCTGCCTGCTGTTTGCAAGGTAAAAACAAC,Prevotella intermedia
684a96e3-4917-4acf-993e-721ba65b0e56,d0ee918a-e66b-4913-88d6-72e767f70103,DR,14,GTTGCATCTGCCTGCTGTTTGCAAGGTAAAAACAAC,Prevotella intermedia
c36a46c2-a340-4dec-b911-77cdcca9817f,d0ee918a-e66b-4913-88d6-72e767f70103,DR,15,GTTGCATCTGCCTGCTGTTTGCAAGGTAAAAACAAC,Prevotella intermedia
41e401c5-a7ec-4bcf-b764-5f2878e9cfaf,d0ee918a-e66b-4913-88d6-72e767f70103,DR,16,GTTGCATCTGCCTGCTGTTTGCAAGGTAAAAACAAC,Prevotella intermedia
6371a82f-0a46-4c76-aaf9-6170bb4ccf51,d0ee918a-e66b-4913-88d6-72e767f70103,DR,17,GTTGCATCTGCCTGCTGTTTGCAAGGTAAAAACAAC,Prevotella intermedia
2a23148b-cc37-49b2-80ec-debef9afadc2,d0ee918a-e66b-4913-88d6-72e767f70103,DR,18,GTTGCATCTGCCTGCTGTTTGCAAGGTAAAAACAAC,Prevotella intermedia
f878e84b-85d7-416e-997d-bf92ed8ff16a,d0ee918a-e66b-4913-88d6-72e767f70103,DR,19,GTTGCATCTGCCTGCTGTTTGCAAGGTAAAAACAAC,Prevotella intermedia
37b35791-5196-4670-bb4e-a2e3c2477fac,d0ee918a-e66b-4913-88d6-72e767f70103,DR,20,GTTGCATCTGCCTGCTGTTTGCAAGGTAAAAACAAC,Prevotella intermedia
04348c30-300b-4aaf-a7da-77cb364c2cfe,d0ee918a-e66b-4913-88d6-72e767f70103,DR,21,GTTGCATCTGCCTGCTATTTGCAAGGCACAAACAAC,Prevotella intermedia
da9f3efd-863b-4d2a-bdb5-0ab1c751d5d3,945b3dc4-998e-499f-a128-cbdda314507c,DR,1,GTTGCATCTGCCTGCTGTTTGCAAGGTAAAAACAAC,Prevotella intermedia
b04de557-f8cb-432a-85ab-c6ac8f03b6ae,945b3dc4-998e-499f-a128-cbdda314507c,DR,2,GTTGCATCTGCCTGCTGTTTGCAAGGTAAAAACAAC,Prevotella intermedia
87de7a0b-3b43-4ad8-8532-6a408e6aa2b3,945b3dc4-998e-499f-a128-cbdda314507c,DR,3,GTTGCATCTGCCTGCTGTTTGCAAGGTAAAAACAAC,Prevotella intermedia
3aa48a6b-6ce6-4a5c-aef7-9811f5562ff6,945b3dc4-998e-499f-a128-cbdda314507c,DR,4,GTTGCATCTGCCTGCTGTTTGCAAGGTAAAAACAAC,Prevotella intermedia
783d45ab-3875-4700-9cf1-e275a4dfd0aa,945b3dc4-998e-499f-a128-cbdda314507c,DR,5,GTTGCATCTGCCTGCTGTTTGCAAGGTAAAAACAAC,Prevotella intermedia
3d9d8e0c-2ad5-4c54-8a78-1c9a62d45c76,945b3dc4-998e-499f-a128-cbdda314507c,DR,6,GTTGCATCTGCCTGCTGTTTGCAAGGTAAAAACAAC,Prevotella intermedia
3fd48d46-f7ea-4f44-8ac6-40fe566b7565,945b3dc4-998e-499f-a128-cbdda314507c,DR,7,GTTGCATCTGCCTGCTGTTTGCAAGGTAAAAACAAC,Prevotella intermedia
2463cf0a-82f4-4aa6-93c8-065f2a1f2675,945b3dc4-998e-499f-a128-cbdda314507c,DR,8,GTTGCATCTGCCTGCTGTTTGCAAGGTAAAAACAAC,Prevotella intermedia
44c4aa4c-ae83-479d-9748-668983741784,945b3dc4-998e-499f-a128-cbdda314507c,DR,9,GTTGCATCTGCCTGCTGTTTGCAAGGTAAAAACAAC,Prevotella intermedia
263ff793-c358-4b5e-bf34-a8a679a4270b,945b3dc4-998e-499f-a128-cbdda314507c,DR,10,GTTGCATCTGCCTGCTGTTTGCAAGGTAAAAACAAC,Prevotella intermedia
c7cbed0d-3d2d-4dec-91a8-a177671f1717,945b3dc4-998e-499f-a128-cbdda314507c,DR,11,GTTGCATCTGCCTGCTGTTTGCAAGGTAAAAACAAC,Prevotella intermedia
7b6b34b4-2ca3-47e2-80ba-3412f5b18d01,945b3dc4-998e-499f-a128-cbdda314507c,DR,12,GTTGCATCTGCCTGCTGTTTGCAAGGTAAAAACAAC,Prevotella intermedia
637b909b-808b-4696-a5b9-a305e29bf00e,945b3dc4-998e-499f-a128-cbdda314507c,DR,13,GTTGCATCTGCCTGCTGTTTGCAAGGTAAAAACAAC,Prevotella intermedia
9802c3e8-b021-4636-adf1-c1a033403f84,945b3dc4-998e-499f-a128-cbdda314507c,DR,14,GTTGCATCTGCCTGCTGTTTGCAAGGTAAAAACAAC,Prevotella intermedia
5725f4a4-0678-47cf-bad3-0596213c7add,945b3dc4-998e-499f-a128-cbdda314507c,DR,15,GTTGCATCTGCCTGCTGTTTGCAAGGTAAAAACAAC,Prevotella intermedia
63e93b35-049f-457e-8fb7-4a23f3536d1a,945b3dc4-998e-499f-a128-cbdda314507c,DR,16,GTTGCATCTGCCTGCTGTTTGCAAGGTAAAAACAAC,Prevotella intermedia
3c91e079-12d8-41a9-8a73-6e1fefda8327,945b3dc4-998e-499f-a128-cbdda314507c,DR,17,GTTGCATCTGCCTGCTGTTTGCAAGGTAAAAACAAC,Prevotella intermedia
408df773-fd35-48b6-8d85-5a6b6845feb7,945b3dc4-998e-499f-a128-cbdda314507c,DR,18,GTTGCATCTGCCTGCTGTTTGCAAGGTAAAAACAAC,Prevotella intermedia
7d80c539-88f6-4d9a-898b-bfed182b2907,945b3dc4-998e-499f-a128-cbdda314507c,DR,19,GTTGCATCTGCCTGCTGTTTGCAAGGTAAAAACAAC,Prevotella intermedia
e5729b2f-f252-4960-9d2c-c27d09c2440e,945b3dc4-998e-499f-a128-cbdda314507c,DR,20,GTTGCATCTACCTGCTGTTTGCAAGGTAAAAACAAC,Prevotella intermedia
48ae0169-7d33-46eb-a1f2-ef004ff104e6,945b3dc4-998e-499f-a128-cbdda314507c,DR,21,GTTGCATCTGCCTGCTGTTTGCAAGGCACAAACAAC,Prevotella intermedia
857f0101-4837-483d-9034-5f45378f3ec7,78346abf-aecf-40e8-9c87-661162952327,DR,1,GTTGTGGAAGGTCCGGTTTTGAAGGGCTATTACAAC,Prevotella pectinovora
9ae38e90-e105-4858-8f4a-f59bad7436a5,78346abf-aecf-40e8-9c87-661162952327,DR,2,GTTGTGGAAGGTCCGATTTTGAGGGACTATTACAAC,Prevotella pectinovora
05e04ee4-4998-4655-b657-3d0d9554381a,78346abf-aecf-40e8-9c87-661162952327,DR,3,GTTGTGGAAGGTCCAGTTTTGAGGGGCTATTACAAC,Prevotella pectinovora
07af4c71-ac2b-495f-ab2d-80938fcfcb51,78346abf-aecf-40e8-9c87-661162952327,DR,4,GTTGTGGAAGGTCCAGTTTTGAGGGACTATTACAAC,Prevotella pectinovora
9f4f5963-fa20-41f0-814e-f63cd484a92a,78346abf-aecf-40e8-9c87-661162952327,DR,5,GTTGTGGAAGGTCCAGTTTTGAGGGACTATTACAAC,Prevotella pectinovora
a624adb1-d46d-41ad-89f0-ebbdf85de2ca,78346abf-aecf-40e8-9c87-661162952327,DR,6,GTTGTGGAAGGTCCAGTTTTGAGGGACTATAACAAC,Prevotella pectinovora
37295ff1-2cf1-4234-b121-bc626e7e066b,78346abf-aecf-40e8-9c87-661162952327,DR,7,GTTGTGGAAGGTCCAGTTTTGAGGGGCTATTACAAC,Prevotella pectinovora
afe8c409-67d7-4126-86b8-978b1d0be892,78346abf-aecf-40e8-9c87-661162952327,DR,8,GTTGTGGAAGGTCCAGTTTTGAGGGGCTATTACAAC,Prevotella pectinovora
11a51a35-62c8-4fdf-9041-2489b9d1aaa2,78346abf-aecf-40e8-9c87-661162952327,DR,9,GTTGTGGAAGGTCCAGTTTTGAGGGGCTATTACAAC,Prevotella pectinovora
8221ae99-3cc3-4f11-b94f-32c09e16a4e9,78346abf-aecf-40e8-9c87-661162952327,DR,10,GTTGTGGAAGGTCCAGTTTTGAGGGGCTATTACAAC,Prevotella pectinovora
737791f2-f568-41ce-9940-5df7ba1dd237,78346abf-aecf-40e8-9c87-661162952327,DR,11,GTTGTGGAAGGTCCAGTTTTGAGGGGCTATTACAAC,Prevotella pectinovora
ce92dcd8-1db2-44fb-a2c9-d9fedcc62939,78346abf-aecf-40e8-9c87-661162952327,DR,12,GTTGTGGAAGGTCCAGTTTTGAGGGGCTATTACAAC,Prevotella pectinovora
f4a7e88b-e213-41aa-9ace-8868f7250e44,45877d7c-09d9-49f1-abf5-3d6b085b62d6,DR,1,GTTGTAATAGTACTTCAAAACTGGACCTTCCACAAC,Prevotella pectinovora
de2541b9-3ec7-41ef-aa7d-d3af94931fc2,45877d7c-09d9-49f1-abf5-3d6b085b62d6,DR,2,GTTGTAATAGTCCCTCAAAACCGGACCTTCCATAAC,Prevotella pectinovora
193f04ae-ebd7-4fe8-8b95-2f09fce2e9e5,45877d7c-09d9-49f1-abf5-3d6b085b62d6,DR,3,GTTGTAATAGTCCCTCAAAACCGGACCTTCCACAAT,Prevotella pectinovora
542774ee-d0bb-4007-91dc-d9f4c8e31584,45877d7c-09d9-49f1-abf5-3d6b085b62d6,DR,4,GTTGTAATAGTCCCTCAAAACTGGACCTTCCACAAC,Prevotella pectinovora
2a9dadcb-ec58-4692-87b3-35434707e328,45877d7c-09d9-49f1-abf5-3d6b085b62d6,DR,5,GTTGTAATAGTCCCTCAAAACTGGACCTTCCACAAC,Prevotella pectinovora
ce40d7a9-2290-4210-9cba-0adc85092a91,45877d7c-09d9-49f1-abf5-3d6b085b62d6,DR,6,GTTGTAATAGTCCCTCAAAATCGGACCTTCCACAAC,Prevotella pectinovora
6a664591-13cc-45e3-b88f-200f50e41756,45877d7c-09d9-49f1-abf5-3d6b085b62d6,DR,7,GTTGTAATAGTCCCTCAAAACTGGACCTTCCACAAC,Prevotella pectinovora
20495f63-a917-406d-8f21-8daf54148bb1,45877d7c-09d9-49f1-abf5-3d6b085b62d6,DR,8,GTTGTAATAGTCCCTCAAAACTGGACCTTCCACAAC,Prevotella pectinovora
9ac09376-e8e7-419f-b652-c1ed7b42870f,45877d7c-09d9-49f1-abf5-3d6b085b62d6,DR,9,GTTGTAATAGTCCCTCAAAACTGGACCTTCCACAAC,Prevotella pectinovora
b1fd29f3-bd24-41c2-ba9b-2b3be902bef4,45877d7c-09d9-49f1-abf5-3d6b085b62d6,DR,10,GTTGTAATAGTCCCTCAAAATCGGACCTTCCACAAC,Prevotella pectinovora
c0a16a11-97d8-4919-8369-ba98aeaed0c1,45877d7c-09d9-49f1-abf5-3d6b085b62d6,DR,11,GTTGTAATAGTCCCTCAAAATCGGACCTTCCACAAC,Prevotella pectinovora
d4a42511-7f4f-4c9f-a543-a45711b955fe,6e724c23-d600-452d-9ed0-53e1618a5d04,DR,1,GTTGCATCTGCCTTCTTTTTGAAAGGTAAAAACAAC,Segatella buccae
4945621d-1fb2-4f4f-8968-27413036f40b,6e724c23-d600-452d-9ed0-53e1618a5d04,DR,2,GTTGCATCTGCCTTCTTTTTGAAAGGTAAAAACAAC,Segatella buccae
6c339228-f9c0-47bc-aa8c-074124c2fe78,6e724c23-d600-452d-9ed0-53e1618a5d04,DR,3,GTTGCATCTGCCTTCTTTTTGAAAGGTAAAAACAAC,Segatella buccae
79e61ee1-c36f-45f5-877a-a2aca30cb71d,6e724c23-d600-452d-9ed0-53e1618a5d04,DR,4,GTTGCATCTGCCTTCTTTTTGAAAGGTAAAAACAAC,Segatella buccae
cfc9c3d9-4c47-4598-8bad-c8bcb2086a74,6e724c23-d600-452d-9ed0-53e1618a5d04,DR,5,GTTGCATCTGCCTTCTTTTTGAAAGGTAAAAACAAC,Segatella buccae
be3acd2e-4666-4c65-8566-544f4aaf8219,6e724c23-d600-452d-9ed0-53e1618a5d04,DR,6,GTTGCATCTGCCTTCTTTTTGAAAGGTAAAAACAAC,Segatella buccae
8b0cdb13-e0e4-4ae6-9c54-11ca947b6192,6e724c23-d600-452d-9ed0-53e1618a5d04,DR,7,GTTGCATCTGCCTTCTTTTTGAAAGGTAAAAACAAC,Segatella buccae
d7f7c196-30ad-4d1b-818e-2cfb5e85322a,6e724c23-d600-452d-9ed0-53e1618a5d04,DR,8,GTTGCATCTGCCTTCTTTTTGAAAGGTAAAAACAAC,Segatella buccae
bd19a373-3111-419c-b7bf-7fd3386493e1,6e724c23-d600-452d-9ed0-53e1618a5d04,DR,9,GTTGCATCTGCCTTCTTTTTGAAAGGTAAAAACAAC,Segatella buccae
9c4b62d5-62f4-4b6d-ba88-e73925c9b3d9,6e724c23-d600-452d-9ed0-53e1618a5d04,DR,10,GTTGCATCTGCCTTCTTTTTGAAAGGTAAAAACAAC,Segatella buccae
70875933-1d9e-486e-be85-03b755387b7e,e704728c-e792-48a8-8d98-287345387832,DR,1,GTTGCATCTGCCTTCTTTTTGAAAGGTAAAAACAAC,Segatella buccae
92001953-e1c3-489d-8979-50a6faa57998,e704728c-e792-48a8-8d98-287345387832,DR,2,GTTGCATCTGCCTTCTTTTTGAAAGGTAAAAACAAC,Segatella buccae
ffbdc400-7c58-481b-9959-694079a80550,e704728c-e792-48a8-8d98-287345387832,DR,3,GTTGCATCTGCCTTCTTTTTGAAAGGTAAAAACAAC,Segatella buccae
473a97f7-1561-4598-85a4-1d0e89d11986,e704728c-e792-48a8-8d98-287345387832,DR,4,GTTGCATCTGCCTTCTTTTTGAAAGGTAAAAACAAC,Segatella buccae
a0e52df5-31e1-472e-b439-97592e97ecc1,e704728c-e792-48a8-8d98-287345387832,DR,5,GTTGCATCTGCCTTCTTTTTGAAAGGTAAAAACAAC,Segatella buccae
f5f14ef4-37c7-4035-8fb8-c6e888aa0463,e704728c-e792-48a8-8d98-287345387832,DR,6,GTTGCATCTGCCTTCTTTTTGAAAGGTAAAAACAAC,Segatella buccae
8ebb56de-151c-449d-af67-8d748ebb24de,e704728c-e792-48a8-8d98-287345387832,DR,7,GTTGCATCTGCCTTCTTTTTGAAAGGTAAAAACAAC,Segatella buccae
2e4e38dd-b6c5-4ebd-9403-1af0388b3b8d,e704728c-e792-48a8-8d98-287345387832,DR,8,GTTGCATCTGCCTTCTTTTTGAAAGGTAAAAACAAC,Segatella buccae
f1019138-de65-408c-8f2b-384b9ecb33dc,e704728c-e792-48a8-8d98-287345387832,DR,9,GTTGCATCTGCCTTCTTTTTGAAAGGTAAAAACAAC,Segatella buccae
9e942e69-4bc2-4347-90dc-c9440fa56ce4,e704728c-e792-48a8-8d98-287345387832,DR,10,GTTGCATCTGCCTTCTTTTTGAAAGGTAAAAACAAC,Segatella buccae
ffe9a9f6-42c7-470e-9187-8facb759aee5,e704728c-e792-48a8-8d98-287345387832,DR,11,GTTGCATCTGCCTTCTTTTTGAAAGGTAAAAACAAC,Segatella buccae
93098e92-ad97-4a9c-a7de-be16fa3d52be,e704728c-e792-48a8-8d98-287345387832,DR,12,GTTGCATCTGCCTTCTTTTTGAAAGGTAAAAACAAC,Segatella buccae
51192761-980f-4190-bb15-0f4c9080ad75,e704728c-e792-48a8-8d98-287345387832,DR,13,GTTGCATCTGCCTTCTTTTTGAAAGGTAAAAACAAC,Segatella buccae
e2c566fe-dca9-4505-b7ef-8efe502c1d83,e704728c-e792-48a8-8d98-287345387832,DR,14,GTTGCATCTGCCTTCTTTTTGAAAGGTAAAAACAAC,Segatella buccae
367cae7d-6340-4241-8885-f3d006b139c2,e704728c-e792-48a8-8d98-287345387832,DR,15,GTTGCATCTGCCTTCTTTTTGAAAGGTAAAAACAAC,Segatella buccae
e8d4c9e2-6ed0-4ce8-bcde-a00538f09daf,e704728c-e792-48a8-8d98-287345387832,DR,16,GTTGCATCTGCCTTCTTTTTGAAAGGTAAAAACAAC,Segatella buccae
117f40c0-f41d-4278-a193-3aff0d6f4d22,e704728c-e792-48a8-8d98-287345387832,DR,17,GTTGCATCTGCCTTCTTTTTGAAAGGTAAAAACAAC,Segatella buccae
ee24d619-ccb3-4bb2-9a90-5895d7aff029,709c6857-0e8e-4d07-9a9f-61f460e6ef7d,DR,1,GTTGCATCTGCCTTCTTTTTGAAAGGTAAAAACAAC,Segatella buccae
a946fe4b-0b96-403f-a9e4-6f7bb7116e80,709c6857-0e8e-4d07-9a9f-61f460e6ef7d,DR,2,GTTGCATCTGCCTTCTTTTTGAAAGGTAAAAACAAC,Segatella buccae
239d5e8a-9b10-47b8-84e4-3fdc4ec38cb8,709c6857-0e8e-4d07-9a9f-61f460e6ef7d,DR,3,GTTGCATCTGCCTTCTTTTTGAAAGGTAAAAACAAC,Segatella buccae
216a2521-4552-4f8d-be65-77e80b0cb753,709c6857-0e8e-4d07-9a9f-61f460e6ef7d,DR,4,GTTGCATCTGCCTTCTTTTTGAAAGGTAAAAACAAC,Segatella buccae
e150c44b-8e02-481d-96c9-25e6c4baf21a,709c6857-0e8e-4d07-9a9f-61f460e6ef7d,DR,5,GTTGCATCTGCCTTCTTTTTGAAAGGTAAAAACAAC,Segatella buccae
85ecd697-6487-46c3-b67d-b303718f8346,709c6857-0e8e-4d07-9a9f-61f460e6ef7d,DR,6,GTTGCATCTGCCTTCTTTTTGAAAGGTAAAAACAAC,Segatella buccae
19a63d14-8514-4f81-b2a0-0fa1020623ff,709c6857-0e8e-4d07-9a9f-61f460e6ef7d,DR,7,GTTGCATCTGCCTTCTTTTTGAAAGGTAAAAACAAC,Segatella buccae
cb2ac105-bb88-4f7c-9a26-8bf529d217eb,709c6857-0e8e-4d07-9a9f-61f460e6ef7d,DR,8,GTTGCATCTGCCTTCTTTTTGAAAGGTAAAAACAAC,Segatella buccae
f84f8d24-d5c1-4bb5-89bc-63dbc20b44c3,709c6857-0e8e-4d07-9a9f-61f460e6ef7d,DR,9,GTTGCATCTGCCTTCTTTTTGAAAGGTAAAAACAAC,Segatella buccae
f99b0fc0-ca7a-4587-82bd-2e9b2fb72378,709c6857-0e8e-4d07-9a9f-61f460e6ef7d,DR,10,GTTGCATCTGCCTTCTTTTTGAAAGGTAAAAACAAC,Segatella buccae
392ec36b-c336-47ce-92a6-980f998b9beb,709c6857-0e8e-4d07-9a9f-61f460e6ef7d,DR,11,GTTGCATCTGCCTTCTTTTTGAAAGGTAAAAACAAC,Segatella buccae
ba7a4fa8-e3b8-4411-831d-ab433654d896,304b6ef0-a031-46e0-8f6f-f91ee9fddeca,DR,1,GTTGCATCTGCCTTCTTTTTGAAAGGTAAAAACAAC,Segatella buccae
829816c3-e3e3-4448-9a70-ff577a381d30,304b6ef0-a031-46e0-8f6f-f91ee9fddeca,DR,2,GTTGCATCTGCCTTCTTTTTGAAAGGTAAAAACAAC,Segatella buccae
bb98c731-b86e-4b24-a956-775bfea5df60,304b6ef0-a031-46e0-8f6f-f91ee9fddeca,DR,3,GTTGCATCTGCCTTCTTTTTGAAAGGTAAAAACAAC,Segatella buccae
eb633da5-1402-4a0a-8d2f-f33100160afc,304b6ef0-a031-46e0-8f6f-f91ee9fddeca,DR,4,GTTGCATCTGCCTTCTTTTTGAAAGGTAAAAACAAC,Segatella buccae
8f7e0028-474f-418a-beb1-17ebb0d177f6,304b6ef0-a031-46e0-8f6f-f91ee9fddeca,DR,5,GTTGCATCTGCCTTCTTTTTGAAAGGTAAAAACAAC,Segatella buccae
ab3853b0-0b15-4b67-9dbe-5c79151be5aa,304b6ef0-a031-46e0-8f6f-f91ee9fddeca,DR,6,GTTGCATCTGCCTTCTTTTTGAAAGGTAAAAACAAC,Segatella buccae
486b08db-5101-4478-afbc-86d4e25d77be,304b6ef0-a031-46e0-8f6f-f91ee9fddeca,DR,7,GTTGCATCTGCCTTCTTTTTGAAAGGTAAAAACAAC,Segatella buccae
82a72d76-fc2e-4832-a0a1-783c6cd450e8,304b6ef0-a031-46e0-8f6f-f91ee9fddeca,DR,8,GTTGCATCTGCCTTCTTTTTGAAAGGTAAAAACAAC,Segatella buccae
57b3012a-3cc2-41d0-a498-b9ceb58dac00,304b6ef0-a031-46e0-8f6f-f91ee9fddeca,DR,9,GTTGCATCTGCCTTCTTTTTGAAAGGTAAAAACAAC,Segatella buccae
dcc1dff4-c0f5-4adb-bc0b-e64b634f4a66,8147a3b9-7049-4088-b8fd-2e5de740ebd5,DR,1,GTTGCATCTGCCTTCTTTTTGAAAGGTAAAAACAAC,Segatella buccae
dee2c06e-dd7f-4592-8547-703d825ca7a4,8147a3b9-7049-4088-b8fd-2e5de740ebd5,DR,2,GTTGCATCTGCCTTCTTTTTGAAAGGTAAAAACAAC,Segatella buccae
c5725a85-fee6-437f-bd98-594bf56ef88c,8147a3b9-7049-4088-b8fd-2e5de740ebd5,DR,3,GTTGCATCTGCCTTCTTTTTGAAAGGTAAAAACAAC,Segatella buccae
35f11181-db14-4986-b8f1-ee191aeff0f2,8147a3b9-7049-4088-b8fd-2e5de740ebd5,DR,4,GTTGCATCTGCCTTCTTTTTGAAAGGTAAAAACAAC,Segatella buccae
577478ca-f967-4c83-9d2c-18d7fc07929e,8147a3b9-7049-4088-b8fd-2e5de740ebd5,DR,5,GTTGCATCTGCCTTCTTTTTGAAAGGTAAAAACAAC,Segatella buccae
e82f4e7b-657e-4068-95af-507eff79f280,8147a3b9-7049-4088-b8fd-2e5de740ebd5,DR,6,GTTGCATCTGCCTTCTTTTTGAAAGGTAAAAACAAC,Segatella buccae
706d60ad-b1c9-4391-b0a7-cdf203886e37,8147a3b9-7049-4088-b8fd-2e5de740ebd5,DR,7,GTTGCATCTGCCTTCTTTTTGAAAGGTAAAAACAAC,Segatella buccae
9d63247b-132c-418a-8ef8-eca18bef00d9,8147a3b9-7049-4088-b8fd-2e5de740ebd5,DR,8,GTTGCATCTGCCTTCTTTTTGAAAGGTAAAAACAAC,Segatella buccae
