sequence_id,array_id,type,position,sequence
2b3112bb-3742-4ccd-b7e6-38aacaf83c94,204ac2c3-7842-4f97-b299-8b3cb14d68d7,spacer,1,TATTCTAATGGATCAATTAAAAAAGCAAGA
9e121962-092f-4b0e-9c1b-989d9dc6b64f,204ac2c3-7842-4f97-b299-8b3cb14d68d7,spacer,2,TCGAGAGGTGTTAATGAAACGAACATAGTT
395f8549-8b33-4ca3-aafd-32022bc5c845,204ac2c3-7842-4f97-b299-8b3cb14d68d7,spacer,3,AATTACTGCTAAATGATACAATGTGTTTG
577a6b0b-ebaa-4b34-bd19-24a5b5cc27a3,204ac2c3-7842-4f97-b299-8b3cb14d68d7,spacer,4,GGTAAATAATTTATCTCTAGATTATAGTAT
98b70848-c61f-4976-8f06-530ca8fadbe8,204ac2c3-7842-4f97-b299-8b3cb14d68d7,spacer,5,GCTATGCTACTTATACAGATGCACAACATC
48815cff-535d-487f-b08b-2bd3772bec45,204ac2c3-7842-4f97-b299-8b3cb14d68d7,spacer,6,TGGTTTTCCGTAATGATATAAATAGAATTT
272a1917-b485-4cf2-a500-befbb95171ba,204ac2c3-7842-4f97-b299-8b3cb14d68d7,spacer,7,CGGTTTGTCTGCATTTGAAACTCCAGCAC
c5593546-e7c2-4434-9901-402779f9c6e3,204ac2c3-7842-4f97-b299-8b3cb14d68d7,spacer,8,TCGCGGGAAAAGTTGAAAAAGGATTAAAC
f8419ad6-6244-45ae-b917-278c2e3005bb,204ac2c3-7842-4f97-b299-8b3cb14d68d7,spacer,9,GTTTTAACCAAACATTTGCCAGGGCATAA
ce3ef5c3-c58d-4f49-8728-3d165c2df28d,204ac2c3-7842-4f97-b299-8b3cb14d68d7,spacer,10,AGTGCGGAAAGCCCGGCTTTAGAACGCCCA
888341ba-b037-4011-a8c4-8c9e328e18b8,204ac2c3-7842-4f97-b299-8b3cb14d68d7,spacer,11,GGAGACATCCATCCTCTATCTAAACGTAAA
855bf9f2-6f10-4e32-a777-13909e8bc54e,204ac2c3-7842-4f97-b299-8b3cb14d68d7,spacer,12,AATGAAGAAGTTTATTTAGAAAACCAAAGA
358c870f-2605-442d-ab8e-1ba133b4a000,204ac2c3-7842-4f97-b299-8b3cb14d68d7,spacer,13,CAATCTCAAAGTATAATTGATAAATAGGC
a2690993-e6a5-4d69-a944-2ee7615337a6,204ac2c3-7842-4f97-b299-8b3cb14d68d7,spacer,14,TTCTAGCTTTGGCCACCTCATCTTTTGAA
bdb5d05b-0b98-4899-baa0-a89d58e19c02,204ac2c3-7842-4f97-b299-8b3cb14d68d7,spacer,15,TTGTCGAACTTTTCTTTTTTATAATGCAA
982e8f45-cd64-4e9d-a78e-07a2d01cacda,204ac2c3-7842-4f97-b299-8b3cb14d68d7,spacer,16,CATATTCTTCTTCAAAGTGATGTTTGTAAT
5a3a4588-116c-4c9f-bc92-ad649e8d662d,204ac2c3-7842-4f97-b299-8b3cb14d68d7,DR,1,GTTGGGAAAGCCCTTATTTTGAAGGGTATCTACAAC
0fcc406f-79c8-4057-a166-0ad7418e0ae2,204ac2c3-7842-4f97-b299-8b3cb14d68d7,DR,2,GTTGGGAAAGCCCTTATTTTGAAGGGTATCTACAAC
a5d00b4f-c730-4964-87a2-acbab35841b1,204ac2c3-7842-4f97-b299-8b3cb14d68d7,DR,3,GTTGGGAAAGCCCTTATTTTGAAGGGTATCTACAAC
137be0cb-a45a-4e2e-b5ae-d2b0a7ed5c2d,204ac2c3-7842-4f97-b299-8b3cb14d68d7,DR,4,GTTGGGAAAGCCCTTATTTTGAAGGGTATCTACAAC
dea2246b-d42d-4164-b46b-0fe852c51066,204ac2c3-7842-4f97-b299-8b3cb14d68d7,DR,5,GTTGGGAAAGCCCTTATTTTGAAGGGTATCTACAAC
8e0deded-ea40-4f45-9d0c-d512a8f842f3,204ac2c3-7842-4f97-b299-8b3cb14d68d7,DR,6,GTTGGGAAAGCCCTTATTTTGAAGGGTATCTACAAC
8ea180cd-2fe1-4fbe-85cf-da8aff3a00d8,204ac2c3-7842-4f97-b299-8b3cb14d68d7,DR,7,GTTGGGAAAGCCCTTATTTTGAAGGGTATCTACAAC
12a1138e-281d-4a16-a33b-d8a16ebee6e5,204ac2c3-7842-4f97-b299-8b3cb14d68d7,DR,8,GTTGGGAAAGCCCTTATTTTGAAGGGTATCTACAAC
c0947124-f4ca-4170-9b47-ee6d46dc491d,204ac2c3-7842-4f97-b299-8b3cb14d68d7,DR,9,GTTGGGAAAGCCCTTATTTTGAAGGGTATCTACAAC
ae4bdfd7-2b09-4562-9066-c26f943a9314,204ac2c3-7842-4f97-b299-8b3cb14d68d7,DR,10,GTTGGGAAAGCCCTTATTTTGAAGGGTATCTACAAC
2d113a4a-7344-4df0-b646-c1e1b7fec93c,204ac2c3-7842-4f97-b299-8b3cb14d68d7,DR,11,GTTGGGAAAGCCCTTATTTTGAAGGGTATCTACAAC
fd861483-52d9-479a-8ba4-0046b94366f6,204ac2c3-7842-4f97-b299-8b3cb14d68d7,DR,12,GTTGGGAAAGCCCTTATTTTGAAGGGTATCTACAAC
4f59411c-0a4c-4921-837e-ac6a31066f52,204ac2c3-7842-4f97-b299-8b3cb14d68d7,DR,13,GTTGGGAAAGCCCTTATTTTGAAGGGTATCTACAAC
4ad0f87e-dba3-4c9a-8bae-5c2f731b7d53,204ac2c3-7842-4f97-b299-8b3cb14d68d7,DR,14,GTTGGGAAAGCCCTTATTTTGAAGGGTATCTACAAC
56e05a8f-a31a-41e2-a06e-748a1c3ac6f7,204ac2c3-7842-4f97-b299-8b3cb14d68d7,DR,15,GTTGGGAAAGCCCTTATTTTGAAGGGTATCTACAAC
9e7ccc67-f206-4ed6-8a39-0474c68aa641,204ac2c3-7842-4f97-b299-8b3cb14d68d7,DR,16,GTTGGGAAAGCCCTTATTTTGAAGGGTATCTACAAC
4e33e780-e94c-493d-97c8-72cad817a7d9,204ac2c3-7842-4f97-b299-8b3cb14d68d7,DR,17,GTTGGGAAAGCCCTTATTTTGAAGGGTATCTACAAC
