sequence_id,array_id,type,position,sequence,speciesname,A,C,G,T
ff8818a2-5a96-42ec-b1ea-d754d35c8f9a,26d94428-22ef-4a83-ab07-0d836c889898,spacer,1,AGAAAAACCTTGAATTTGTTTTAATTCAGA,Apibacter raozihei,0.4,0.1,0.1333,0.3667
a90b842d-38f2-43cb-9d49-944bdea421dd,26d94428-22ef-4a83-ab07-0d836c889898,spacer,2,TGTATGTTTGTAGTCATAATAGGATACATT,Apibacter raozihei,0.3,0.0667,0.2,0.4333
8e1c92b2-46e8-4c52-aa60-07257b286574,26d94428-22ef-4a83-ab07-0d836c889898,spacer,3,CAAAACTAGAAACTCCATAATGCCTTAGTC,Apibacter raozihei,0.4,0.2667,0.1,0.2333
dcac33bd-f314-45db-8e0b-0b8909e63348,44c48aa5-dfc4-4cdf-bacc-c381da2b2d71,spacer,1,TCTTTCCGTTGGGGAGGATGCCGTATTTTT,Chryseobacterium taihuense,0.1,0.1667,0.3,0.4333
bde3c2ca-a2d4-493d-9fbb-d943b5979598,44c48aa5-dfc4-4cdf-bacc-c381da2b2d71,spacer,2,GTTCTTTGTTTTTTGTGTCCGTACTTCATA,Chryseobacterium taihuense,0.1,0.1667,0.1667,0.5667
a0563f2b-030a-4f85-806f-afe0fda137ad,44c48aa5-dfc4-4cdf-bacc-c381da2b2d71,spacer,3,CTGTCATAGAAGGCTTTCCCATAAACTCAC,Chryseobacterium taihuense,0.3,0.3,0.1333,0.2667
330b28d3-5388-4861-b53a-3f59a0e6bc54,44c48aa5-dfc4-4cdf-bacc-c381da2b2d71,spacer,4,CTTTATACCTCTTAGTTCTCTGTAAGATAT,Chryseobacterium taihuense,0.2333,0.2,0.1,0.4667
1724548d-c6db-4d76-ad7b-56c3e9749904,44c48aa5-dfc4-4cdf-bacc-c381da2b2d71,spacer,5,GGAAGTTGATTTACCGTTACCGGCACTAAA,Chryseobacterium taihuense,0.3,0.2,0.2333,0.2667
be8377c1-a736-4906-adf0-1de491a6de94,44c48aa5-dfc4-4cdf-bacc-c381da2b2d71,spacer,6,AGGCTGTCAAACCTCCTGCTTTACTTTCAG,Chryseobacterium taihuense,0.2,0.3,0.1667,0.3333
20f783ac-5486-45cc-8635-c8ccb67d9131,44c48aa5-dfc4-4cdf-bacc-c381da2b2d71,spacer,7,CAACATTCGTAAAACTGATTATCCGGTAAA,Chryseobacterium taihuense,0.4,0.2,0.1333,0.2667
66c2b285-732f-4934-a82f-2d447236b9e1,fd1c282a-ceb4-4823-b969-a388829db374,spacer,1,TTGCGCAAAATCTGTGATATTGTTTTTAC,Flavobacterium columnare,0.2414,0.1379,0.1724,0.4483
1456c304-0c87-494d-b159-e704b726b9cc,fd1c282a-ceb4-4823-b969-a388829db374,spacer,2,CTGTCTTACAAAGCAATCCAGTACGTGGA,Flavobacterium columnare,0.3103,0.2414,0.2069,0.2414
9fea3bf7-c031-41ef-9a0f-f64223b2fc61,fd1c282a-ceb4-4823-b969-a388829db374,spacer,3,TATAATACCCTGACGACCAAATCTTTTACA,Flavobacterium columnare,0.3667,0.2667,0.0667,0.3
c320f0b9-afd4-4fdc-bd93-4fccd4b4d91b,fd1c282a-ceb4-4823-b969-a388829db374,spacer,4,TCAATATGAGGCATGTTAATTCCAGTAAAT,Flavobacterium columnare,0.3667,0.1333,0.1667,0.3333
69bb10b3-6459-430a-97c1-c6fe36b16163,fd1c282a-ceb4-4823-b969-a388829db374,spacer,5,TCTTCCACCGACAATAGTCTAAATAAATCT,Flavobacterium columnare,0.3667,0.2667,0.0667,0.3
6a404941-a226-46bb-911d-f57f9a030e11,fd1c282a-ceb4-4823-b969-a388829db374,spacer,6,TCTTCCACCGACAATAGTCTAAATAAATCT,Flavobacterium columnare,0.3667,0.2667,0.0667,0.3
1aa69043-f5fa-4f4f-9fe6-dcd50cde2f4e,fd1c282a-ceb4-4823-b969-a388829db374,spacer,7,AGGTGTACCGCCTATATCTTCTAAATTGAT,Flavobacterium columnare,0.2667,0.2,0.1667,0.3667
7c363aed-92ed-456e-b72c-9ea13acdbfd1,fd1c282a-ceb4-4823-b969-a388829db374,spacer,8,GATGTTTTTAATTTGTTTTATTGTATATTT,Flavobacterium columnare,0.2,0.0,0.1333,0.6667
eead985e-ad01-4d57-a55e-8d78819bf0f1,fd1c282a-ceb4-4823-b969-a388829db374,spacer,9,TCACGTCGTTAGGTTGATTATTAATACAT,Flavobacterium columnare,0.2759,0.1379,0.1724,0.4138
90d72a39-4343-4d21-a0a4-377cb9911f64,fd1c282a-ceb4-4823-b969-a388829db374,spacer,10,CCTATGCTGCCTTGGTCAACGGAATAAGAC,Flavobacterium columnare,0.2667,0.2667,0.2333,0.2333
b856437c-9974-45c2-ae4e-aca7456d68b8,fd1c282a-ceb4-4823-b969-a388829db374,spacer,11,AAGCGTTTTTTAACTAATTTGATATTTAGA,Flavobacterium columnare,0.3333,0.0667,0.1333,0.4667
24b08084-2ff6-46fe-bd7c-9f2c939d92b2,fd1c282a-ceb4-4823-b969-a388829db374,spacer,12,GTTTTTCCTCTAAAACCTCGAAAACACGG,Flavobacterium columnare,0.3103,0.2759,0.1379,0.2759
5294ba16-7d45-42af-ae3f-7238f87f7b06,fd1c282a-ceb4-4823-b969-a388829db374,spacer,13,TAGGAGAATATCTTCCTGTTGGTTGACCAT,Flavobacterium columnare,0.2333,0.1667,0.2333,0.3667
1181c4f1-fdf1-4cae-b92d-ec7692df706c,fd1c282a-ceb4-4823-b969-a388829db374,spacer,14,CTTGTCTTGATTTTATGTTTTGAGGATAT,Flavobacterium columnare,0.1724,0.069,0.2069,0.5517
700e4ea9-f2f1-449e-ab22-5f0bc772f5bd,81dc4b76-a9b2-48a6-b08e-fff5721dece3,spacer,1,CTTGTCTTGATTTTATGTTTTGAGGATAT,Flavobacterium columnare,0.1724,0.069,0.2069,0.5517
c01b7905-fbad-4524-a175-bdbd1fb2adad,81dc4b76-a9b2-48a6-b08e-fff5721dece3,spacer,2,TAGGAGAATATCTTCCTGTTGGTTGACCAT,Flavobacterium columnare,0.2333,0.1667,0.2333,0.3667
88761288-2a2d-403d-ac1a-6de49d0b26e6,81dc4b76-a9b2-48a6-b08e-fff5721dece3,spacer,3,GTTTTTCCTCTAAAACCTCGAAAACACGG,Flavobacterium columnare,0.3103,0.2759,0.1379,0.2759
583c126e-90c9-4028-af5f-fbe8371a0e71,81dc4b76-a9b2-48a6-b08e-fff5721dece3,spacer,4,AAGCGTTTTTTAACTAATTTGATATTTAGA,Flavobacterium columnare,0.3333,0.0667,0.1333,0.4667
f624746b-97cd-4752-be8a-0a609cbfc560,81dc4b76-a9b2-48a6-b08e-fff5721dece3,spacer,5,CCTATGCTGCCTTGGTCAACGGAATAAGAC,Flavobacterium columnare,0.2667,0.2667,0.2333,0.2333
da24f43c-769a-443e-a68d-ad2aae7bc7b6,81dc4b76-a9b2-48a6-b08e-fff5721dece3,spacer,6,TCACGTCGTTAGGTTGATTATTAATACAT,Flavobacterium columnare,0.2759,0.1379,0.1724,0.4138
b6dce26b-8d81-40c8-a1b2-5d3618c2a69a,81dc4b76-a9b2-48a6-b08e-fff5721dece3,spacer,7,GATGTTTTTAATTTGTTTTATTGTATATTT,Flavobacterium columnare,0.2,0.0,0.1333,0.6667
df286661-c33f-4ac1-9ea3-3068cd2a646e,81dc4b76-a9b2-48a6-b08e-fff5721dece3,spacer,8,AGGTGTACCGCCTATATCTTCTAAATTGAT,Flavobacterium columnare,0.2667,0.2,0.1667,0.3667
2b59c3c7-5fc8-4d3d-9428-430b82f401db,81dc4b76-a9b2-48a6-b08e-fff5721dece3,spacer,9,TCTTCCACCGACAATAGTCTAAATAAATCT,Flavobacterium columnare,0.3667,0.2667,0.0667,0.3
015cbad7-3cf9-4ad0-90b2-38ac87623fe7,81dc4b76-a9b2-48a6-b08e-fff5721dece3,spacer,10,TCTTCCACCGACAATAGTCTAAATAAATCT,Flavobacterium columnare,0.3667,0.2667,0.0667,0.3
af1ae878-0504-408f-82fb-e2af7408e93b,81dc4b76-a9b2-48a6-b08e-fff5721dece3,spacer,11,TCAATATGAGGCATGTTAATTCCAGTAAAT,Flavobacterium columnare,0.3667,0.1333,0.1667,0.3333
1e5e586d-c69d-41e4-9dc2-00639d800176,81dc4b76-a9b2-48a6-b08e-fff5721dece3,spacer,12,TATAATACCCTGACGACCAAATCTTTTACA,Flavobacterium columnare,0.3667,0.2667,0.0667,0.3
170cabcb-940a-4303-88b4-38bac949f240,81dc4b76-a9b2-48a6-b08e-fff5721dece3,spacer,13,CTGTCTTACAAAGCAATCCAGTACGTGGA,Flavobacterium columnare,0.3103,0.2414,0.2069,0.2414
e04bb8eb-0745-4056-880a-59610f7cabd8,81dc4b76-a9b2-48a6-b08e-fff5721dece3,spacer,14,TTGCGCAAAATCTGTGATATTGTTTTTAC,Flavobacterium columnare,0.2414,0.1379,0.1724,0.4483
4fee8191-dec8-4eb9-ab56-6b6273423980,0541e37c-3987-469d-bfb0-1b2afeebd22d,spacer,1,ATTTGAGATTGGTGGATTAGCCTTATCAT,Flavobacterium columnare,0.2414,0.1034,0.2414,0.4138
3cb77383-0c33-44ab-8fe6-4fa48d32741f,0541e37c-3987-469d-bfb0-1b2afeebd22d,spacer,2,GTTTTTTGAATAAATAGTTCATAATCGTAA,Flavobacterium columnare,0.3667,0.0667,0.1333,0.4333
0cd66f35-992b-414a-bb5c-174898b222ba,0541e37c-3987-469d-bfb0-1b2afeebd22d,spacer,3,TCTACTGTTTTTATTAACTTGATAAACAGT,Flavobacterium columnare,0.3,0.1333,0.1,0.4667
30918e2d-4b02-479a-bb21-4d4a66a5e4d5,0541e37c-3987-469d-bfb0-1b2afeebd22d,spacer,4,GCATTTGATATTTTATAATTGTTCCGATTT,Flavobacterium columnare,0.2333,0.1,0.1333,0.5333
7e7ab0d3-c884-4d94-a27a-a1992b4c8473,0541e37c-3987-469d-bfb0-1b2afeebd22d,spacer,5,ATAAAATCCATTTTTTCAAAATAATTTAAA,Flavobacterium columnare,0.5,0.1,0.0,0.4
b2bde47d-3442-4295-a69a-31c15f0d6388,0541e37c-3987-469d-bfb0-1b2afeebd22d,spacer,6,TCTATTACAGTGTAATATTCTTCAGGTATT,Flavobacterium columnare,0.2667,0.1333,0.1333,0.4667
2f93ceab-e6e9-41a5-a137-65b08f54e8e3,0541e37c-3987-469d-bfb0-1b2afeebd22d,spacer,7,AGTTAGATTTATATCAAGTATTTTAGCCTG,Flavobacterium columnare,0.3,0.1,0.1667,0.4333
cf60cd7e-0bc6-4adf-a4ab-7e36226fe131,0541e37c-3987-469d-bfb0-1b2afeebd22d,spacer,8,CCTGCTGTAATTGCTGTAATTGCTGAATA,Flavobacterium columnare,0.2414,0.1724,0.2069,0.3793
acfe16ad-99be-4ebf-a68e-652d31ee5bb3,0541e37c-3987-469d-bfb0-1b2afeebd22d,spacer,9,ATTTCTTTTAGTCTTATTCTTTTCTTGAA,Flavobacterium columnare,0.1724,0.1379,0.069,0.6207
4222015e-0033-4695-a36c-78d59df297ac,0541e37c-3987-469d-bfb0-1b2afeebd22d,spacer,10,ATGATAAATAAGTTTTGTATGATGATGTA,Flavobacterium columnare,0.3793,0.0,0.2069,0.4138
6c8b9e11-bc7b-4c28-a065-4a48ed32f047,0541e37c-3987-469d-bfb0-1b2afeebd22d,spacer,11,CGATTAATTTTAGATAAACCAAGAACTTTG,Flavobacterium columnare,0.4,0.1333,0.1333,0.3333
90cb118e-1e90-4f8b-a6ed-001ffefe81cb,0541e37c-3987-469d-bfb0-1b2afeebd22d,spacer,12,TTTTATGTTTTTGACCGTAATCAAAAGATA,Flavobacterium columnare,0.3333,0.1,0.1333,0.4333
24494fc2-fa93-486a-b2c4-57a3d61c2fc6,0541e37c-3987-469d-bfb0-1b2afeebd22d,spacer,13,TCTGAGTACTGAAAATTATAGCCATTGTAA,Flavobacterium columnare,0.3667,0.1333,0.1667,0.3333
b15a55af-a302-47b6-a46f-0b85d1ab8b60,0541e37c-3987-469d-bfb0-1b2afeebd22d,spacer,14,TTTCTAGCTTTAGTCACCTCATCTTTTGAA,Flavobacterium columnare,0.2,0.2333,0.1,0.4667
767ec78e-4db1-4cde-ac54-43cf268cebd5,f38a7c16-7335-4420-bbe8-0a21ac85466d,spacer,1,CCGTTTCTTTCAATAGTTGCTAATAATGT,Flavobacterium columnare,0.2414,0.1724,0.1379,0.4483
bf9e7dd9-22fd-4bf3-b7a6-7e2302b5fc34,f38a7c16-7335-4420-bbe8-0a21ac85466d,spacer,2,TAAATTACCATCATAGTAGAAGTCGTAAAC,Flavobacterium columnare,0.4333,0.1667,0.1333,0.2667
e041c9e1-0b5f-4b0c-9ce3-316ff78f1dfb,f38a7c16-7335-4420-bbe8-0a21ac85466d,spacer,3,TAGTAGTCTTATAGTGTCTGCAATATCTTC,Flavobacterium columnare,0.2333,0.1667,0.1667,0.4333
362c1204-22c4-4e8b-91f4-917e5c0fa4b5,f38a7c16-7335-4420-bbe8-0a21ac85466d,spacer,4,GCGAACAATTTCAAAATGAAAATTTCCACA,Flavobacterium columnare,0.4667,0.2,0.1,0.2333
4f666928-7aff-4e22-93e2-fa0b69ad8949,f38a7c16-7335-4420-bbe8-0a21ac85466d,spacer,5,ACAGCAGCTAACCAAAAAAATAATTTTCC,Flavobacterium columnare,0.4828,0.2414,0.069,0.2069
8558b5f1-f173-4b2f-9cf5-51fb3e41f943,f38a7c16-7335-4420-bbe8-0a21ac85466d,spacer,6,TTCAAATCTTCCATTTTTCTTGTTTTTAAA,Flavobacterium columnare,0.2333,0.1667,0.0333,0.5667
75d9cf08-c72a-4a67-b5fb-9b04afdf701d,f38a7c16-7335-4420-bbe8-0a21ac85466d,spacer,7,TTACACTCACTTAAAGACAGTTCTAAATAT,Flavobacterium columnare,0.4,0.2,0.0667,0.3333
771dfe11-e598-439e-bfc1-3c83e4619d3f,f38a7c16-7335-4420-bbe8-0a21ac85466d,spacer,8,TCTATGACAAAATAGTTGTTCAATGCGTTC,Flavobacterium columnare,0.3,0.1667,0.1667,0.3667
c3e57963-fe62-4b75-892a-e6ee136b1f55,f38a7c16-7335-4420-bbe8-0a21ac85466d,spacer,9,CAACCTGAGAGATATTCAGCTCAAAAATTA,Flavobacterium columnare,0.4333,0.2,0.1333,0.2333
2e55e2f8-3fcc-4220-abca-99b0bb225437,f38a7c16-7335-4420-bbe8-0a21ac85466d,spacer,10,TAATTTAGTTTTCATAATAATTTTATTTAA,Flavobacterium columnare,0.3667,0.0333,0.0333,0.5667
37826096-afba-445f-818e-d558162320e3,f38a7c16-7335-4420-bbe8-0a21ac85466d,spacer,11,GTTTTTTTATAAATTTGTCTCATCATACA,Flavobacterium columnare,0.2759,0.1379,0.069,0.5172
be7b7847-810f-436b-9c3e-05f91e21fbc7,f38a7c16-7335-4420-bbe8-0a21ac85466d,spacer,12,TCATACCAATACAAATAAGTTTTTTCTATA,Flavobacterium columnare,0.4,0.1667,0.0333,0.4
3a97021d-aad5-42f4-bff4-826942e7426e,f38a7c16-7335-4420-bbe8-0a21ac85466d,spacer,13,CAAGGAAATTCTAGAAGCGAATTTTGAATT,Flavobacterium columnare,0.4,0.1,0.2,0.3
0dbfb5a7-8bf7-42e3-9731-c42c83649298,f38a7c16-7335-4420-bbe8-0a21ac85466d,spacer,14,TACAAAATTTTAAATGATAATAAATTTTAT,Flavobacterium columnare,0.5,0.0333,0.0333,0.4333
c0f3a80f-60ae-4264-977b-12bcc4efc6ae,f38a7c16-7335-4420-bbe8-0a21ac85466d,spacer,15,GATTATGCAAGAATTAATAAAATTAGAAAA,Flavobacterium columnare,0.5667,0.0333,0.1333,0.2667
69ba975e-029b-46a7-a8ed-24e7e2c2ccaf,f38a7c16-7335-4420-bbe8-0a21ac85466d,spacer,16,TAAAAGCCTGCTGTTAACAAGTGTTTGCCG,Flavobacterium columnare,0.2667,0.2,0.2333,0.3
74324569-5158-4ad0-9bee-51c9dfa79c65,f38a7c16-7335-4420-bbe8-0a21ac85466d,spacer,17,AATGAGTGGTTGTTTTTCAGTTGTGAAATA,Flavobacterium columnare,0.2667,0.0333,0.2667,0.4333
e11a0715-fd18-433d-97ec-43ff37ccc925,f38a7c16-7335-4420-bbe8-0a21ac85466d,spacer,18,CTTTCTTTCACATTTTCGTACTCCAAATTA,Flavobacterium columnare,0.2333,0.2667,0.0333,0.4667
d435c958-079e-4715-a3c2-b8a622af0f7b,f38a7c16-7335-4420-bbe8-0a21ac85466d,spacer,19,ATTTATTAAGTCTTTTATTAACTTTTTCAA,Flavobacterium columnare,0.3,0.1,0.0333,0.5667
0bbb440f-278b-45c4-a41a-01fe50446948,f38a7c16-7335-4420-bbe8-0a21ac85466d,spacer,20,CAATAACTGAATGACCAAAGCCGTTTGGA,Flavobacterium columnare,0.3793,0.2069,0.2069,0.2069
faddf4b9-10ca-4676-ad50-af485e37cf55,f38a7c16-7335-4420-bbe8-0a21ac85466d,spacer,21,TGATTGTTATCCAATTGAAAATCTTTCATG,Flavobacterium columnare,0.3,0.1333,0.1333,0.4333
c289b5de-c820-4665-bf1a-a3a1073850bb,f38a7c16-7335-4420-bbe8-0a21ac85466d,spacer,22,TGAGATTATTTCTAAATTATATTTTTCCGC,Flavobacterium columnare,0.2667,0.1333,0.1,0.5
925e3746-1226-41cc-af62-c9e7518e6616,f38a7c16-7335-4420-bbe8-0a21ac85466d,spacer,23,GATTTGTTTGACCAAGTTGGATTTGATAA,Flavobacterium columnare,0.2759,0.069,0.2414,0.4138
859dfd00-970a-4822-9684-add21108fde0,f38a7c16-7335-4420-bbe8-0a21ac85466d,spacer,24,TGAAAATTTGATTTTATTCATACCTTTAC,Flavobacterium columnare,0.3103,0.1379,0.069,0.4828
57415579-ce0a-4c75-ab75-033600a5e0ce,f38a7c16-7335-4420-bbe8-0a21ac85466d,spacer,25,ATCAATTAATCTTTGAATTATTGTTTTGTC,Flavobacterium columnare,0.2667,0.1,0.1,0.5333
b3840214-ddff-4238-94d9-db275cace2f0,f38a7c16-7335-4420-bbe8-0a21ac85466d,spacer,26,TCTTTTTATGTGGTATTTTAAATTACCATA,Flavobacterium columnare,0.2667,0.1,0.1,0.5333
e0fec3a3-8b6e-459d-82b6-66ed0202099b,f38a7c16-7335-4420-bbe8-0a21ac85466d,spacer,27,TTCCTTTGGAATCAAATACGCCTATATAT,Flavobacterium columnare,0.3103,0.2069,0.1034,0.3793
0593914c-a2a2-4c1c-a522-fa869ec46b1b,f38a7c16-7335-4420-bbe8-0a21ac85466d,spacer,28,AACTAACGGCCAGTTTGCCGTTTCAGTCAA,Flavobacterium columnare,0.2667,0.2667,0.2,0.2667
578db635-2b14-4111-8ee1-94da5b58ae0d,45804759-36c6-4f11-ad58-690f221d8ca9,spacer,1,TTTAAGCTAATTTTTGATTTAATTCATCAA,Flavobacterium covae,0.3333,0.1,0.0667,0.5
a918783d-1d4d-4474-b3f3-0dc2cd722c7a,45804759-36c6-4f11-ad58-690f221d8ca9,spacer,2,TGCGGTTTTGAATATCTCGGCAACGGGGGTT,Flavobacterium covae,0.1613,0.1613,0.3548,0.3226
5104bc3f-2955-45b4-83e6-b987d1384921,45804759-36c6-4f11-ad58-690f221d8ca9,spacer,3,GTTAGCCTCTCTTTTATAAACTCGTTCGC,Flavobacterium covae,0.1724,0.2759,0.1379,0.4138
d2aa38a3-54f5-4dd8-b0a0-41237c8fcfc2,45804759-36c6-4f11-ad58-690f221d8ca9,spacer,4,TTGGTTGTCTAATTCAAAATACCCAGCTT,Flavobacterium covae,0.2759,0.2069,0.1379,0.3793
0ceef0cf-7e50-405a-9dde-77ff32001011,45804759-36c6-4f11-ad58-690f221d8ca9,spacer,5,TTCCGCTATCTTCTTTTGTGCTTCTGCGAC,Flavobacterium covae,0.0667,0.3,0.1667,0.4667
ce97f5f3-aeb2-4fa3-ac65-f4d26cb7cf29,27b46a6c-fa1b-4bce-a004-1fe1e3973640,spacer,1,CACCTGTGAATTTTGGATATAAAACTGGTTT,Flavobacterium jumunjinense,0.2903,0.129,0.1935,0.3871
ce97f5f3-aeb2-4fa3-ac65-f4d26cb7cf29,27b46a6c-fa1b-4bce-a004-1fe1e3973640,spacer,1,CACCTGTGAATTTTGGATATAAAACTGGTTT,Flavobacterium jumunjinense,0.2903,0.129,0.1935,0.3871
b57834d7-a2fb-41cb-9d2b-e7fd1b200b83,27b46a6c-fa1b-4bce-a004-1fe1e3973640,spacer,2,CCATGTGTTAATTTTAAATTGATGGTAACCG,Flavobacterium jumunjinense,0.2903,0.129,0.1935,0.3871
b57834d7-a2fb-41cb-9d2b-e7fd1b200b83,27b46a6c-fa1b-4bce-a004-1fe1e3973640,spacer,2,CCATGTGTTAATTTTAAATTGATGGTAACCG,Flavobacterium jumunjinense,0.2903,0.129,0.1935,0.3871
359e287c-617b-46ee-89e0-cd7d61d09eff,27b46a6c-fa1b-4bce-a004-1fe1e3973640,spacer,3,TGAGTTAGTTCCCGCACCTGAAACTAAACAA,Flavobacterium jumunjinense,0.3548,0.2581,0.1613,0.2258
359e287c-617b-46ee-89e0-cd7d61d09eff,27b46a6c-fa1b-4bce-a004-1fe1e3973640,spacer,3,TGAGTTAGTTCCCGCACCTGAAACTAAACAA,Flavobacterium jumunjinense,0.3548,0.2581,0.1613,0.2258
78d96895-5095-482d-a071-6da11317b4a8,a2e45554-7938-4c84-8f32-3911a240a9b7,spacer,1,CCATTTGTAAGTAAATAAATCATAAGCATTC,Myroides odoratimimus,0.4194,0.1613,0.0968,0.3226
f3c823c5-e54d-4267-89cb-e576982f3574,a2e45554-7938-4c84-8f32-3911a240a9b7,spacer,2,CCATTTGTAAGTAAATAAATCATAAGCATTC,Myroides odoratimimus,0.4194,0.1613,0.0968,0.3226
c5032b2f-4777-4cc1-bc8c-e454cd1a3d76,a2e45554-7938-4c84-8f32-3911a240a9b7,spacer,3,CTTGTTGTTAAGTTACGTAAAAAATCAAATA,Myroides odoratimimus,0.4194,0.0968,0.129,0.3548
124946d9-d9ad-4cbe-9516-788a1023c42e,a2e45554-7938-4c84-8f32-3911a240a9b7,spacer,4,CACTCTGAATGCGCCTAACTGTGACGCTGTG,Myroides odoratimimus,0.1935,0.2903,0.2581,0.2581
7131feed-cdf1-4eb1-8a7a-52871f845bf4,a2e45554-7938-4c84-8f32-3911a240a9b7,spacer,5,CTTGCGTTTCTAAATTCCATGATCTTAAATT,Myroides odoratimimus,0.2581,0.1935,0.0968,0.4516
2acf33b0-862d-430d-9445-84266060090b,a2e45554-7938-4c84-8f32-3911a240a9b7,spacer,6,TGTTTTATTAGTAGTATTACTATATACCAAG,Myroides odoratimimus,0.3226,0.0968,0.129,0.4516
e9f5070f-1744-4a85-b42f-11192049064e,a2e45554-7938-4c84-8f32-3911a240a9b7,spacer,7,TCGCTTGCATCCTTTTTAACCCCGTCCGTAA,Myroides odoratimimus,0.1613,0.3548,0.129,0.3548
ed85726c-327b-4830-938b-b54fc17c0178,a2e45554-7938-4c84-8f32-3911a240a9b7,spacer,8,CGCTATATCTTCATTTGTGCCTTCTTCTAAC,Myroides odoratimimus,0.1613,0.2903,0.0968,0.4516
16d3a74e-616c-4f3e-8972-4ccc96e928b0,a2e45554-7938-4c84-8f32-3911a240a9b7,spacer,9,CTAGTAACCCATTCTTCTGCTTTAGTCCAAT,Myroides odoratimimus,0.2258,0.2903,0.0968,0.3871
7b36651d-7b6e-49cc-92e5-b845baee8740,aabe0364-08c0-4e0a-b33e-09f2136de991,spacer,1,ATTAACAAGTTCTATCTGATCGATGAATAC,Myroides odoratimimus,0.3667,0.1667,0.1333,0.3333
dcb2b8dd-e757-46ff-a8ac-4eebf0b2e0f5,aabe0364-08c0-4e0a-b33e-09f2136de991,spacer,2,TAGTAACCCATTCTTCTGCTTTAGTCCAAT,Myroides odoratimimus,0.2333,0.2667,0.1,0.4
c01788a3-1793-452d-aed8-171a21b13c97,aabe0364-08c0-4e0a-b33e-09f2136de991,spacer,3,GCTATATCTTCATTTGTGCCTTCTTCTAAC,Myroides odoratimimus,0.1667,0.2667,0.1,0.4667
c597cbb3-738d-49a3-83a0-66512d255a0e,aabe0364-08c0-4e0a-b33e-09f2136de991,spacer,4,GCTATATCTTCATTTGTGCCTTCTTCTAAC,Myroides odoratimimus,0.1667,0.2667,0.1,0.4667
d9b33583-d5f2-4472-9f36-619a6fb77f4a,aabe0364-08c0-4e0a-b33e-09f2136de991,spacer,5,CACAATGACCTTGTTTTGGTTTTATACTAC,Myroides odoratimimus,0.2333,0.2,0.1333,0.4333
72157901-f588-4e62-9913-2800beaf75cb,aabe0364-08c0-4e0a-b33e-09f2136de991,spacer,6,AAGGTTTTAAAGCAATTTGTTTTCCTTTAT,Myroides odoratimimus,0.2667,0.1,0.1333,0.5
bb4683bf-4fb9-4256-9f28-9b7307754f4a,aabe0364-08c0-4e0a-b33e-09f2136de991,spacer,7,CTGAACAATATCTATTTGCTCAGCATACTT,Myroides odoratimimus,0.3,0.2333,0.1,0.3667
8c6fc853-0675-413a-90fc-63afce0a6cd3,aabe0364-08c0-4e0a-b33e-09f2136de991,spacer,8,TCCTTCTGTTCGTTCCAAATGCTTAGTTCT,Myroides odoratimimus,0.1333,0.2667,0.1333,0.4667
43b2bbc7-4a3a-4507-8e09-aeaf4c4fb972,aabe0364-08c0-4e0a-b33e-09f2136de991,spacer,9,TATAACTCCGCTTTCTTCATTTTGTCTATA,Myroides odoratimimus,0.2,0.2333,0.0667,0.5
44bdce16-e294-4bbd-a80e-6313f242315f,aabe0364-08c0-4e0a-b33e-09f2136de991,spacer,10,AGCATGAACTAACTTTGCTTCTCCTTCTTG,Myroides odoratimimus,0.2,0.2667,0.1333,0.4
ac9fc46a-423b-4e0a-ae6a-afa6d12e4807,aabe0364-08c0-4e0a-b33e-09f2136de991,spacer,11,TATTAGCACTAGCTTCACGCACTAAATACT,Myroides odoratimimus,0.3333,0.2667,0.1,0.3
205f64b6-6f54-4552-bd1e-dff504664a90,aabe0364-08c0-4e0a-b33e-09f2136de991,spacer,12,CGCTTTCTTTGTTTTGTATATATATACACT,Myroides odoratimimus,0.2,0.1667,0.1,0.5333
09cd84f2-2f5a-4a71-8b5e-53c70551204d,aabe0364-08c0-4e0a-b33e-09f2136de991,spacer,13,AACTGTTTATTACGTTTGTTTTTCTTAATA,Myroides odoratimimus,0.2333,0.1,0.1,0.5667
f55c6a4d-c8c0-4dd7-9185-13a6b7e54fc3,aabe0364-08c0-4e0a-b33e-09f2136de991,spacer,14,GTACTTAACCAAATCAAACCAGTTTTACCC,Myroides odoratimimus,0.3667,0.3,0.0667,0.2667
1427439c-9c5a-4235-b270-26016f1f2556,aabe0364-08c0-4e0a-b33e-09f2136de991,spacer,15,TCCAAACACAACGCAAATAACTCCTTTGCG,Myroides odoratimimus,0.3667,0.3333,0.1,0.2
f79335cf-b544-40c1-a1a6-cf24062f3f22,aabe0364-08c0-4e0a-b33e-09f2136de991,spacer,16,CTTCGATGTTATGACCTTGTGTACGTACAT,Myroides odoratimimus,0.2,0.2,0.2,0.4
d848c65d-15e3-4f8d-b73f-6568a3158502,b30756bd-25ee-4045-8c49-afb664bc06f5,spacer,1,GCCATTCCATACAAGTTTCAACATCATCAATA,Psychroflexus torquis,0.375,0.2812,0.0625,0.2812
337beb3e-500e-4d48-86ba-0324d233d410,b30756bd-25ee-4045-8c49-afb664bc06f5,spacer,2,GCCAGAATCTAATTGCTGATAAGTGTAACTTG,Psychroflexus torquis,0.3125,0.1562,0.2188,0.3125
feed4f98-aed6-45f4-ab9d-fd588e833637,b30756bd-25ee-4045-8c49-afb664bc06f5,spacer,3,GCACGATGTATTGCCACTATTCAGGCGAATTG,Psychroflexus torquis,0.25,0.2188,0.25,0.2812
28866ad8-a0bc-4fa1-97d6-e7b91d1aeb59,b30756bd-25ee-4045-8c49-afb664bc06f5,spacer,4,GCGTAAGAATGGAAGCTTTAAAACATAAGATT,Psychroflexus torquis,0.4375,0.0938,0.2188,0.25
7934d073-3384-4b47-994f-99428911ee8b,b30756bd-25ee-4045-8c49-afb664bc06f5,spacer,5,GCCTGAGTACCTACTAAACCTTCTGAAAGAGT,Psychroflexus torquis,0.3125,0.25,0.1875,0.25
185176f9-141a-4cba-b5aa-24449feeda9b,b30756bd-25ee-4045-8c49-afb664bc06f5,spacer,6,GCCATAATATTTATTGTATAAAAAAACCGCTT,Psychroflexus torquis,0.4062,0.1562,0.0938,0.3438
34f86e97-0f34-49b2-9a48-9099b943dc7c,913625d9-995a-493d-8d74-ab1e9f20968b,spacer,1,CTCATTTGTTTTTCTTGAGTCGTTTTGAGCG,Porphyromonas gingivalis,0.0968,0.1613,0.2258,0.5161
e51ff7d4-2fab-403b-97f0-610e8cb67d93,913625d9-995a-493d-8d74-ab1e9f20968b,spacer,2,TCATTAAAACGCTAAAAATGGTTCCAAAAT,Porphyromonas gingivalis,0.4667,0.1667,0.1,0.2667
84dfcfbd-9740-4f25-aaa6-355a80faac1e,913625d9-995a-493d-8d74-ab1e9f20968b,spacer,3,ATGTTTAACTTCTTCTTCCTCTCGCTCTTT,Porphyromonas gingivalis,0.1,0.3,0.0667,0.5333
ca9d3d8e-c802-42dd-a3a7-fcb4bb279959,913625d9-995a-493d-8d74-ab1e9f20968b,spacer,4,TTTGATAGCAGGGATAAGCTTTCTCCTCTT,Porphyromonas gingivalis,0.2,0.2,0.2,0.4
ee85349e-abd2-409d-b975-f7ad1714e88e,913625d9-995a-493d-8d74-ab1e9f20968b,spacer,5,TAACTAGAGGAATATTCATTTGGGAAAGAGG,Porphyromonas gingivalis,0.3871,0.0645,0.2903,0.2581
b8ba705a-dc46-4c3d-99db-ca41d80d26ce,913625d9-995a-493d-8d74-ab1e9f20968b,spacer,6,AAGGCTTGAAGGTCTTTGTTGGATATGTCG,Porphyromonas gingivalis,0.2,0.1,0.3333,0.3667
d027431b-6693-4686-aacb-ef60403a57b9,913625d9-995a-493d-8d74-ab1e9f20968b,spacer,7,AAGTTTGATAGTCATTACTTTTTCTTGGCT,Porphyromonas gingivalis,0.2,0.1333,0.1667,0.5
71666a59-9213-4a4c-b026-364aad09ebaf,913625d9-995a-493d-8d74-ab1e9f20968b,spacer,8,AAGTTTGATAGTCATTACTTTTTCTTGGCT,Porphyromonas gingivalis,0.2,0.1333,0.1667,0.5
9e8a899d-030d-448f-ac62-a341dc3e1366,913625d9-995a-493d-8d74-ab1e9f20968b,spacer,9,AAGTTTGATAGTCATTACTTTTTCTTGGCT,Porphyromonas gingivalis,0.2,0.1333,0.1667,0.5
24950345-78c9-4659-a3e2-13eb794587a3,913625d9-995a-493d-8d74-ab1e9f20968b,spacer,10,ATTTACATGACATTCCATGTAAACGCCGCG,Porphyromonas gingivalis,0.3,0.2667,0.1667,0.2667
cda3c3eb-b246-4293-8ea2-4964c385367e,913625d9-995a-493d-8d74-ab1e9f20968b,spacer,11,ACTAAATATCTTCGATAATTCTTCTATTAT,Porphyromonas gingivalis,0.3333,0.1667,0.0333,0.4667
288c64ed-8ddc-4ec5-b010-b2325373a91f,913625d9-995a-493d-8d74-ab1e9f20968b,spacer,12,TATAAGTTACAGCTGGAATCTCAACGGCTT,Porphyromonas gingivalis,0.3,0.2,0.2,0.3
903de919-6a5e-4a41-92d3-10fde2681358,319adc09-d80b-4a7b-81e0-10bddab4ac6a,spacer,1,TGTATAATTTTTATAACAAAAGGTCTCCAT,Porphyromonas gingivalis,0.3667,0.1333,0.1,0.4
e8335fc5-0657-4f1c-8443-db4f72a031b9,319adc09-d80b-4a7b-81e0-10bddab4ac6a,spacer,2,CTTCTTTAATTTGTTTTGCCATGATTTTAT,Porphyromonas gingivalis,0.1667,0.1333,0.1,0.6
c8040da8-5294-4cff-b475-8d8172b48daa,319adc09-d80b-4a7b-81e0-10bddab4ac6a,spacer,3,AAACCAAAAAATTCAAAGTTTTGAGTTGTT,Porphyromonas gingivalis,0.4333,0.1,0.1333,0.3333
ca129774-a825-4180-be4c-518b48b689f4,319adc09-d80b-4a7b-81e0-10bddab4ac6a,spacer,4,TTGATGTCACACCGCCTCAATAGCTCCTCC,Porphyromonas gingivalis,0.2,0.4,0.1333,0.2667
8a63a636-ac21-4e7b-92fd-e043f6638a85,319adc09-d80b-4a7b-81e0-10bddab4ac6a,spacer,5,CAGGTTATGTTTCAGCTTACACTCTGCGTA,Porphyromonas gingivalis,0.2,0.2333,0.2,0.3667
e2609520-2a7b-4580-936b-6f8d7b5e872d,319adc09-d80b-4a7b-81e0-10bddab4ac6a,spacer,6,CAGGTTATGTTTCAGCTTACACTCTGCGTA,Porphyromonas gingivalis,0.2,0.2333,0.2,0.3667
e7893142-5380-4d24-a694-18d689d09db1,319adc09-d80b-4a7b-81e0-10bddab4ac6a,spacer,7,TGCGAGTACTTCTGGGTTCATCGTTTCTTC,Porphyromonas gingivalis,0.1,0.2333,0.2333,0.4333
8c2b045b-f2d3-4140-b1bc-c2e30baeae97,319adc09-d80b-4a7b-81e0-10bddab4ac6a,spacer,8,TACGCTATCATATAGGCTTGGCACTCAGAG,Porphyromonas gingivalis,0.2667,0.2333,0.2333,0.2667
f00d2a1b-507b-4577-96f0-d8d1808c9008,cc38743d-a679-43c9-a2e1-a7705f944c6b,spacer,1,TTTCTTTTTAGTTGCCATAACGGACAAATT,Porphyromonas gingivalis,0.2667,0.1667,0.1333,0.4333
29a4cbe8-3dce-458e-8186-830bed26bb38,cc38743d-a679-43c9-a2e1-a7705f944c6b,spacer,2,ACGCCGAGCCACACACTGATACGATTATAT,Porphyromonas gingivalis,0.3333,0.3,0.1667,0.2
5058f8d6-1d62-4af6-a748-8e524a0680b6,cc38743d-a679-43c9-a2e1-a7705f944c6b,spacer,3,TTCTTTGTTTATCACCCTCACGGAGTTGGC,Porphyromonas gingivalis,0.1333,0.2667,0.2,0.4
f4e6f7af-b9f8-4d97-b97b-d40688e73ccb,cc38743d-a679-43c9-a2e1-a7705f944c6b,spacer,4,CAGTCGCGACTTATCCGCGATCTCTCCAAT,Porphyromonas gingivalis,0.2,0.3667,0.1667,0.2667
646804ac-7b88-4b43-a792-ce7612ba10c1,cc38743d-a679-43c9-a2e1-a7705f944c6b,spacer,5,ATAATAGTTCTGAGGGTAAAAGAGGTAGTA,Porphyromonas gingivalis,0.4,0.0333,0.3,0.2667
86fb122d-f64d-4677-9eca-e9bc9abf908c,e7142057-b18d-4370-aa3b-7c7d30f8d10c,spacer,1,TTTCACTTTTTCTTCTATTCCATCCATCT,Porphyromonas gingivalis,0.1379,0.3103,0.0,0.5517
24580845-30dc-4bb5-83c4-7cb6d228acba,e7142057-b18d-4370-aa3b-7c7d30f8d10c,spacer,2,AGAGGTCTTGGTCAATGATTTCCTTTACT,Porphyromonas gingivalis,0.2069,0.1724,0.2069,0.4138
8c32adad-047b-4364-93aa-9771e54c15f6,e7142057-b18d-4370-aa3b-7c7d30f8d10c,spacer,3,CTCTGTGAGGACGGCAGCGCAGAGCGTAT,Porphyromonas gingivalis,0.2069,0.2414,0.3793,0.1724
38b7667f-91c3-496b-af33-1a56e8b76b0e,e7142057-b18d-4370-aa3b-7c7d30f8d10c,spacer,4,GTTTAGATTGTCTGAAATTACTTCTACGG,Porphyromonas gingivalis,0.2414,0.1379,0.2069,0.4138
e06c5ff0-d529-4243-a7c2-847be441e306,e7142057-b18d-4370-aa3b-7c7d30f8d10c,spacer,5,GTTTCGTTGTAGTCTTCATCGAAGTAACG,Porphyromonas gingivalis,0.2069,0.1724,0.2414,0.3793
e9cd69d1-bb02-4cd8-966a-78ae29022766,e7142057-b18d-4370-aa3b-7c7d30f8d10c,spacer,6,GTTTCGTTGTAGTCTTCATCGAAGTAACG,Porphyromonas gingivalis,0.2069,0.1724,0.2414,0.3793
8e7322a9-e86b-4ce1-94ad-676ee1bcf45b,9a59d1ae-1a91-48fd-b4b7-723725ce5dd6,spacer,1,TCCTCCGCCTTCCTTTCTATTTTCTTCTCT,Porphyromonas gingivalis,0.0333,0.4,0.0333,0.5333
9ebdb0c9-19c6-4039-b7de-20c6ae56a175,9a59d1ae-1a91-48fd-b4b7-723725ce5dd6,spacer,2,GACTGCTCCGGGCTAAATTTCCCTGTCTCT,Porphyromonas gingivalis,0.1333,0.3333,0.2,0.3333
a78cadfa-672b-4006-8db9-1243ee867672,9a59d1ae-1a91-48fd-b4b7-723725ce5dd6,spacer,3,ATCTCCCCATTCTCGACACGAAGTCCCTCT,Porphyromonas gingivalis,0.2,0.4333,0.1,0.2667
9a5f1ff6-7b6a-4f22-a0db-69058ed22793,9a59d1ae-1a91-48fd-b4b7-723725ce5dd6,spacer,4,CCTTTGATTTGAAGAAATCTTTAATAGAAG,Porphyromonas gingivalis,0.3667,0.1,0.1667,0.3667
e69b56a6-02c7-40ae-96e6-8afcf37e5eec,9a59d1ae-1a91-48fd-b4b7-723725ce5dd6,spacer,5,TTTTTAGAAGATTTCCAATAAATTGTTTTG,Porphyromonas gingivalis,0.3,0.0667,0.1333,0.5
3e11215c-5d50-4cb9-8770-0766f8522cdc,9a59d1ae-1a91-48fd-b4b7-723725ce5dd6,spacer,6,TAGTCAAGCATCTTGCCAATCGTATCAACT,Porphyromonas gingivalis,0.3,0.2667,0.1333,0.3
a68fc43f-09be-48fa-8558-d94a82da7a9a,9c0e2cb3-8977-4667-9158-13dca78bcd9b,spacer,1,CTTTAGTGTTCTATTAACTCGTCTGATTGA,Porphyromonas gingivalis,0.2,0.1667,0.1667,0.4667
01813843-3481-4ebc-b6c2-c37a9b735ebb,9c0e2cb3-8977-4667-9158-13dca78bcd9b,spacer,2,CTACGACGTCGATAAACATGTCTTCAGAAG,Porphyromonas gingivalis,0.3333,0.2333,0.2,0.2333
fdd7324c-72ea-4869-92fd-4b94e8c8d8f0,9c0e2cb3-8977-4667-9158-13dca78bcd9b,spacer,3,AGGAGGAAGTTGTTTATCATCACCAATAAA,Porphyromonas gingivalis,0.4,0.1333,0.2,0.2667
261d7f3e-3957-4cec-b2f3-b0f4d3bd88cf,9c0e2cb3-8977-4667-9158-13dca78bcd9b,spacer,4,CTTTTACATATTTTTCAGTGGCTTTTATAA,Porphyromonas gingivalis,0.2333,0.1333,0.1,0.5333
c98777c1-26d3-482c-a183-5f2d85ac845f,9c0e2cb3-8977-4667-9158-13dca78bcd9b,spacer,5,AACCGAAATAGGCCGTATCATCGTCCATCA,Porphyromonas gingivalis,0.3333,0.3,0.1667,0.2
f2f2eb42-024a-4ad2-8963-6176bf035eb6,a16f006c-bea0-4e5e-9d3f-eb84ffa8ab84,spacer,1,CTTTAGTGTTCTATTAACTCGTCTGATTG,Porphyromonas gingivalis,0.1724,0.1724,0.1724,0.4828
1f7a2966-22e6-4791-8428-df033b13e612,a16f006c-bea0-4e5e-9d3f-eb84ffa8ab84,spacer,2,AGGAGGAAGTTGTTTATCATCACCAATAA,Porphyromonas gingivalis,0.3793,0.1379,0.2069,0.2759
9a003490-e677-44a5-baff-6a96a80745c4,a16f006c-bea0-4e5e-9d3f-eb84ffa8ab84,spacer,3,AACCGAAATAGGCCGTATCATCGTCCATC,Porphyromonas gingivalis,0.3103,0.3103,0.1724,0.2069
1f856ff3-fd85-4ba8-8da8-a12885cfae5e,f5dfdc2c-0704-4c18-a8a1-0e88de9bd2f3,spacer,1,ATTTTCAGTAAGATTAAAATGTTCTCTGT,Porphyromonas gingivalis,0.3103,0.1034,0.1379,0.4483
902fddae-61a7-4b46-ae17-88a7a0c7dce5,f5dfdc2c-0704-4c18-a8a1-0e88de9bd2f3,spacer,2,CATGACGTTGTATTGCATCGACCGTATCGA,Porphyromonas gingivalis,0.2333,0.2333,0.2333,0.3
a30049da-8a1a-4f6d-ac9f-d99bf380a071,f5dfdc2c-0704-4c18-a8a1-0e88de9bd2f3,spacer,3,TGGGGAAACGCTCTGATAGGATCAGAATGT,Porphyromonas gingivalis,0.3,0.1333,0.3333,0.2333
a6635fc9-11b8-4cbd-874a-aae0e2973722,f5dfdc2c-0704-4c18-a8a1-0e88de9bd2f3,spacer,4,TCATCAGGTGGTGATGATGTCTGGATTGCC,Porphyromonas gingivalis,0.1667,0.1667,0.3333,0.3333
c813b8f2-2336-465a-b621-52dab0b5891b,f5dfdc2c-0704-4c18-a8a1-0e88de9bd2f3,spacer,5,AAGGGCGAAACTGTACTCGACATCTGCAGC,Porphyromonas gingivalis,0.3,0.2667,0.2667,0.1667
c3574ecc-ac68-490a-957f-3267fbd1c7a0,f5dfdc2c-0704-4c18-a8a1-0e88de9bd2f3,spacer,6,TTTTTTGTTTTCATACTATGTATGTTTTTG,Porphyromonas gingivalis,0.1333,0.0667,0.1333,0.6667
b1e10a59-6cdb-44d4-aadd-98bcf1832a07,f5dfdc2c-0704-4c18-a8a1-0e88de9bd2f3,spacer,7,AGTTTGAATATAGACGGTTTTTTATCATTA,Porphyromonas gingivalis,0.3,0.0667,0.1667,0.4667
84e11569-9bb5-4013-bc8e-a651bea14fc1,f5dfdc2c-0704-4c18-a8a1-0e88de9bd2f3,spacer,8,CTAACCCAAAGGCATAAGAGTTGGCGATTT,Porphyromonas gingivalis,0.3333,0.2,0.2333,0.2333
65a1c4f7-292b-4f3b-9925-5269e9ea959e,f5dfdc2c-0704-4c18-a8a1-0e88de9bd2f3,spacer,9,GATAAATACTCTAAGTCTTCAGCCTCCTCT,Porphyromonas gingivalis,0.2667,0.3,0.1,0.3333
64451384-45f9-429f-b64b-76ea18b823cd,c4337b6a-a5c3-4e6e-8609-d76e2db45ba4,spacer,1,CAATTCATCGGAAGCAAACCGTATGGTGTT,Porphyromonas gingivalis,0.3,0.2,0.2333,0.2667
a3fa0995-2c9a-4159-ba35-8c3e6b72c625,c4337b6a-a5c3-4e6e-8609-d76e2db45ba4,spacer,2,AAGGGAGGAATGACAGAGGAGAAGGTGGCT,Porphyromonas gingivalis,0.3667,0.0667,0.4667,0.1
abcfe9fd-6445-46a7-8cdd-21e0eb831c0b,c4337b6a-a5c3-4e6e-8609-d76e2db45ba4,spacer,3,GATATTAGAGTTAGCCATTTCCCCTACAAC,Porphyromonas gingivalis,0.3,0.2667,0.1333,0.3
8a05966c-2bb2-4a71-9d81-ef688fbd5933,c4337b6a-a5c3-4e6e-8609-d76e2db45ba4,spacer,4,CCAGAATCTTTACCAAAATGATGAGTAATA,Porphyromonas gingivalis,0.4333,0.1667,0.1333,0.2667
a4d9cb7a-95eb-495b-9f45-0e2519215d7e,c4337b6a-a5c3-4e6e-8609-d76e2db45ba4,spacer,5,CGAATACAGCTTACCCATATTCAGTACGAA,Porphyromonas gingivalis,0.3667,0.2667,0.1333,0.2333
4a478f47-14fb-496d-8ae1-faab5140cbc0,c4337b6a-a5c3-4e6e-8609-d76e2db45ba4,spacer,6,ACAATACAATCAGATTTAACAAAACTTACA,Porphyromonas gingivalis,0.5333,0.2,0.0333,0.2333
9355db0c-a675-4a13-9798-ee285a1b86e6,c4337b6a-a5c3-4e6e-8609-d76e2db45ba4,spacer,7,GCAAAGATTGTCACTTCTATTTACATGATA,Porphyromonas gingivalis,0.3333,0.1667,0.1333,0.3667
017dbca9-2677-4c45-9419-4bdfd4a74f35,d5ef5a16-746c-465d-a8e4-a619e897a486,spacer,1,GGTATTCCTGATCCCCGATGCGGATTTTTT,Porphyromonas gingivalis,0.1333,0.2333,0.2333,0.4
1a389215-b0f4-45d5-9897-e1fc57be24cd,d5ef5a16-746c-465d-a8e4-a619e897a486,spacer,2,GTCTTGCTTAGCCCTGCGAGCGTCTTCGTC,Porphyromonas gingivalis,0.0667,0.3333,0.2667,0.3333
3bc3a1bf-f025-4bc5-a723-5b4d5010139f,d5ef5a16-746c-465d-a8e4-a619e897a486,spacer,3,CTCTTCGTAATTGATCGGCTGATTGGAGTC,Porphyromonas gingivalis,0.1667,0.2,0.2667,0.3667
314b12ae-f7e5-45c6-b5f9-934c186205ea,d5ef5a16-746c-465d-a8e4-a619e897a486,spacer,4,TGAGTAAGAAGATGGGTTGTGCTTTGCGCA,Porphyromonas gingivalis,0.2333,0.1,0.3667,0.3
0188a804-ae2f-40fb-af97-a010572f5c64,d5ef5a16-746c-465d-a8e4-a619e897a486,spacer,5,GGATATATCCGTCTGCATATCTTCGGCGTT,Porphyromonas gingivalis,0.1667,0.2333,0.2333,0.3667
a641ae1f-e170-4910-af90-81e074bfb489,d5ef5a16-746c-465d-a8e4-a619e897a486,spacer,6,TAAGTTGTGCTCTCGCAAAAGCTATACTTT,Porphyromonas gingivalis,0.2667,0.2,0.1667,0.3667
8cec24d6-2920-41bc-8fa6-ad57cba851b9,d5ef5a16-746c-465d-a8e4-a619e897a486,spacer,7,AACCTTTTGCTTGTTTTCGTTGTTTGTCTC,Porphyromonas gingivalis,0.0667,0.2,0.1667,0.5667
d97cf21b-8cd8-4698-bd8c-3f4f5bc7de74,d5ef5a16-746c-465d-a8e4-a619e897a486,spacer,8,CGAACGGCTGAAATCCTACGAAGCACAGGG,Porphyromonas gingivalis,0.3333,0.2667,0.3,0.1
6092fab9-d78f-497e-b6d6-8c6b6d31fe76,d5ef5a16-746c-465d-a8e4-a619e897a486,spacer,9,CCGGAGCTGGTTCTGGATCAGGAGCACCAG,Porphyromonas gingivalis,0.2,0.2667,0.3667,0.1667
44188ada-8e0f-4359-aef2-c86c034c1920,d5ef5a16-746c-465d-a8e4-a619e897a486,spacer,10,AGTATTTCTGGTTTCATCGTTTCTTCTGTT,Porphyromonas gingivalis,0.1,0.1667,0.1667,0.5667
7ae0ec20-3867-47aa-877d-ec3c73b47921,d5ef5a16-746c-465d-a8e4-a619e897a486,spacer,11,GCAGCCGAAACAATCGCGCAACCGGTATTC,Porphyromonas gingivalis,0.3,0.3333,0.2333,0.1333
ad669f4e-3355-4b8d-9708-7aeb2a689fc6,d5ef5a16-746c-465d-a8e4-a619e897a486,spacer,12,TCCCGCTTGGCACACGGCAAACACGAACCT,Porphyromonas gingivalis,0.2667,0.4,0.2,0.1333
f63f716f-8532-41a1-ba99-325be4437ce8,d5ef5a16-746c-465d-a8e4-a619e897a486,spacer,13,CCAGATATAGCCTCCGCCACAGTGCTACCCGA,Porphyromonas gingivalis,0.25,0.4062,0.1875,0.1562
8ac16d43-fc36-4542-8a35-2694b76af08d,d5ef5a16-746c-465d-a8e4-a619e897a486,spacer,14,CGATTGTATTGCTTCCACGCACCTCTTCTT,Porphyromonas gingivalis,0.1333,0.3333,0.1333,0.4
5911937d-2b9c-4e9f-80d6-7fef8ce4711b,d5ef5a16-746c-465d-a8e4-a619e897a486,spacer,15,TCCAATGCGTGTTTGAGCGCTTTCCACTTT,Porphyromonas gingivalis,0.1333,0.2667,0.2,0.4
3f3976d7-feeb-4c2c-9d22-b1f774a8e57f,294a714c-e4ed-4e88-bd79-a246ffbab39b,spacer,1,TCCTCCGCCTTCCTTTCTATTTTCTTCTCT,Porphyromonas gingivalis,0.0333,0.4,0.0333,0.5333
b33b7638-4a9f-492c-8f9c-3941660440f6,294a714c-e4ed-4e88-bd79-a246ffbab39b,spacer,2,GACTGCTCCGGGCTAAATTTCCCTGTCTCT,Porphyromonas gingivalis,0.1333,0.3333,0.2,0.3333
88249129-86e6-4cb1-b77a-46cbc87ce67e,294a714c-e4ed-4e88-bd79-a246ffbab39b,spacer,3,ATCTCCCCATTCTCGACACGAAGTCCCTCT,Porphyromonas gingivalis,0.2,0.4333,0.1,0.2667
d38380dc-c787-4c92-aaba-28a6dd62d193,294a714c-e4ed-4e88-bd79-a246ffbab39b,spacer,4,CCTTTGATTTGAAGAAATCTTTAATAGAAG,Porphyromonas gingivalis,0.3667,0.1,0.1667,0.3667
95592216-d597-45d5-80f8-228a4514598c,294a714c-e4ed-4e88-bd79-a246ffbab39b,spacer,5,TTTTTAGAAGATTTCCAATAAATTGTTTTG,Porphyromonas gingivalis,0.3,0.0667,0.1333,0.5
3671118b-6ae0-4ddd-b12f-2bcc20824872,294a714c-e4ed-4e88-bd79-a246ffbab39b,spacer,6,TAGTCAAGCATCTTGCCAATCGTATCAACT,Porphyromonas gingivalis,0.3,0.2667,0.1333,0.3
41c87036-4b1d-4648-8dfb-e3b5085915bc,6ada6464-f08c-41af-96ee-4f69a6110c2e,spacer,1,GATGTGGCTGTAGATGCACTCTTCCGCAAA,Porphyromonas gingivalis,0.2333,0.2333,0.2667,0.2667
4148028e-a108-4c35-877a-12aa11f4bf59,6ada6464-f08c-41af-96ee-4f69a6110c2e,spacer,2,GAAGTGGCCAATGTTCGATAGGCTGCTCAG,Porphyromonas gingivalis,0.2333,0.2,0.3333,0.2333
bf975cee-f9bc-44f8-b8d4-8395c5a88a39,6ada6464-f08c-41af-96ee-4f69a6110c2e,spacer,3,ACTGCCATATTATATAAGTGTGATTATTTT,Porphyromonas gingivalis,0.3,0.1,0.1333,0.4667
d1cebb76-a7d5-4b06-84ac-71d068edac79,9c3c6774-de90-4d29-92fc-b2d4424995b8,spacer,1,TGTTTCGTTGTAGTCTTCATCGAAGTAACG,Porphyromonas gingivalis,0.2,0.1667,0.2333,0.4
c7b5b787-3dda-47ac-bc75-662aaead4cff,9c3c6774-de90-4d29-92fc-b2d4424995b8,spacer,2,GGCAAAGGATTACTATATTTTACCTTATTA,Porphyromonas gingivalis,0.3333,0.1333,0.1333,0.4
ddac2189-b7b5-4885-9f4c-6c7cbf353b7e,9c3c6774-de90-4d29-92fc-b2d4424995b8,spacer,3,CAAGTGGAATTAATCTTTTTTCTTCTTTAC,Porphyromonas gingivalis,0.2333,0.1667,0.1,0.5
3f2b67ce-19eb-4b83-b652-d46a68b093b0,9c3c6774-de90-4d29-92fc-b2d4424995b8,spacer,4,TCCATTTACTAACTCGTGTAGCACGAGTAG,Porphyromonas gingivalis,0.2667,0.2333,0.2,0.3
c1ff7c69-48d6-486f-98a3-23be32fc2aa7,d6f07ac6-922d-4baa-b826-9373874f198d,spacer,1,TCCCATTTTTGAGCCAAATCTGATACAAAT,Porphyromonas gingivalis,0.3333,0.2333,0.1,0.3333
507ca037-a4e7-4aed-b99e-6d7e099508c6,d6f07ac6-922d-4baa-b826-9373874f198d,spacer,2,TACAACATCTTTAGTAATTTCTTTAGTAAT,Porphyromonas gingivalis,0.3333,0.1333,0.0667,0.4667
efae9f71-1fba-40eb-95e6-aef811e52d74,d6f07ac6-922d-4baa-b826-9373874f198d,spacer,3,GTTGTCCCAAGCCTGAACGGTAGCGTTGTC,Porphyromonas gingivalis,0.1667,0.2667,0.3,0.2667
2f2e6b6d-7bc7-4d06-87b2-e6af402c8b3f,d6f07ac6-922d-4baa-b826-9373874f198d,spacer,4,AAACGCATCGTTATAAGTTTTTGTGATTGC,Porphyromonas gingivalis,0.2667,0.1333,0.2,0.4
987f103e-1a1a-4110-b2aa-beae76953a39,d6f07ac6-922d-4baa-b826-9373874f198d,spacer,5,GTTGTCCCAAGCCTGAACGGTAGCGTTGTC,Porphyromonas gingivalis,0.1667,0.2667,0.3,0.2667
0e267d68-f84c-40b9-91c3-d4b9888662b7,d6f07ac6-922d-4baa-b826-9373874f198d,spacer,6,AAACGCATCGTTATAAGTTTTTGTGATTGC,Porphyromonas gingivalis,0.2667,0.1333,0.2,0.4
29f07819-0f35-4df7-93df-d2581fdb0428,d6f07ac6-922d-4baa-b826-9373874f198d,spacer,7,ACCTTTTCTTCCACATCCTCAGGAGCAGGA,Porphyromonas gingivalis,0.2333,0.3333,0.1667,0.2667
a031232c-2128-45e7-8bab-15d3e42d43ca,a93b84a7-df12-4386-ad5d-907abfeafc46,spacer,1,TATATGCAAGTAGAACAGCGATGATTATTA,Porphyromonas gingivalis,0.4,0.1,0.2,0.3
eabff3d0-e4d8-4686-ad17-b7493bb3d4bf,a93b84a7-df12-4386-ad5d-907abfeafc46,spacer,2,AGACTAAAAAAATGAAAGAAATTATCAAAG,Porphyromonas gingivalis,0.6333,0.0667,0.1333,0.1667
9aae693a-d902-4e26-9c3f-0b201dbf3cbc,a93b84a7-df12-4386-ad5d-907abfeafc46,spacer,3,TTCGGGAGATCTTAAACTTTTCATCTTTTA,Porphyromonas gingivalis,0.2333,0.1667,0.1333,0.4667
cacb5171-703e-44ba-a2cf-983090b4bf0b,a93b84a7-df12-4386-ad5d-907abfeafc46,spacer,4,TCTCAAGCCCTGCTCTCCGCATCAAAGGAT,Porphyromonas gingivalis,0.2333,0.3667,0.1667,0.2333
28de9ff0-c838-4614-87fd-92806e6cf666,a93b84a7-df12-4386-ad5d-907abfeafc46,spacer,5,CTGCTAATCTTTCCATTTTGTTATTCTGAA,Porphyromonas gingivalis,0.2,0.2,0.1,0.5
8f27b7a7-93a0-42fe-875e-aad0254b988a,a93b84a7-df12-4386-ad5d-907abfeafc46,spacer,6,CTGCTAATCTTTCCATTTTGTTATTCTGAA,Porphyromonas gingivalis,0.2,0.2,0.1,0.5
f4502510-70e1-4baf-9b74-3f820b554c41,a93b84a7-df12-4386-ad5d-907abfeafc46,spacer,7,AGCGAATCAAAGTTAAGGCTTAGGGTATAT,Porphyromonas gingivalis,0.3667,0.1,0.2667,0.2667
29b4d75e-eaa9-409c-89dd-a0d356b15885,a93b84a7-df12-4386-ad5d-907abfeafc46,spacer,8,CGTCAGTATATCACACGAGTATTCATCGAT,Porphyromonas gingivalis,0.3,0.2333,0.1667,0.3
970d387b-5d0e-43d7-b49e-e71b5d48ec04,a93b84a7-df12-4386-ad5d-907abfeafc46,spacer,9,TAACACAGATATTTGGTTTATTATAAGCGT,Porphyromonas gingivalis,0.3333,0.1,0.1667,0.4
98f83b40-5abe-40ff-a588-20c39aefc42e,a93b84a7-df12-4386-ad5d-907abfeafc46,spacer,10,TCCGATTTTCTTCAGTGGCCGCAATTCCTG,Porphyromonas gingivalis,0.1333,0.3,0.2,0.3667
5bdb8661-d9d4-47ee-8926-a11c5ea77654,560ca009-6bba-43f1-b40d-1cc5a7b463cc,spacer,1,TATATGCAAGTAGAACAGCGATGATTATTA,Porphyromonas gingivalis,0.4,0.1,0.2,0.3
d80b74d3-1202-4b9b-84e2-924ad2bc7bf7,560ca009-6bba-43f1-b40d-1cc5a7b463cc,spacer,2,AGACTAAAAAAATGAAAGAAATTATCAAAG,Porphyromonas gingivalis,0.6333,0.0667,0.1333,0.1667
629a81c3-70ef-4917-a88e-da5370030e05,560ca009-6bba-43f1-b40d-1cc5a7b463cc,spacer,3,TTCGGGAGATCTTAAACTTTTCATCTTTTA,Porphyromonas gingivalis,0.2333,0.1667,0.1333,0.4667
4888c053-a1a2-4f71-bbfb-06fbff87ea03,560ca009-6bba-43f1-b40d-1cc5a7b463cc,spacer,4,TCTCAAGCCCTGCTCTCCGCATCAAAGGAT,Porphyromonas gingivalis,0.2333,0.3667,0.1667,0.2333
c526e07a-045c-45dc-9e00-e27f42b2e793,560ca009-6bba-43f1-b40d-1cc5a7b463cc,spacer,5,CTGCTAATCTTTCCATTTTGTTATTCTGAA,Porphyromonas gingivalis,0.2,0.2,0.1,0.5
039356fe-d573-490b-9a58-2eaf13915f51,560ca009-6bba-43f1-b40d-1cc5a7b463cc,spacer,6,CTGCTAATCTTTCCATTTTGTTATTCTGAA,Porphyromonas gingivalis,0.2,0.2,0.1,0.5
bc0416bb-1516-494e-a366-ad35b783bfcb,560ca009-6bba-43f1-b40d-1cc5a7b463cc,spacer,7,AGCGAATCAAAGTTAAGGCTTAGGGTATAT,Porphyromonas gingivalis,0.3667,0.1,0.2667,0.2667
564f2735-3b9a-475f-bebd-ae392bd1bd67,560ca009-6bba-43f1-b40d-1cc5a7b463cc,spacer,8,CGTCAGTATATCACACGAGTATTCATCGAT,Porphyromonas gingivalis,0.3,0.2333,0.1667,0.3
b81570fe-051a-4be5-aed0-0ab67dba3113,560ca009-6bba-43f1-b40d-1cc5a7b463cc,spacer,9,TAACACAGATATTTGGTTTATTATAAGCGT,Porphyromonas gingivalis,0.3333,0.1,0.1667,0.4
71a82fb3-8cbb-4442-8be7-e0d33037b3d3,560ca009-6bba-43f1-b40d-1cc5a7b463cc,spacer,10,TCCGATTTTCTTCAGTGGCCGCAATTCCTG,Porphyromonas gingivalis,0.1333,0.3,0.2,0.3667
94adce58-6212-48bd-9e92-3a82fb7cad8a,8161407a-8629-493b-861f-14f30d63bacb,spacer,1,AAAGTCTGTTAATTCATAAGTAGTGGGTGT,Porphyromonas gingivalis,0.3,0.0667,0.2667,0.3667
11390757-765c-4865-840f-dc8f9f152c3c,8161407a-8629-493b-861f-14f30d63bacb,spacer,2,GATGCGGACAACGTCCCTGTACTCCGTCTT,Porphyromonas gingivalis,0.1667,0.3333,0.2333,0.2667
4e0a8873-2460-4f22-a22f-864aebf3bbe5,8161407a-8629-493b-861f-14f30d63bacb,spacer,3,TTCTTGTCGAAGTAAAACATCTTGCCTCCA,Porphyromonas gingivalis,0.2667,0.2667,0.1333,0.3333
f5a00195-9d58-43b1-b0c7-05f0c898e946,0015c9d4-7e77-438c-b8d9-77025011ddb8,spacer,1,TTTCCGACCTTTTTTCTTGCGTGCCGGACT,Porphyromonas gingivalis,0.0667,0.3,0.2,0.4333
8a2b2ac6-712a-4531-9481-4191039dbcb3,0015c9d4-7e77-438c-b8d9-77025011ddb8,spacer,2,ACGAGAGAAACTATGCTTAAATTGCTCTTC,Porphyromonas gingivalis,0.3333,0.2,0.1667,0.3
a843e56a-07df-4fc0-9ed3-a90c5294b5a3,0015c9d4-7e77-438c-b8d9-77025011ddb8,spacer,3,ATCGCGTTCTCGTGACCGCGCCGCCGCGCC,Porphyromonas gingivalis,0.0667,0.4667,0.3,0.1667
9c205045-c462-4337-bb0d-2c926024da6d,0015c9d4-7e77-438c-b8d9-77025011ddb8,spacer,4,CACTAACTTCGTCGTACTTTCTCTTTTTTG,Porphyromonas gingivalis,0.1333,0.2667,0.1,0.5
564503ca-afbe-42d6-bcae-3e3f4df73d79,0015c9d4-7e77-438c-b8d9-77025011ddb8,spacer,5,AAGTACATTGAATTGCATAGTTATAAATCC,Porphyromonas gingivalis,0.4,0.1333,0.1333,0.3333
64f2d3c1-9320-408c-82ce-91de21c0347c,0015c9d4-7e77-438c-b8d9-77025011ddb8,spacer,6,TTAATAGCGATGATTTCTCCTAAACCTCTA,Porphyromonas gingivalis,0.3,0.2333,0.1,0.3667
7b1d2f84-5f14-4622-8e2d-f7f794cb7b2a,0015c9d4-7e77-438c-b8d9-77025011ddb8,spacer,7,ACGAGAGAAACTATGCTTAAATTGCTCTTC,Porphyromonas gingivalis,0.3333,0.2,0.1667,0.3
0248d257-ac66-494f-b6af-6ca44015d18e,0015c9d4-7e77-438c-b8d9-77025011ddb8,spacer,8,TGTTTTTTCTTTTATTTTTGTTGTAGTTTT,Porphyromonas gingivalis,0.0667,0.0333,0.1333,0.7667
baf04a3e-6740-4e0f-ab12-1c898c4f51b2,0015c9d4-7e77-438c-b8d9-77025011ddb8,spacer,9,TCCGGACGTTCTACTATCTTATCAACTAAA,Porphyromonas gingivalis,0.3,0.2667,0.1,0.3333
e73000c3-499a-4510-9929-253e17e4dc61,0015c9d4-7e77-438c-b8d9-77025011ddb8,spacer,10,TTGTCTGTAGATAGAACAACTCTAATATAA,Porphyromonas gingivalis,0.4,0.1333,0.1333,0.3333
f9ad2531-b722-4bda-b723-5b003cec4bed,0015c9d4-7e77-438c-b8d9-77025011ddb8,spacer,11,GTTGGAAGAAGTATGCGCGAAGATCCCTTT,Porphyromonas gingivalis,0.2667,0.1667,0.3,0.2667
3696029d-0904-4238-9165-f7f4d6c47160,f5e1e72c-4056-42c7-83ac-da7c12daddde,spacer,1,TTTCCGACCTTTTTTCTTGCGTGCCGGACT,Porphyromonas gingivalis,0.0667,0.3,0.2,0.4333
136fdfb8-51c7-4f35-aeaf-afa268cb15d3,f5e1e72c-4056-42c7-83ac-da7c12daddde,spacer,2,ACGAGAGAAACTATGCTTAAATTGCTCTTC,Porphyromonas gingivalis,0.3333,0.2,0.1667,0.3
3559e19e-b6a7-4ea3-9645-5538d331e92e,f5e1e72c-4056-42c7-83ac-da7c12daddde,spacer,3,ATCGCGTTCTCGTGACCGCGCCGCCGCGCC,Porphyromonas gingivalis,0.0667,0.4667,0.3,0.1667
a01b97c4-1d30-48a1-a77d-dfe152e29c2d,f5e1e72c-4056-42c7-83ac-da7c12daddde,spacer,4,CACTAACTTCGTCGTACTTTCTCTTTTTTG,Porphyromonas gingivalis,0.1333,0.2667,0.1,0.5
48b2a7f5-b7a0-4967-a3ee-809a5dcd4bb8,f5e1e72c-4056-42c7-83ac-da7c12daddde,spacer,5,AAGTACATTGAATTGCATAGTTATAAATCC,Porphyromonas gingivalis,0.4,0.1333,0.1333,0.3333
864cb6a6-75bf-4ee7-bcb5-e112702d9544,f5e1e72c-4056-42c7-83ac-da7c12daddde,spacer,6,TTAATAGCGATGATTTCTCCTAAACCTCTA,Porphyromonas gingivalis,0.3,0.2333,0.1,0.3667
0a91d849-22b1-411a-ab2b-be38658c79a3,f5e1e72c-4056-42c7-83ac-da7c12daddde,spacer,7,ACGAGAGAAACTATGCTTAAATTGCTCTTC,Porphyromonas gingivalis,0.3333,0.2,0.1667,0.3
1ce03fe5-79e9-4b58-9e3b-dcc7a3b50311,f5e1e72c-4056-42c7-83ac-da7c12daddde,spacer,8,TGTTTTTTCTTTTATTTTTGTTGTAGTTTT,Porphyromonas gingivalis,0.0667,0.0333,0.1333,0.7667
a78e8e32-2fe9-403f-87b7-95e7d4c5860a,f5e1e72c-4056-42c7-83ac-da7c12daddde,spacer,9,TCCGGACGTTCTACTATCTTATCAACTAAA,Porphyromonas gingivalis,0.3,0.2667,0.1,0.3333
ec699ff8-da51-44bc-a05d-77a16f5b47c4,f5e1e72c-4056-42c7-83ac-da7c12daddde,spacer,10,TTGTCTGTAGATAGAACAACTCTAATATAA,Porphyromonas gingivalis,0.4,0.1333,0.1333,0.3333
8a94782e-bf50-4b3b-91d4-ccf7dec3cd21,f5e1e72c-4056-42c7-83ac-da7c12daddde,spacer,11,GTTGGAAGAAGTATGCGCGAAGATCCCTTT,Porphyromonas gingivalis,0.2667,0.1667,0.3,0.2667
d3499ae8-58ca-41e3-9439-9ad193d01d12,db2b4dab-3497-42bb-95a0-e5e083d0d5b9,spacer,1,GATGTGGCTGTAGATGCACTCTTCCGCAAA,Porphyromonas gingivalis,0.2333,0.2333,0.2667,0.2667
779a4c58-88c0-4771-9941-d56b5f5c32a5,db2b4dab-3497-42bb-95a0-e5e083d0d5b9,spacer,2,GAAGTGGCCAATGTTCGATAGGCTGCTCAG,Porphyromonas gingivalis,0.2333,0.2,0.3333,0.2333
d1e18c44-f9df-45fa-ab70-09d67f7e1a75,db2b4dab-3497-42bb-95a0-e5e083d0d5b9,spacer,3,ACTGCCATATTATATAAGTGTGATTATTTT,Porphyromonas gingivalis,0.3,0.1,0.1333,0.4667
068388e2-bfc1-4960-82e6-db4342f261c7,74c4241e-2142-4740-9d83-976419565093,spacer,1,AGTCGATTAGCTCGTCCGCCGACACGTCTT,Porphyromonas gingivalis,0.1667,0.3333,0.2333,0.2667
e4c82690-8335-4928-9662-55bc9a3e357d,74c4241e-2142-4740-9d83-976419565093,spacer,2,GATGCGGACAACGTCCCTGTACTCCGTCTT,Porphyromonas gingivalis,0.1667,0.3333,0.2333,0.2667
2a9fd881-55e7-4e40-acbe-ac1e0a36a7aa,74c4241e-2142-4740-9d83-976419565093,spacer,3,TATAAAGGTTTGTTCAAGGAATGTGCTACC,Porphyromonas gingivalis,0.3,0.1333,0.2333,0.3333
b650297d-983c-432d-91f5-5b894d3f3177,74c4241e-2142-4740-9d83-976419565093,spacer,4,TCAAGGGTCGGGTTCTTGACCTTACCTCCA,Porphyromonas gingivalis,0.1667,0.3,0.2333,0.3
e2f71e3c-f2c4-45d2-b9a2-1905a1cf5a28,74c4241e-2142-4740-9d83-976419565093,spacer,5,ATAAGACTATATCTTATATAACCAAATTCT,Porphyromonas gingivalis,0.4333,0.1667,0.0333,0.3667
0b70ab0d-352a-4d75-b512-0c88dc7ca3a7,74c4241e-2142-4740-9d83-976419565093,spacer,6,CATAGACGTAAGGCATACCCGTTTCGATCT,Porphyromonas gingivalis,0.2667,0.2667,0.2,0.2667
0ca3e880-9598-4e50-a5e2-9e1e7f6329c5,74c4241e-2142-4740-9d83-976419565093,spacer,7,TTCTTGTCGAAGTAAAACATCTTGCCTCCA,Porphyromonas gingivalis,0.2667,0.2667,0.1333,0.3333
ec22e06e-eaba-4bc7-8ac1-c748e7228646,74b706f6-16f3-4217-84d3-a771120c30b0,spacer,1,CTCATTTGTTTTTCTTGAGTCGTTTTGAGCG,Porphyromonas gingivalis,0.0968,0.1613,0.2258,0.5161
3f99cf3e-a220-4e41-ab51-6c8a152208c6,74b706f6-16f3-4217-84d3-a771120c30b0,spacer,2,CTCTCCCTGATGGCCCTTTCTTCTTCCCGT,Porphyromonas gingivalis,0.0333,0.4333,0.1333,0.4
21a44adb-2590-4cb2-ad68-57db523c4271,74b706f6-16f3-4217-84d3-a771120c30b0,spacer,3,GGTACGCCCTCCTTATTACTTATGCCTAAA,Porphyromonas gingivalis,0.2333,0.3,0.1333,0.3333
62788745-7a06-4439-915d-050a98e4fd83,74b706f6-16f3-4217-84d3-a771120c30b0,spacer,4,TCTTTTAATTGTCTTATTAATTTTGGTAAA,Porphyromonas gingivalis,0.2667,0.0667,0.1,0.5667
ace52e3b-761b-4c08-ab09-8ff858288ef4,74b706f6-16f3-4217-84d3-a771120c30b0,spacer,5,GCTCCATTATATCGTGCTTATTTGAAATAT,Porphyromonas gingivalis,0.2667,0.1667,0.1333,0.4333
75d10562-970c-4355-bc21-1f6bd96e321d,74b706f6-16f3-4217-84d3-a771120c30b0,spacer,6,AGAACAAGGTATGATTAATGAGGAAGGGGT,Porphyromonas gingivalis,0.4,0.0333,0.3667,0.2
1ca96179-8b21-474f-9fd5-270c8e30b420,74b706f6-16f3-4217-84d3-a771120c30b0,spacer,7,TCCATAGTAGTTTTCAACACTTTCCACCTT,Porphyromonas gingivalis,0.2333,0.3,0.0667,0.4
48eaf8f0-a701-4222-878a-055e71ebb724,74b706f6-16f3-4217-84d3-a771120c30b0,spacer,8,TTCCCCAATGTGGTTCCGATTCCCGTGGCT,Porphyromonas gingivalis,0.1,0.3333,0.2333,0.3333
b1669c45-5f82-461c-afcd-6569503a42b1,74b706f6-16f3-4217-84d3-a771120c30b0,spacer,9,CTATCGAGAGGGTTTCAGTATCATCTTTTA,Porphyromonas gingivalis,0.2333,0.1667,0.2,0.4
6fdfde12-36d6-45ac-87a3-f1834c2674c1,74b706f6-16f3-4217-84d3-a771120c30b0,spacer,10,TGAATACTTGAGCGAACACAATAGACATTT,Porphyromonas gingivalis,0.4,0.1667,0.1667,0.2667
cd78e6b1-eb91-468d-b51d-6abf64a67525,74b706f6-16f3-4217-84d3-a771120c30b0,spacer,11,CTTTCAAGGCATGACGTTTTCAGGCAGATA,Porphyromonas gingivalis,0.2667,0.2,0.2333,0.3
e4f8c775-f945-40ee-aab4-13421ad521b2,30d3d716-0742-47d1-8ced-49650376b1d4,spacer,1,TGGTATTAAGTAGGTTGGTTTTTGCTTTT,Porphyromonas gingivalis,0.1379,0.0345,0.2759,0.5517
fdb4ba84-ce7e-4096-9c81-8adc45e25535,30d3d716-0742-47d1-8ced-49650376b1d4,spacer,2,TTGTGAAAGGGTTACTTACTTTTTCTTCTT,Porphyromonas gingivalis,0.1667,0.1333,0.1667,0.5333
a2e73449-bbab-4d6c-b35a-a14e05875416,30d3d716-0742-47d1-8ced-49650376b1d4,spacer,3,CTATCAGTAGAAAGAATTACACGAATATAA,Porphyromonas gingivalis,0.5,0.1333,0.1333,0.2333
362a1b56-09e8-4a96-b285-4a6f932f672f,30d3d716-0742-47d1-8ced-49650376b1d4,spacer,4,AATAAAGACTCTATATCTTTTAGAAGTGTA,Porphyromonas gingivalis,0.4,0.1,0.1333,0.3667
e26775f9-258e-44cd-819e-7342f68f8aed,30d3d716-0742-47d1-8ced-49650376b1d4,spacer,5,GGAACGCTCCGCGTCTCTATACAGGGCTTG,Porphyromonas gingivalis,0.1667,0.3,0.3,0.2333
88b3111b-ee7d-47a3-8f2c-793451258776,30d3d716-0742-47d1-8ced-49650376b1d4,spacer,6,TATGGGGGTGAGAAAATCTCCCTTAACTAT,Porphyromonas gingivalis,0.3,0.1667,0.2333,0.3
aefef21d-ef5f-42b5-875a-01097dca1c69,660dfb4e-145b-4270-b578-b07f0473c4b0,spacer,1,TTTGCTGAGTTTGGGCGGTCTTTTCTACGAGTTC,Prevotella communis,0.0882,0.1765,0.2941,0.4412
c1dcbb31-497a-4e01-9b7d-aa663b0b2805,660dfb4e-145b-4270-b578-b07f0473c4b0,spacer,2,AAAACGAGACATAGGTCCAAGACCTCCAAGACAA,Prevotella communis,0.4706,0.2647,0.1765,0.0882
887b899c-3e06-4361-8311-548b3b5d9f8b,660dfb4e-145b-4270-b578-b07f0473c4b0,spacer,3,CCCTGTTTCATCTCCGCTACTTGCTTAGCGAAGT,Prevotella communis,0.1471,0.3235,0.1765,0.3529
05d30e4e-e33c-4be9-b80b-938c2e3cee7d,660dfb4e-145b-4270-b578-b07f0473c4b0,spacer,4,ACTCTTTTTACCTCTTGCTCAGCCAGTTCCATT,Prevotella communis,0.1515,0.3333,0.0909,0.4242
d3699f3a-2869-4827-b803-ef3bd3bd53e9,660dfb4e-145b-4270-b578-b07f0473c4b0,spacer,5,TTGGAAATTCAAACCGCCGCTCAAAGATAATCCT,Prevotella communis,0.3529,0.2647,0.1471,0.2353
2a2505c8-e0d3-4a5f-8ac9-7529ab07544c,660dfb4e-145b-4270-b578-b07f0473c4b0,spacer,6,CAACATTGAGATAGCATTCTGATTATTCTGTGC,Prevotella communis,0.2727,0.1818,0.1818,0.3636
e6fa53c7-ae70-4835-8f0d-f91b2a9a82b0,48bd2893-fe9c-4e73-86a4-02b3c0c49154,spacer,1,AGCATTCCAATAGCGGAAGGACTGATTTTT,Prevotella intermedia,0.3,0.1667,0.2333,0.3
280db8dc-6aae-4b05-9564-0ec889e12711,48bd2893-fe9c-4e73-86a4-02b3c0c49154,spacer,2,TCAGCGAGAATTTTAGCTTCAAACTCAGCT,Prevotella intermedia,0.3,0.2333,0.1667,0.3
e279e310-68e5-492f-9f96-7a1f2a7a2d5d,48bd2893-fe9c-4e73-86a4-02b3c0c49154,spacer,3,CCTATGGTAATGTACTCTTTTAGAACACA,Prevotella intermedia,0.3103,0.2069,0.1379,0.3448
6335de28-734f-47bf-8b07-35cc16aca24b,48bd2893-fe9c-4e73-86a4-02b3c0c49154,spacer,4,TCCTTAACAATACGTGAAAGTAGATAAAA,Prevotella intermedia,0.4828,0.1379,0.1379,0.2414
ba625a8b-3f28-4ac6-9f34-618e1a806872,48bd2893-fe9c-4e73-86a4-02b3c0c49154,spacer,5,TCACTCCAATCTTTAACAGTGTGATAATAA,Prevotella intermedia,0.3667,0.2,0.1,0.3333
e085d9c1-4bd0-4352-907b-8548ab400028,48bd2893-fe9c-4e73-86a4-02b3c0c49154,spacer,6,GATTTTAATTTTTCCTCAATATTTGTTTCT,Prevotella intermedia,0.2,0.1333,0.0667,0.6
1235425e-fb02-414b-9025-ce626363b3c2,48bd2893-fe9c-4e73-86a4-02b3c0c49154,spacer,7,TTGTTGGCAATGAGCTCGTTCACTTTACC,Prevotella intermedia,0.1724,0.2414,0.2069,0.3793
7aee515a-67fc-4825-847d-4b09131141f8,48bd2893-fe9c-4e73-86a4-02b3c0c49154,spacer,8,TTATTTGTTTTGTGGCACAATTGACCTA,Prevotella intermedia,0.2143,0.1429,0.1786,0.4643
04e6347c-c1c2-4c32-91f4-d17c5c101f89,48bd2893-fe9c-4e73-86a4-02b3c0c49154,spacer,9,ATTACATGTGGTTAACTCATCTAAGAACAA,Prevotella intermedia,0.4,0.1667,0.1333,0.3
753f6d27-cd18-4e3c-b55a-00ad3571b249,48bd2893-fe9c-4e73-86a4-02b3c0c49154,spacer,10,CAAGAGTACGTTAGCAATGAAAGTAGTAAG,Prevotella intermedia,0.4333,0.1,0.2667,0.2
b5956795-5e08-42b6-86bc-49f70d8babf0,48bd2893-fe9c-4e73-86a4-02b3c0c49154,spacer,11,ACTCTGGCAAGAACAAGTTCGTAACCATAC,Prevotella intermedia,0.3667,0.2667,0.1667,0.2
fe4ac473-d4b5-42f2-b9c9-5a4844e3ad8d,48bd2893-fe9c-4e73-86a4-02b3c0c49154,spacer,12,ACCTTAAGGTCCTTTACGCTCTTAGCACCA,Prevotella intermedia,0.2333,0.3333,0.1333,0.3
ef956998-ec53-4b72-81f4-1c322a9751f0,48bd2893-fe9c-4e73-86a4-02b3c0c49154,spacer,13,AATTCTTGATATAGTTCTATTATAGTATCT,Prevotella intermedia,0.3,0.1,0.1,0.5
7779d94b-f371-4173-a90b-4e0adc3748dc,48bd2893-fe9c-4e73-86a4-02b3c0c49154,spacer,14,TTCTTAATAGTTCTATTCTTGCTCCTGTAT,Prevotella intermedia,0.1667,0.2,0.1,0.5333
4da4c175-a465-464a-a04b-c1f183fafee8,48bd2893-fe9c-4e73-86a4-02b3c0c49154,spacer,15,ACATCAACTACAAAGCGATAATCTAATAA,Prevotella intermedia,0.5172,0.2069,0.069,0.2069
b3809850-6497-41e5-adac-44cabce5fa45,48bd2893-fe9c-4e73-86a4-02b3c0c49154,spacer,16,TAGCGTTTGCGTCTACGTTTTCCATAGCC,Prevotella intermedia,0.1379,0.2759,0.2069,0.3793
133dd11a-21a6-49c7-bf80-ac84789f2a08,ff3d558f-7c8f-4ae9-8ca8-9f0c8e1c7ff0,spacer,1,AGCATTCCAATAGCGGAAGGACTGATTTTT,Prevotella intermedia,0.3,0.1667,0.2333,0.3
4711a632-f20a-411c-b602-dc1e4a52a872,ff3d558f-7c8f-4ae9-8ca8-9f0c8e1c7ff0,spacer,2,TCAGCGAGAATTTTAGCTTCAAACTCAGCT,Prevotella intermedia,0.3,0.2333,0.1667,0.3
7b65e668-731e-4df9-801f-324989491ce8,ff3d558f-7c8f-4ae9-8ca8-9f0c8e1c7ff0,spacer,3,CCTATGGTAATGTACTCTTTTAGAACACA,Prevotella intermedia,0.3103,0.2069,0.1379,0.3448
a440efc0-bd28-469a-8859-afa85b0a4644,ff3d558f-7c8f-4ae9-8ca8-9f0c8e1c7ff0,spacer,4,TCCTTAACAATACGTGAAAGTAGATAAAA,Prevotella intermedia,0.4828,0.1379,0.1379,0.2414
4728406d-4289-45f9-9b40-73c9f0c736b9,ff3d558f-7c8f-4ae9-8ca8-9f0c8e1c7ff0,spacer,5,TCACTCCAATCTTTAACAGTGTGATAATAA,Prevotella intermedia,0.3667,0.2,0.1,0.3333
01311256-9526-4277-9fad-70d6287b9919,ff3d558f-7c8f-4ae9-8ca8-9f0c8e1c7ff0,spacer,6,GATTTTAATTTTTCCTCAATATTTGTTTCT,Prevotella intermedia,0.2,0.1333,0.0667,0.6
26a4ae67-73fd-4cee-a718-e7d6d23cac0e,ff3d558f-7c8f-4ae9-8ca8-9f0c8e1c7ff0,spacer,7,TTGTTGGCAATGAGCTCGTTCACTTTACC,Prevotella intermedia,0.1724,0.2414,0.2069,0.3793
35e8d4e9-eadc-4a37-9aa2-a7733d9eba13,ff3d558f-7c8f-4ae9-8ca8-9f0c8e1c7ff0,spacer,8,TTATTTGTTTTGTGGCACAATTGACCTA,Prevotella intermedia,0.2143,0.1429,0.1786,0.4643
46f8435c-c225-4b4f-97d9-cf18bd590e2a,ff3d558f-7c8f-4ae9-8ca8-9f0c8e1c7ff0,spacer,9,ATTACATGTGGTTAACTCATCTAAGAACAA,Prevotella intermedia,0.4,0.1667,0.1333,0.3
f53e1c8f-8bed-4a3a-8c23-ebe8dc3df775,ff3d558f-7c8f-4ae9-8ca8-9f0c8e1c7ff0,spacer,10,CAAGAGTACGTTAGCAATGAAAGTAGTAAG,Prevotella intermedia,0.4333,0.1,0.2667,0.2
de451a2b-3709-4795-95ca-0e6195a615c4,ff3d558f-7c8f-4ae9-8ca8-9f0c8e1c7ff0,spacer,11,ACTCTGGCAAGAACAAGTTCGTAACCATAC,Prevotella intermedia,0.3667,0.2667,0.1667,0.2
4bbdf564-6790-4b57-89de-4d46fdf38563,ff3d558f-7c8f-4ae9-8ca8-9f0c8e1c7ff0,spacer,12,ACCTTAAGGTCCTTTACGCTCTTAGCACCA,Prevotella intermedia,0.2333,0.3333,0.1333,0.3
09d9a668-c6a3-4796-8a19-36cc8e560d5b,ff3d558f-7c8f-4ae9-8ca8-9f0c8e1c7ff0,spacer,13,AATTCTTGATATAGTTCTATTATAGTATCT,Prevotella intermedia,0.3,0.1,0.1,0.5
6e983587-8bd0-4198-ac06-f23c65f43923,ff3d558f-7c8f-4ae9-8ca8-9f0c8e1c7ff0,spacer,14,TTCTTAATAGTTCTATTCTTGCTCCTGTAT,Prevotella intermedia,0.1667,0.2,0.1,0.5333
1c13e209-fcbd-42c2-a7b5-4bcae499bb69,ff3d558f-7c8f-4ae9-8ca8-9f0c8e1c7ff0,spacer,15,ACATCAACTACAAAGCGATAATCTAATAA,Prevotella intermedia,0.5172,0.2069,0.069,0.2069
3bf3efdd-72d3-4ad6-b5e7-897d50dafe47,ff3d558f-7c8f-4ae9-8ca8-9f0c8e1c7ff0,spacer,16,TAGCGTTTGCGTCTACGTTTTCCATAGCC,Prevotella intermedia,0.1379,0.2759,0.2069,0.3793
f3cc96d8-dca8-421a-b24a-24676a9701d8,c35e4537-f2b1-43f1-9b5b-19376370cd93,spacer,1,AGCATTCCAATAGCGGAAGGACTGATTTTT,Prevotella intermedia,0.3,0.1667,0.2333,0.3
bdd4fcb5-ccc1-4500-b490-373578203230,c35e4537-f2b1-43f1-9b5b-19376370cd93,spacer,2,TCAGCGAGAATTTTAGCTTCAAACTCAGCT,Prevotella intermedia,0.3,0.2333,0.1667,0.3
98157f8a-8204-4c10-bc44-800cc80dda1b,c35e4537-f2b1-43f1-9b5b-19376370cd93,spacer,3,CCTATGGTAATGTACTCTTTTAGAACACA,Prevotella intermedia,0.3103,0.2069,0.1379,0.3448
74ded22b-0eea-4a6f-a133-185e8bb1caa3,c35e4537-f2b1-43f1-9b5b-19376370cd93,spacer,4,TCCTTAACAATACGTGAAAGTAGATAAAA,Prevotella intermedia,0.4828,0.1379,0.1379,0.2414
ebb31c27-f25a-4da6-8ea8-810aeee9313c,c35e4537-f2b1-43f1-9b5b-19376370cd93,spacer,5,TCACTCCAATCTTTAACAGTGTGATAATAA,Prevotella intermedia,0.3667,0.2,0.1,0.3333
aceded2c-6e44-41ac-b04e-3fb770168701,c35e4537-f2b1-43f1-9b5b-19376370cd93,spacer,6,GATTTTAATTTTTCCTCAATATTTGTTTCT,Prevotella intermedia,0.2,0.1333,0.0667,0.6
72177881-ece3-4471-9255-a4a9be140c1d,c35e4537-f2b1-43f1-9b5b-19376370cd93,spacer,7,TTGTTGGCAATGAGCTCGTTCACTTTACC,Prevotella intermedia,0.1724,0.2414,0.2069,0.3793
186b1505-50af-48e3-b8dd-a320068cb2a0,c35e4537-f2b1-43f1-9b5b-19376370cd93,spacer,8,TTATTTGTTTTGTGGCACAATTGACCTA,Prevotella intermedia,0.2143,0.1429,0.1786,0.4643
e956383c-be46-4890-a786-8cf7c95631e3,c35e4537-f2b1-43f1-9b5b-19376370cd93,spacer,9,ATTACATGTGGTTAACTCATCTAAGAACAA,Prevotella intermedia,0.4,0.1667,0.1333,0.3
4be95685-180e-4905-aa7b-b3a583649216,c35e4537-f2b1-43f1-9b5b-19376370cd93,spacer,10,CAAGAGTACGTTAGCAATGAAAGTAGTAAG,Prevotella intermedia,0.4333,0.1,0.2667,0.2
a149d735-b9df-49c0-a1db-2cdcb54c4fec,c35e4537-f2b1-43f1-9b5b-19376370cd93,spacer,11,ACTCTGGCAAGAACAAGTTCGTAACCATAC,Prevotella intermedia,0.3667,0.2667,0.1667,0.2
9a7200d3-60bf-44c7-8cb3-29335a221612,c35e4537-f2b1-43f1-9b5b-19376370cd93,spacer,12,ACCTTAAGGTCCTTTACGCTCTTAGCACCA,Prevotella intermedia,0.2333,0.3333,0.1333,0.3
73dc968d-21b6-417e-9a1f-3ed23c84585f,c35e4537-f2b1-43f1-9b5b-19376370cd93,spacer,13,AATTCTTGATATAGTTCTATTATAGTATCT,Prevotella intermedia,0.3,0.1,0.1,0.5
8e2fd776-3097-4857-9b90-3ec8fcf1afbe,c35e4537-f2b1-43f1-9b5b-19376370cd93,spacer,14,TTCTTAATAGTTCTATTCTTGCTCCTGTAT,Prevotella intermedia,0.1667,0.2,0.1,0.5333
0380be46-3280-472a-942b-619263f0f32a,c35e4537-f2b1-43f1-9b5b-19376370cd93,spacer,15,ACATCAACTACAAAGCGATAATCTAATAA,Prevotella intermedia,0.5172,0.2069,0.069,0.2069
384b1be7-2ad9-4b12-b126-44408e8e330a,c35e4537-f2b1-43f1-9b5b-19376370cd93,spacer,16,TAGCGTTTGCGTCTACGTTTTCCATAGCC,Prevotella intermedia,0.1379,0.2759,0.2069,0.3793
d31f81eb-d78f-4cf1-843e-aa2ad91f44c9,fbe746c9-6c8b-423f-9e5c-9fe54cf54750,spacer,1,GGTGTAATATATTAATGCTAACGCCGCCAC,Prevotella intermedia,0.3,0.2333,0.2,0.2667
51962ce3-b640-428d-9aed-4278a1061176,fbe746c9-6c8b-423f-9e5c-9fe54cf54750,spacer,2,ATATACCTTGAATAATTCTACCTGAGTAA,Prevotella intermedia,0.3793,0.1724,0.1034,0.3448
7435d856-7051-461d-ad56-02e139784424,fbe746c9-6c8b-423f-9e5c-9fe54cf54750,spacer,3,GCCATTGTGTTTGATTTCAAAATTGGCTGC,Prevotella intermedia,0.2,0.1667,0.2333,0.4
15256367-3c9f-4536-a1f7-4efa53501981,fbe746c9-6c8b-423f-9e5c-9fe54cf54750,spacer,4,GAGCTTTTGAAAAGAGAGTTACGCTTCTTT,Prevotella intermedia,0.2667,0.1333,0.2333,0.3667
f24213cf-4e0a-4667-ba0e-1007f7ef011b,fbe746c9-6c8b-423f-9e5c-9fe54cf54750,spacer,5,TTCAACGCTTTTTTTTAGTTGTTCTTTTGT,Prevotella intermedia,0.1,0.1333,0.1333,0.6333
4ffd60bd-5882-4b3d-a8eb-570b148cd6ec,fbe746c9-6c8b-423f-9e5c-9fe54cf54750,spacer,6,TCTGAGTAAGAATAACTCTCTATCGGTTAA,Prevotella intermedia,0.3333,0.1667,0.1667,0.3333
318b7831-3bb0-4322-85b8-0f0fbbf7c7e5,fbe746c9-6c8b-423f-9e5c-9fe54cf54750,spacer,7,ACCTAAGACGGTGCAATAGCTACCGATTG,Prevotella intermedia,0.3103,0.2414,0.2414,0.2069
70e1812e-ac7e-4ba7-b187-0647bd8880e8,fbe746c9-6c8b-423f-9e5c-9fe54cf54750,spacer,8,CTCATAACCCATTTCTTGAGCATACTGTAA,Prevotella intermedia,0.3,0.2667,0.1,0.3333
7b21e35f-df40-4c4f-84ce-8f8176b6f539,fbe746c9-6c8b-423f-9e5c-9fe54cf54750,spacer,9,TGCACCCGCAAGTGTCGGTTCTGCAATACA,Prevotella intermedia,0.2333,0.3,0.2333,0.2333
19ac97e9-8336-45e7-a4eb-31cf2e0d7873,fbe746c9-6c8b-423f-9e5c-9fe54cf54750,spacer,10,ATGACATTTTATATTTAAAAGTTCGTTTTG,Prevotella intermedia,0.3,0.0667,0.1333,0.5
209117b5-f663-4232-803b-ed791b812193,fbe746c9-6c8b-423f-9e5c-9fe54cf54750,spacer,11,TAAAAAACTTATCATACCACCTGCAAAAG,Prevotella intermedia,0.4828,0.2414,0.069,0.2069
030478f3-c18c-4332-ae6f-e4b6a3045997,fbe746c9-6c8b-423f-9e5c-9fe54cf54750,spacer,12,GATTAATAATTTAAGTTTTTTATTTTCAA,Prevotella intermedia,0.3448,0.0345,0.069,0.5517
51081ed3-eb8d-4ee7-8b10-2881abf28bf0,f120a1c8-023f-451e-af19-b160632d7c50,spacer,1,CTTCTTTCAAAGATGTGTACCGCAATGCAG,Prevotella intermedia,0.2667,0.2333,0.2,0.3
aeb218ac-9c48-444e-872f-7b6926342697,f120a1c8-023f-451e-af19-b160632d7c50,spacer,2,ATAATTAGTTAATAAATATATAGTATAACA,Prevotella intermedia,0.5333,0.0333,0.0667,0.3667
15db5642-e1df-4fc5-95f4-411d421bf8aa,f120a1c8-023f-451e-af19-b160632d7c50,spacer,3,AATCATCAAGTGTTATTACTTCACCACCTG,Prevotella intermedia,0.3,0.2667,0.1,0.3333
f8c5c4a8-3269-46ee-aa2f-a84c4232ebb9,f120a1c8-023f-451e-af19-b160632d7c50,spacer,4,CGTCGAACAAATCGTCTGTACGTCCCATCT,Prevotella intermedia,0.2333,0.3333,0.1667,0.2667
f094bbb3-cdfc-4e9f-98aa-26b76623f5c3,f120a1c8-023f-451e-af19-b160632d7c50,spacer,5,TGTTTATAACTGTTTGCATTTTGTTACTAA,Prevotella intermedia,0.2333,0.1,0.1333,0.5333
56dcdb87-30ec-4f42-9ab0-8b9356f87fe6,f120a1c8-023f-451e-af19-b160632d7c50,spacer,6,TGACAGCCGATGTAGTATCCTGCAGAACAA,Prevotella intermedia,0.3333,0.2333,0.2333,0.2
e38ea973-d9d4-4971-94c9-ff8609087cbb,f120a1c8-023f-451e-af19-b160632d7c50,spacer,7,TACTTTCAGGAGCAATAGCTTCACTTAAAT,Prevotella intermedia,0.3333,0.2,0.1333,0.3333
f2242b23-4b5d-46d8-819e-fa6d9b1a54e8,f120a1c8-023f-451e-af19-b160632d7c50,spacer,8,TACTTTCATCTACATTTATATGTATGTCTG,Prevotella intermedia,0.2333,0.1667,0.1,0.5
e0abc04d-a22c-4941-8eaa-39af1f4dbeb8,f120a1c8-023f-451e-af19-b160632d7c50,spacer,9,TACTCAAGGATATTCAATATCTCGGGTCTG,Prevotella intermedia,0.2667,0.2,0.2,0.3333
39471d84-3ba1-4d39-b875-133462cb3165,f120a1c8-023f-451e-af19-b160632d7c50,spacer,10,ATAGTGGTATCTTGTTCCGTCAAACATTCC,Prevotella intermedia,0.2333,0.2333,0.1667,0.3667
33f6a4d0-82f1-4ca1-9944-0ec76e5ccc34,f120a1c8-023f-451e-af19-b160632d7c50,spacer,11,GTTTTTTATCTTCTCATCTAACCAATTGTC,Prevotella intermedia,0.2,0.2333,0.0667,0.5
3edd5045-7282-4a75-81bc-d6452b337295,f120a1c8-023f-451e-af19-b160632d7c50,spacer,12,TCTCCATCGGTCGCAGAGTCAAGTTCTATT,Prevotella intermedia,0.2,0.2667,0.2,0.3333
998e9738-a65f-42c1-996a-b5008ab92b75,f0c02143-b1af-4824-b4b7-2ad923368ae5,spacer,1,TTTCCTCAAATAATTTCCTGTGCCTACGT,Prevotella intermedia,0.2069,0.2759,0.1034,0.4138
c8e0ee81-7a25-40db-b832-338a8eff2842,f0c02143-b1af-4824-b4b7-2ad923368ae5,spacer,2,GGTGAATGGAATCTAACTTCTCGATTTGAC,Prevotella intermedia,0.2667,0.1667,0.2333,0.3333
9146da29-1df4-4088-ac01-647e399a399d,f0c02143-b1af-4824-b4b7-2ad923368ae5,spacer,3,TTAGGCTTGGAGCTTACAGACGGGCAAAAA,Prevotella intermedia,0.3333,0.1667,0.3,0.2
772794d4-a6e0-4a7f-9b28-d829cd0d7345,f0c02143-b1af-4824-b4b7-2ad923368ae5,spacer,4,TGGCGACGGAAAAACAACAGCGTAACTAT,Prevotella intermedia,0.4138,0.2069,0.2414,0.1379
7c9f9317-85b4-4548-92ec-5ea4ef6e713d,f0c02143-b1af-4824-b4b7-2ad923368ae5,spacer,5,TTCCTGTCTTTTGTTATGCTTCTAATAGTT,Prevotella intermedia,0.1333,0.1667,0.1333,0.5667
9e1ab338-1b8e-4a4b-bb51-fd783e324821,f0c02143-b1af-4824-b4b7-2ad923368ae5,spacer,6,TTATTTCCTGCTTGACTATACATTCCTTGGT,Prevotella intermedia,0.1613,0.2258,0.129,0.4839
08ce10f1-88a0-4a92-aef4-162c4533e693,f0c02143-b1af-4824-b4b7-2ad923368ae5,spacer,7,TAAAGCGTTTTACCGTCGTTACGACCAGTA,Prevotella intermedia,0.2667,0.2333,0.2,0.3
f6850de4-3e3d-48be-9f50-d893b52583db,f0c02143-b1af-4824-b4b7-2ad923368ae5,spacer,8,CTCGGTCGTATGCTGTTTAAGCAAGAAGAG,Prevotella intermedia,0.2667,0.1667,0.3,0.2667
3a343cbe-4d4f-4fc9-bbda-710957d50cc2,f0c02143-b1af-4824-b4b7-2ad923368ae5,spacer,9,TGCTTCACGCAACAATAGCACCTGCTTGTT,Prevotella intermedia,0.2333,0.3,0.1667,0.3
f44b0c83-5854-414b-83b1-af44a1c3f19b,f0c02143-b1af-4824-b4b7-2ad923368ae5,spacer,10,TTTGTATTTGGCTTTCTGTCAATGGTTTCA,Prevotella intermedia,0.1333,0.1333,0.2,0.5333
8a9e356c-06ef-49ec-ac77-0c492d2c9280,f0c02143-b1af-4824-b4b7-2ad923368ae5,spacer,11,TAACTTTCTTAATTGAGCGATACTAAGTT,Prevotella intermedia,0.3103,0.1379,0.1379,0.4138
b20185fb-49cf-4b87-8676-980a20509138,f0c02143-b1af-4824-b4b7-2ad923368ae5,spacer,12,AAATGTGATTAAAGGTTTCTCGGTGCTTGT,Prevotella intermedia,0.2333,0.1,0.2667,0.4
97dbafe8-5948-4d40-94a0-82b34feae4bc,8fe247d0-697b-418e-a029-fe7e7995e224,spacer,1,ATTCTTTTTGTTTCATTTTGATAATGTTAA,Prevotella intermedia,0.2333,0.0667,0.1,0.6
0f027eec-d783-4204-a2bc-b9bb41a34e60,8fe247d0-697b-418e-a029-fe7e7995e224,spacer,2,AATCATTGTTAGCCCCTGAAATGGCAGCAC,Prevotella intermedia,0.3,0.2667,0.2,0.2333
329b043a-70a1-4a28-a014-cf16c756e807,8fe247d0-697b-418e-a029-fe7e7995e224,spacer,3,AACAATTCAGGCTGTGCCTTTTCCCAAATG,Prevotella intermedia,0.2667,0.2667,0.1667,0.3
10fa9397-f456-42f8-8b31-5a3531f9bbb4,8fe247d0-697b-418e-a029-fe7e7995e224,spacer,4,TATCAATTACTGCTATACCATTCATACGAA,Prevotella intermedia,0.3667,0.2333,0.0667,0.3333
d0a7b20c-a355-4d16-831f-b5eb95e1f334,8fe247d0-697b-418e-a029-fe7e7995e224,spacer,5,TTTAGAAACCCTTATCATTATTTAAGGGT,Prevotella intermedia,0.3103,0.1379,0.1379,0.4138
cd27cb1d-92c8-4b7e-b622-02ad2782beaf,8fe247d0-697b-418e-a029-fe7e7995e224,spacer,6,TCTCTATATAAATTTCGTTTGGGTTCTCAC,Prevotella intermedia,0.2,0.2,0.1333,0.4667
2a4692d9-7c90-4b3a-907f-c61116770196,760d80d7-06ec-4ee5-8efa-bf15f8786873,spacer,1,TCCCTTGTGTTTTTTGAGAAATTCGTTCAC,Prevotella intermedia,0.1667,0.2,0.1667,0.4667
d393fb92-9429-4ae2-87d1-1bb1e4bc675a,760d80d7-06ec-4ee5-8efa-bf15f8786873,spacer,2,ACCTTTATCTATATCATCTTCTTCTTTAT,Prevotella intermedia,0.2069,0.2414,0.0,0.5517
9d898878-af09-4f8c-a9b6-d81a2afd4855,760d80d7-06ec-4ee5-8efa-bf15f8786873,spacer,3,TTTTCTTATCTTCTAATAGTTCTTTATTA,Prevotella intermedia,0.2069,0.1379,0.0345,0.6207
5d10ff60-6bef-4f02-b591-641286a7c545,760d80d7-06ec-4ee5-8efa-bf15f8786873,spacer,4,CGCCTAAACGCTCATCAAAAGCTTTAACAT,Prevotella intermedia,0.3667,0.3,0.1,0.2333
c2957673-833e-4a39-93fe-84b4e9360fbb,760d80d7-06ec-4ee5-8efa-bf15f8786873,spacer,5,GGTCGTTCCAAGTAAGTGTTAGACTATCG,Prevotella intermedia,0.2414,0.1724,0.2759,0.3103
64580dab-b322-420e-a3b9-1b898a900f0c,760d80d7-06ec-4ee5-8efa-bf15f8786873,spacer,6,ATACATTTTATTATTTACTACTTCGTTAA,Prevotella intermedia,0.3103,0.1379,0.0345,0.5172
fd59e66c-f72c-4851-8173-b52b724bb9b1,760d80d7-06ec-4ee5-8efa-bf15f8786873,spacer,7,TACTTAACGAACCAATTATGCTCATCATCT,Prevotella intermedia,0.3333,0.2667,0.0667,0.3333
a985473c-be03-46d6-91d8-5bdd9ee4cd4e,760d80d7-06ec-4ee5-8efa-bf15f8786873,spacer,8,CTTATTGTAGTAAATATGTTACGAAAGATG,Prevotella intermedia,0.3667,0.0667,0.2,0.3667
a7735ad3-26aa-425d-a149-678ed9c39f8b,760d80d7-06ec-4ee5-8efa-bf15f8786873,spacer,9,TACTCCGTTTTCATCACTTCCTAAGCATTG,Prevotella intermedia,0.2,0.3,0.1,0.4
a0ee233c-de68-4eea-ab71-8134867e1e85,760d80d7-06ec-4ee5-8efa-bf15f8786873,spacer,10,TTCCCTTCTTATCTTTCAATATAACAGGTT,Prevotella intermedia,0.2333,0.2333,0.0667,0.4667
6bd75494-2095-4d7f-b102-99b829fbc056,760d80d7-06ec-4ee5-8efa-bf15f8786873,spacer,11,GATTTTCTTTAACGTATACAACAGAACCTC,Prevotella intermedia,0.3333,0.2333,0.1,0.3333
338699e1-9129-41de-8ee9-7a314c66c2d8,760d80d7-06ec-4ee5-8efa-bf15f8786873,spacer,12,TTCTTTTATTATACATCCTATTGCTAGGAG,Prevotella intermedia,0.2333,0.1667,0.1333,0.4667
dceadf33-1acd-4dac-a8ef-3b142226f001,760d80d7-06ec-4ee5-8efa-bf15f8786873,spacer,13,TTTTATCTTCTTATTTTACGTGTTAAATT,Prevotella intermedia,0.2069,0.1034,0.069,0.6207
33c42b2e-b893-4104-b9a3-f47bc80cf8f2,760d80d7-06ec-4ee5-8efa-bf15f8786873,spacer,14,TTTTATCTTCTTATTTTACGTGTTAAATT,Prevotella intermedia,0.2069,0.1034,0.069,0.6207
998f21ca-e406-4401-a784-09eb6ad37747,760d80d7-06ec-4ee5-8efa-bf15f8786873,spacer,15,TATCGCTTTTGTACTCTGTTTCCGTTTCCG,Prevotella intermedia,0.0667,0.2667,0.1667,0.5
bbcd2a01-db9f-48de-a9df-25e90fcfa1aa,760d80d7-06ec-4ee5-8efa-bf15f8786873,spacer,16,CTTGTTGTTATTTATTTATTTCGTAGTTCT,Prevotella intermedia,0.1333,0.1,0.1333,0.6333
cac4d9b0-ebe8-4d34-9de8-2142236572a4,760d80d7-06ec-4ee5-8efa-bf15f8786873,spacer,17,AGGGTCGTACTCTACGTGGATATGGTCGCT,Prevotella intermedia,0.1667,0.2,0.3333,0.3
877575b1-c233-4767-9e21-e784379ebdb1,760d80d7-06ec-4ee5-8efa-bf15f8786873,spacer,18,ATCAAGGTTGAATGTCAAATCAACGTCAGT,Prevotella intermedia,0.3667,0.1667,0.2,0.2667
7862f81d-c81c-43b4-9a10-024d01065bd8,d0ee918a-e66b-4913-88d6-72e767f70103,spacer,1,AGGCAAGGGACACGAAACTTATCAAGAAA,Prevotella intermedia,0.4828,0.1724,0.2414,0.1034
26e22ffd-b265-4f17-b137-5092b8e157ac,d0ee918a-e66b-4913-88d6-72e767f70103,spacer,2,CCATCTAATCGAGAGCGTTTGTAAGTATG,Prevotella intermedia,0.2759,0.1724,0.2414,0.3103
52d6c77d-d9f5-4c9e-bef8-9e87ac8cfea1,d0ee918a-e66b-4913-88d6-72e767f70103,spacer,3,AGACAAAGGTCACACCTATTACTGATGATG,Prevotella intermedia,0.3667,0.2,0.2,0.2333
76a11af7-4e10-4ddb-8f9b-ddae519596c7,d0ee918a-e66b-4913-88d6-72e767f70103,spacer,4,TAAATTTAAGTGTTAAGAGAAAGGAACCAT,Prevotella intermedia,0.4667,0.0667,0.2,0.2667
e488e596-b6e6-4698-8547-f98f1e2b0804,d0ee918a-e66b-4913-88d6-72e767f70103,spacer,5,GATAAATTCTGTTTTAATTACTTGTTGTGT,Prevotella intermedia,0.2333,0.0667,0.1667,0.5333
bd5b3245-ddc1-41af-b18e-140253e7c461,d0ee918a-e66b-4913-88d6-72e767f70103,spacer,6,AGTATTACCTGTTTGCTTTTGACCAGCCAC,Prevotella intermedia,0.2,0.2667,0.1667,0.3667
19aa997e-2bfb-4f21-9ecc-16532158cbf6,d0ee918a-e66b-4913-88d6-72e767f70103,spacer,7,ATGATTAACCAACTCCTGCTGAATGTTTGA,Prevotella intermedia,0.3,0.2,0.1667,0.3333
7a12ba49-f1c5-402a-acd5-679510a03c9a,d0ee918a-e66b-4913-88d6-72e767f70103,spacer,8,AACATCGTAATCAAGCACAAAGCGGGCGAA,Prevotella intermedia,0.4333,0.2333,0.2333,0.1
f3fbf4de-ccb9-4f12-88f0-b3f7e03f2b6d,d0ee918a-e66b-4913-88d6-72e767f70103,spacer,9,TCCAGCACAAGCATTAACTTCTGGTGTTC,Prevotella intermedia,0.2414,0.2759,0.1724,0.3103
9732eac8-8e26-4505-8e4f-da3c15a43510,d0ee918a-e66b-4913-88d6-72e767f70103,spacer,10,CTTGATAATCAAACCATTCTTTAATACATT,Prevotella intermedia,0.3667,0.2,0.0333,0.4
831756b4-a4b9-4b41-a8ac-68898287ce53,d0ee918a-e66b-4913-88d6-72e767f70103,spacer,11,TTATCTATCATAGTGCTGATGCGAATTTTA,Prevotella intermedia,0.2667,0.1333,0.1667,0.4333
6bfbb129-2925-4867-82c4-620811671cca,d0ee918a-e66b-4913-88d6-72e767f70103,spacer,12,TGATAGATACTTAAAACATCTAAAACTTTA,Prevotella intermedia,0.4667,0.1333,0.0667,0.3333
865d36bc-fd0d-46ef-ab59-0e506e2b9696,d0ee918a-e66b-4913-88d6-72e767f70103,spacer,13,AAATTCTGTCAATGTATTGATAATCCTTT,Prevotella intermedia,0.3103,0.1379,0.1034,0.4483
2759879c-6b05-4613-9406-f233dbd427b5,d0ee918a-e66b-4913-88d6-72e767f70103,spacer,14,GATAATCAACTTATCGGTTAGCGGACGTTT,Prevotella intermedia,0.2667,0.1667,0.2333,0.3333
345077b6-3010-432c-ac37-3efde76d987f,d0ee918a-e66b-4913-88d6-72e767f70103,spacer,15,TGCATTCTGCTGTTACATTATCAAAAATGA,Prevotella intermedia,0.3333,0.1667,0.1333,0.3667
10438551-9cce-42ea-ab11-26dbe7281d84,d0ee918a-e66b-4913-88d6-72e767f70103,spacer,16,GCCGTATTTCTTCAAAGCATACGTGCATAT,Prevotella intermedia,0.2667,0.2333,0.1667,0.3333
05be18a7-0144-4535-b9f6-51b2a2a062e3,d0ee918a-e66b-4913-88d6-72e767f70103,spacer,17,TACCTATAACAATGTTTTCGATGTGTTTCT,Prevotella intermedia,0.2333,0.1667,0.1333,0.4667
1f56784b-a982-4da9-98d4-a5e09f22e0fb,d0ee918a-e66b-4913-88d6-72e767f70103,spacer,18,CAACCACACATTGTTATGAGGACGCAAAT,Prevotella intermedia,0.3793,0.2414,0.1724,0.2069
57423a93-52b6-4f33-9d8e-75dbaf5235f1,d0ee918a-e66b-4913-88d6-72e767f70103,spacer,19,GTCTTTTCGTCAATGCTTTTGATAGATAC,Prevotella intermedia,0.2069,0.1724,0.1724,0.4483
0d29cf67-d187-4b87-ac1b-cb1767f1d8b7,d0ee918a-e66b-4913-88d6-72e767f70103,spacer,20,TGAATTGAAGCACTTTAACAGCATTTTCCG,Prevotella intermedia,0.3,0.2,0.1667,0.3333
ea636846-0648-4c7a-997d-993edc2848be,945b3dc4-998e-499f-a128-cbdda314507c,spacer,1,AATTAGGTTTCCCGCTTGCAATTCCAGCAA,Prevotella intermedia,0.2667,0.2667,0.1667,0.3
4f39123e-bf38-4cc0-8a2f-9f80ae9130fe,945b3dc4-998e-499f-a128-cbdda314507c,spacer,2,AAGCTTTCCCGTTTTTTTATTCACCCACTT,Prevotella intermedia,0.1667,0.3,0.0667,0.4667
52a1e7f9-f3df-49fd-a530-12817c5f299f,945b3dc4-998e-499f-a128-cbdda314507c,spacer,3,TATTTTCGTCTTATCTCATTAATGGTCATG,Prevotella intermedia,0.2,0.1667,0.1333,0.5
b1d851e6-eb67-469f-8ed3-90ca96efb791,945b3dc4-998e-499f-a128-cbdda314507c,spacer,4,AGTTTACTACTGCTTTCTCTCCTGTTTTTA,Prevotella intermedia,0.1333,0.2333,0.1,0.5333
ad4549fa-4370-42a1-bffa-c9429ecf4da5,945b3dc4-998e-499f-a128-cbdda314507c,spacer,5,GTGTTAGGCGCAAGTGTCAATCTAAGGCGT,Prevotella intermedia,0.2333,0.1667,0.3333,0.2667
bd06ecdf-0a81-4605-b94f-dbe8cee38d1a,945b3dc4-998e-499f-a128-cbdda314507c,spacer,6,CTTCTATCTGTTTGCTTAAATTAGAATTT,Prevotella intermedia,0.2414,0.1379,0.1034,0.5172
6a4ca2fb-d055-49c2-9acf-6c4f11fd0f26,945b3dc4-998e-499f-a128-cbdda314507c,spacer,7,ACTTTCTTATTGAATGACTTGCATGCTTCA,Prevotella intermedia,0.2333,0.2,0.1333,0.4333
8cdf13de-b66f-49b9-b47d-c892b7147399,945b3dc4-998e-499f-a128-cbdda314507c,spacer,8,GAATCTTTCATAGAAATATCTCTATTTAA,Prevotella intermedia,0.3793,0.1379,0.069,0.4138
4ecb2a1f-88bb-479a-98f2-ed990c68cb49,945b3dc4-998e-499f-a128-cbdda314507c,spacer,9,CAGTACCAGTGCCCTCTGATGGAGTACCGT,Prevotella intermedia,0.2,0.3,0.2667,0.2333
505c6b0d-0c8f-4f75-b5c5-a6bd61a1f245,945b3dc4-998e-499f-a128-cbdda314507c,spacer,10,GCTTCAATGCTTCGGTGTTGCGATTGGCAA,Prevotella intermedia,0.1667,0.2,0.3,0.3333
5b9449e0-ecf8-4de8-808f-196f40201c49,945b3dc4-998e-499f-a128-cbdda314507c,spacer,11,TTATTACCCCTTTCGCTTCCATTCTATGAA,Prevotella intermedia,0.2,0.3,0.0667,0.4333
b5f6ae39-14e0-44d7-82e9-5baa9044f728,945b3dc4-998e-499f-a128-cbdda314507c,spacer,12,ATCTATACTTGTTCACGCAAGAAATAGCAC,Prevotella intermedia,0.3667,0.2333,0.1333,0.2667
6ad1b143-3990-43a3-998e-f4a94d8fcefd,945b3dc4-998e-499f-a128-cbdda314507c,spacer,13,TTATCTCTCAATATCTGGATAAAGAGAATG,Prevotella intermedia,0.3667,0.1333,0.1667,0.3333
8f5654fb-3185-40e1-849a-b3fa328475c1,945b3dc4-998e-499f-a128-cbdda314507c,spacer,14,TGAGAAAGAGGTCGCAACTGATTGACTACC,Prevotella intermedia,0.3333,0.2,0.2667,0.2
109a13aa-62ea-4e8f-91b4-61e6bd1f403b,945b3dc4-998e-499f-a128-cbdda314507c,spacer,15,GCCTCTGCATTCTTAGTAATAAACTCTTTC,Prevotella intermedia,0.2333,0.2667,0.1,0.4
a4389d98-dccc-4397-a68b-60e0657b5595,945b3dc4-998e-499f-a128-cbdda314507c,spacer,16,GTCTTGCTTGCCATTTGCTGGCACGATGT,Prevotella intermedia,0.1034,0.2414,0.2759,0.3793
02ce690e-0599-42db-a9a5-7920a18df700,945b3dc4-998e-499f-a128-cbdda314507c,spacer,17,ACTACCACCGTATCTAACGTGTAGTTATT,Prevotella intermedia,0.2759,0.2414,0.1379,0.3448
e5c6769f-80c2-4fbb-b3b0-123b9d88b55d,945b3dc4-998e-499f-a128-cbdda314507c,spacer,18,TAATAATTTTTTCATAATTTATCTTTTTTA,Prevotella intermedia,0.3,0.0667,0.0,0.6333
5acf39b0-859f-4314-8089-eefee91854e6,945b3dc4-998e-499f-a128-cbdda314507c,spacer,19,TCCCTCCCGATAGTATAGGTTCAGTTTCG,Prevotella intermedia,0.1724,0.2759,0.2069,0.3448
5d38ef07-d1aa-48b5-b33c-b373f2ac1924,945b3dc4-998e-499f-a128-cbdda314507c,spacer,20,TTTATTTATCGGGTATTTCTGAGCTTAAAC,Prevotella intermedia,0.2333,0.1333,0.1667,0.4667
0364e01a-965c-4b58-b09c-750ff803c671,78346abf-aecf-40e8-9c87-661162952327,spacer,1,ATTTTTTCACCTATAAGATTTACATCTTCA,Prevotella pectinovora,0.3,0.2,0.0333,0.4667
77ea020d-9366-4da3-add6-2b9ca6c38f72,78346abf-aecf-40e8-9c87-661162952327,spacer,2,AGGTTGAACATGTTTTTATAGGCATAACGC,Prevotella pectinovora,0.3,0.1333,0.2333,0.3333
0dc80933-90d7-4143-92d6-b626c254a19e,78346abf-aecf-40e8-9c87-661162952327,spacer,3,CACCAATGATTTCTTTTCCATGATTGTAAC,Prevotella pectinovora,0.2667,0.2333,0.1,0.4
572d304e-117a-467b-90ac-2c3195ca24b1,78346abf-aecf-40e8-9c87-661162952327,spacer,4,CCTCTTTGAACATACCTCTCTTTGCTGTTC,Prevotella pectinovora,0.1333,0.3333,0.1,0.4333
e433a7f4-f59c-418f-b0d0-7dcd8893c061,78346abf-aecf-40e8-9c87-661162952327,spacer,5,CACAGAGTGCGTATACCATTTGTACGTTTT,Prevotella pectinovora,0.2333,0.2,0.2,0.3667
70b9b1af-abcd-4b48-b2b2-23013e003eac,78346abf-aecf-40e8-9c87-661162952327,spacer,6,TGCTTTCTGCAGATTCTCATACTCTGAATC,Prevotella pectinovora,0.2,0.2667,0.1333,0.4
74f02e38-c247-4287-af9a-f9c4f066f697,78346abf-aecf-40e8-9c87-661162952327,spacer,7,AAATTGTTATTAATAAGTTTATGATAAATT,Prevotella pectinovora,0.4333,0.0,0.1,0.4667
c94337f4-c059-43bb-ab1a-8870f109eedb,78346abf-aecf-40e8-9c87-661162952327,spacer,8,ATACATCGATTATTAACTCTGCTTGTTTTT,Prevotella pectinovora,0.2333,0.1667,0.1,0.5
edf3b167-345a-4a73-a6c0-be8333e819fa,78346abf-aecf-40e8-9c87-661162952327,spacer,9,TAAAATGCGAAGAATGCAATACCACTAATA,Prevotella pectinovora,0.5,0.1667,0.1333,0.2
b8dde526-fbe1-46da-a246-28fe4387e5dd,78346abf-aecf-40e8-9c87-661162952327,spacer,10,GTCATGAACACCTTGCCGACTTCGGTTATC,Prevotella pectinovora,0.2,0.3,0.2,0.3
1156f038-643a-449c-81ea-a4f478382d4f,78346abf-aecf-40e8-9c87-661162952327,spacer,11,GATGCAAGAGATACACCTACAATGTTTCAA,Prevotella pectinovora,0.4,0.2,0.1667,0.2333
0c7a14b8-df47-4d8e-87d6-b358b89cbd69,45877d7c-09d9-49f1-abf5-3d6b085b62d6,spacer,1,AAAACGTGTAAAATTATGAACAATTTCAAC,Prevotella pectinovora,0.5,0.1333,0.1,0.2667
3e0a0dcc-b18c-43f8-a8c3-f8d31acba2a9,45877d7c-09d9-49f1-abf5-3d6b085b62d6,spacer,2,TTATGAGTAAAAATAATCCTACTAAAGCTG,Prevotella pectinovora,0.4333,0.1333,0.1333,0.3
55dbf106-9061-4301-9bb7-31e3d1384684,45877d7c-09d9-49f1-abf5-3d6b085b62d6,spacer,3,ACCTCTTAATATATAGCTTTAAGCTTATAC,Prevotella pectinovora,0.3333,0.2,0.0667,0.4
d10d5c57-bfed-49d3-b57a-1c30b17883e6,45877d7c-09d9-49f1-abf5-3d6b085b62d6,spacer,4,CCGAATTATTATTAGCATTCCTTTGCCTA,Prevotella pectinovora,0.2414,0.2414,0.1034,0.4138
38e54115-d141-4dad-933f-745178b2dce9,45877d7c-09d9-49f1-abf5-3d6b085b62d6,spacer,5,CCGAATTATTATTAGCATTCCTTTGCCTA,Prevotella pectinovora,0.2414,0.2414,0.1034,0.4138
bff69fa4-04a9-42cb-b364-65f40cf3f0cd,45877d7c-09d9-49f1-abf5-3d6b085b62d6,spacer,6,AGAATTAAATACATTGCGCCACCAGCTAGC,Prevotella pectinovora,0.3667,0.2667,0.1667,0.2
a5c84bcb-5ce8-493b-9bfc-a867f5d8fcf6,45877d7c-09d9-49f1-abf5-3d6b085b62d6,spacer,7,CAAATGCTTTTGGCTATGAAACCAAAACAA,Prevotella pectinovora,0.4333,0.2,0.1333,0.2333
f34640cc-228e-4626-a231-49cd45f4a852,45877d7c-09d9-49f1-abf5-3d6b085b62d6,spacer,8,TTCACACATTGACGGTGTTACTGTCAATAT,Prevotella pectinovora,0.2667,0.2,0.1667,0.3667
a0df21da-3b10-40fb-bcd5-8fd65140a169,45877d7c-09d9-49f1-abf5-3d6b085b62d6,spacer,9,TATAATGGAGGACATTATTATGAAAATCCT,Prevotella pectinovora,0.4,0.1,0.1667,0.3333
f0268c41-ba46-4567-a440-50fbad661ee9,45877d7c-09d9-49f1-abf5-3d6b085b62d6,spacer,10,GTGTGCAAGAAATAGGCACAATGTTTCACG,Prevotella pectinovora,0.3333,0.1667,0.2667,0.2333
3f3cde79-aa10-4103-9242-8a73a4c5605a,6e724c23-d600-452d-9ed0-53e1618a5d04,spacer,1,GCCGAAGCGTTGAGACTGGCGGCAGACCA,Segatella buccae,0.2414,0.2759,0.3793,0.1034
f9b2ea9b-876e-46bc-b08e-8e988b65d82d,6e724c23-d600-452d-9ed0-53e1618a5d04,spacer,2,TGTAGCAATCGGTGAGGCTGTCTATGAAT,Segatella buccae,0.2414,0.1379,0.3103,0.3103
92cb5294-c49b-4599-90ac-edf77e812645,6e724c23-d600-452d-9ed0-53e1618a5d04,spacer,3,ATGTAAGTTATCCTAAAAATTCCACGACAC,Segatella buccae,0.4,0.2333,0.1,0.2667
4d536d0b-5384-4a32-b3cf-1e11a2d458fd,6e724c23-d600-452d-9ed0-53e1618a5d04,spacer,4,AGTCATTTTTGTTTTATGTCGGATGGCTCA,Segatella buccae,0.1667,0.1333,0.2333,0.4667
f9565360-e5d9-43a2-9722-e0c54486f81f,6e724c23-d600-452d-9ed0-53e1618a5d04,spacer,5,CATAGAGCAGCTCCTTCTCTTTTTTGACA,Segatella buccae,0.2069,0.2759,0.1379,0.3793
5c4f0f77-9c25-4fc6-a7d9-89a3bcbecaa1,6e724c23-d600-452d-9ed0-53e1618a5d04,spacer,6,TGGTCACCACACATGCTCCTATGGTAATGA,Segatella buccae,0.2667,0.2667,0.2,0.2667
623d759d-b13a-453f-92e0-88946bcc2de2,6e724c23-d600-452d-9ed0-53e1618a5d04,spacer,7,TTCCACATAATAGAAAATCTAAATGGTGCA,Segatella buccae,0.4333,0.1667,0.1333,0.2667
be6ce5e0-d8c1-42e4-9995-9d1e7347013c,6e724c23-d600-452d-9ed0-53e1618a5d04,spacer,8,ACAGGCGCACACCTTCATTTTGAGACCAGG,Segatella buccae,0.2667,0.3,0.2333,0.2
ab44fd86-1361-493b-b077-6478de68eeff,6e724c23-d600-452d-9ed0-53e1618a5d04,spacer,9,CGCTCATACTTGACATAGAAGCTGTTGACC,Segatella buccae,0.2667,0.2667,0.2,0.2667
9100f501-28b9-4721-b28d-a0afaaa5cf5c,e704728c-e792-48a8-8d98-287345387832,spacer,1,GGGCAGACAAGACGGAATGAACCGCATCCG,Segatella buccae,0.3333,0.2667,0.3333,0.0667
7e2ba354-6318-4652-9445-96f523c1251a,e704728c-e792-48a8-8d98-287345387832,spacer,2,TGAAGGGGATGCAGGTGACACCCAATGCG,Segatella buccae,0.2759,0.2069,0.3793,0.1379
4d88e0be-c9ff-462a-85b9-9577df518d82,e704728c-e792-48a8-8d98-287345387832,spacer,3,TAAAGGCACCACATATATCTGGCTGGATAG,Segatella buccae,0.3333,0.2,0.2333,0.2333
9a9a1a3e-b606-469b-8714-67970c5108cc,e704728c-e792-48a8-8d98-287345387832,spacer,4,TTGCCACCGACGACACCGTGAGGATAAATT,Segatella buccae,0.3,0.2667,0.2333,0.2
2db7376a-4820-4c39-a359-7991853f7411,e704728c-e792-48a8-8d98-287345387832,spacer,5,AAGCTGACTCATAGGTTCAATATTTCACTA,Segatella buccae,0.3333,0.2,0.1333,0.3333
e867699d-a14f-435f-b2f6-019b7d2b65a6,e704728c-e792-48a8-8d98-287345387832,spacer,6,CCGAAGAGGGGAACAACGAACACAAAACAG,Segatella buccae,0.5,0.2333,0.2667,0.0
e107f4f5-4d4b-4777-9ca5-66238202d307,e704728c-e792-48a8-8d98-287345387832,spacer,7,GATTAGTGGAAATAATTACAGTTACATGTA,Segatella buccae,0.4,0.0667,0.2,0.3333
e4ca2a88-80b8-4762-b681-794c761fe77f,e704728c-e792-48a8-8d98-287345387832,spacer,8,AATCGGGCGTGTCCATAAATTCGGCATTGA,Segatella buccae,0.2667,0.2,0.2667,0.2667
33c9fe9e-fda0-415c-a534-6caceaa718b6,e704728c-e792-48a8-8d98-287345387832,spacer,9,TATACCGATTTGTCGCGGTTTGAGATTTTA,Segatella buccae,0.2,0.1333,0.2333,0.4333
4b42bcb3-65a5-4731-a8a2-2f5ae30d12c9,e704728c-e792-48a8-8d98-287345387832,spacer,10,TCGTGAAACTTCCTCAATGTCTCTCTGAC,Segatella buccae,0.2069,0.3103,0.1379,0.3448
1e01ddb0-efa2-4b9e-9217-4ed160d762b1,e704728c-e792-48a8-8d98-287345387832,spacer,11,GAATCCGTCGTTGAAGTCCATATTGTAGAA,Segatella buccae,0.3,0.1667,0.2333,0.3
4b445b01-f475-4d9f-bf03-fca7896b162b,e704728c-e792-48a8-8d98-287345387832,spacer,12,CGTAGTCTATATCGTCTGAATCATCACTGC,Segatella buccae,0.2333,0.2667,0.1667,0.3333
73c07ae5-d2a0-4f22-9409-cdf515b699fa,e704728c-e792-48a8-8d98-287345387832,spacer,13,AAAGTCTATCAAGGACTTCATCTTTGGTTT,Segatella buccae,0.2667,0.1667,0.1667,0.4
39dac596-05f3-4544-9418-b1b4f524a9d0,e704728c-e792-48a8-8d98-287345387832,spacer,14,TTGTCACATCGCTAAATCCATTCAACCCTG,Segatella buccae,0.2667,0.3333,0.1,0.3
ca4a7717-62e2-4f0a-84dd-ab9be016ed43,e704728c-e792-48a8-8d98-287345387832,spacer,15,CGTCAACTTCCTGCATCCCATGGCCCAAT,Segatella buccae,0.2069,0.4138,0.1379,0.2414
ae9908ec-2b59-4996-82b6-8d306c7b4902,e704728c-e792-48a8-8d98-287345387832,spacer,16,GCCTACGTGATATTGAAAGATGGAAATGTT,Segatella buccae,0.3333,0.1,0.2667,0.3
84cfeff5-15b8-4b80-9054-effde718f23d,709c6857-0e8e-4d07-9a9f-61f460e6ef7d,spacer,1,TAAGTCTGAAGAATGGAATACCATGCGTAA,Segatella buccae,0.4,0.1333,0.2333,0.2333
56f1a2ce-07d7-4026-b96c-df8c2bd5f202,709c6857-0e8e-4d07-9a9f-61f460e6ef7d,spacer,2,ATAGTGATCGGATGGGCCAAGAATCTCGGC,Segatella buccae,0.2667,0.2,0.3333,0.2
b25f6e1b-0728-4a3b-a4b8-44745a33b3f3,709c6857-0e8e-4d07-9a9f-61f460e6ef7d,spacer,3,TAATCTTACCAAATGGTTTCTTTTGGACTG,Segatella buccae,0.2333,0.1667,0.1667,0.4333
182b7cd6-3bc0-4c3c-a380-0165a8785f74,709c6857-0e8e-4d07-9a9f-61f460e6ef7d,spacer,4,CGACGGATGTTATCTTTATCCGGTCTGCCT,Segatella buccae,0.1333,0.2667,0.2333,0.3667
d8b71efb-33fc-41d2-903a-64c6448be62d,709c6857-0e8e-4d07-9a9f-61f460e6ef7d,spacer,5,CAATCATTTCGCAAACCCATTCGGAAACGT,Segatella buccae,0.3333,0.3,0.1333,0.2333
c0c645dd-c52f-4fd9-a0cc-c7f2bee51a4a,709c6857-0e8e-4d07-9a9f-61f460e6ef7d,spacer,6,TATTTTATGTGGTGTTTTCAATTGTTATT,Segatella buccae,0.1724,0.0345,0.1724,0.6207
2727568d-29af-4d4f-9a49-94446c128c66,709c6857-0e8e-4d07-9a9f-61f460e6ef7d,spacer,7,TGGGTGTAGGGCAGACAACTTTGGTGTTGC,Segatella buccae,0.1667,0.1333,0.4,0.3
75912d09-09bd-4773-9880-be787a9f0dcc,709c6857-0e8e-4d07-9a9f-61f460e6ef7d,spacer,8,GAAAAATGTGGATTTAAAGTATTGCTCAAC,Segatella buccae,0.4,0.1,0.2,0.3
442ae2e6-6a8a-4603-bdab-669d118c91f3,709c6857-0e8e-4d07-9a9f-61f460e6ef7d,spacer,9,AACTGCTGATTATCATCGGAATGGTTGCCG,Segatella buccae,0.2333,0.2,0.2667,0.3
1010faab-b8da-42ed-8a48-6439d0effec2,709c6857-0e8e-4d07-9a9f-61f460e6ef7d,spacer,10,AATTATGAGATGATGGAGGTGCATCAACA,Segatella buccae,0.3793,0.1034,0.2759,0.2414
6532c7db-ff6f-49c5-8dbd-e5567cc99626,304b6ef0-a031-46e0-8f6f-f91ee9fddeca,spacer,1,CCTTAGCATATATAGATGCCAATAATTCAA,Segatella buccae,0.4,0.2,0.1,0.3
e449e70f-f9ef-4009-9b8c-9146075785e6,304b6ef0-a031-46e0-8f6f-f91ee9fddeca,spacer,2,CGTTTTGAGTCGTTTTCCTTTTGGTGCAAG,Segatella buccae,0.1,0.1667,0.2667,0.4667
1c578f97-6701-4fc0-8d0c-77298db198e9,304b6ef0-a031-46e0-8f6f-f91ee9fddeca,spacer,3,TCATTGAATCAATTATTGCGCCTGCAACGC,Segatella buccae,0.2667,0.2667,0.1667,0.3
b649240f-4d3b-44be-b656-e4ffe6359a56,304b6ef0-a031-46e0-8f6f-f91ee9fddeca,spacer,4,AGATGATTGTTGTATTGATGGTTTTCATG,Segatella buccae,0.2069,0.0345,0.2759,0.4828
5d827851-02f6-4721-8557-3c57e902a3b8,304b6ef0-a031-46e0-8f6f-f91ee9fddeca,spacer,5,GTACTACAGTTACGATATTTTTACCTATCG,Segatella buccae,0.2667,0.2,0.1333,0.4
cb9e6773-0fa3-4651-8bc0-f30d183b1aac,304b6ef0-a031-46e0-8f6f-f91ee9fddeca,spacer,6,ACCTCCTTAGTAGAGGATTTGGACTTCTCA,Segatella buccae,0.2333,0.2333,0.2,0.3333
e5bb12c0-98f1-46ae-9e80-f4ac5fa9b615,304b6ef0-a031-46e0-8f6f-f91ee9fddeca,spacer,7,CATACTTCTAAGGTATCAAAGGCACCTATC,Segatella buccae,0.3333,0.2667,0.1333,0.2667
866c46f0-1cb2-4c21-99a6-e74868d33575,304b6ef0-a031-46e0-8f6f-f91ee9fddeca,spacer,8,GTCCTCTGAAGGCTTAGAATTGGCTGTAG,Segatella buccae,0.2069,0.1724,0.3103,0.3103
5f855f8a-19f7-4eb8-a008-8490556785e6,8147a3b9-7049-4088-b8fd-2e5de740ebd5,spacer,1,CGCTCATACTTGACATAGAAGCTGTTGACC,Segatella buccae,0.2667,0.2667,0.2,0.2667
ba28e277-2988-4487-b39b-f24d563d74a8,8147a3b9-7049-4088-b8fd-2e5de740ebd5,spacer,2,TTCCACATAATAGAAAATCTAAATGGTGCA,Segatella buccae,0.4333,0.1667,0.1333,0.2667
296883f5-8fb4-4051-b2ad-f7c18f0bed2e,8147a3b9-7049-4088-b8fd-2e5de740ebd5,spacer,3,TGGTCACCACACATGCTCCTATGGTAATGA,Segatella buccae,0.2667,0.2667,0.2,0.2667
9735f515-491c-4c82-97e0-6e55eacda060,8147a3b9-7049-4088-b8fd-2e5de740ebd5,spacer,4,CATAGAGCAGCTCCTTCTCTTTTTTGACA,Segatella buccae,0.2069,0.2759,0.1379,0.3793
20739806-271f-4a9b-91f8-1e6b943d3ee0,8147a3b9-7049-4088-b8fd-2e5de740ebd5,spacer,5,ATGTAAGTTATCCTAAAAATTCCACGACAC,Segatella buccae,0.4,0.2333,0.1,0.2667
b46ae295-f1fb-433e-9074-aafd3f0f0375,8147a3b9-7049-4088-b8fd-2e5de740ebd5,spacer,6,TGTAGCAATCGGTGAGGCTGTCTATGAAT,Segatella buccae,0.2414,0.1379,0.3103,0.3103
2076c679-4a61-40bf-ac82-a0a58e02633a,8147a3b9-7049-4088-b8fd-2e5de740ebd5,spacer,7,GCCGAAGCGTTGAGACTGGCGGCAGACCA,Segatella buccae,0.2414,0.2759,0.3793,0.1034
